customer_id,name,email,age,country,registration_date,age_group,total_spent,avg_order_value,order_count,last_order_date
1,Customer_1,customer1@example.com,58,USA,2025-10-09 11:49:09.857979,51+,42796.06,8559.212,5.0,2025-10-20 11:49:12.370361
2,Customer_2,customer2@example.com,65,Canada,2025-02-26 11:49:09.857979,51+,66239.33,13247.866,5.0,2025-08-22 11:49:09.978764
3,Customer_3,customer3@example.com,32,UK,2025-07-22 11:49:09.857979,26-35,12280.59,4093.53,3.0,2025-07-22 11:49:11.175173
4,Customer_4,customer4@example.com,61,Australia,2024-04-24 11:49:09.857979,51+,69997.51,8749.68875,8.0,2025-07-15 11:49:13.728578
5,Customer_5,customer5@example.com,23,France,2024-08-28 11:49:09.857979,18-25,26825.37,6706.3425,4.0,2025-11-03 11:49:14.073689
6,Customer_6,customer6@example.com,20,USA,2025-07-31 11:49:09.857979,18-25,59643.17,5422.106363636363,11.0,2025-09-09 11:49:12.809345
7,Customer_7,customer7@example.com,31,UK,2024-06-04 11:49:09.857979,26-35,16467.8,8233.9,2.0,2025-07-31 11:49:13.173280
8,Customer_8,customer8@example.com,56,USA,2024-04-08 11:49:09.857979,51+,121173.81,9321.062307692308,13.0,2025-10-26 11:49:16.489407
9,Customer_9,customer9@example.com,30,Australia,2024-01-08 11:49:09.857979,26-35,23886.47,5971.6175,4.0,2025-02-12 11:49:11.085371
10,Customer_10,customer10@example.com,62,France,2024-08-31 11:49:09.857979,51+,37532.89,9383.2225,4.0,2025-07-14 11:49:16.508405
11,Customer_11,customer11@example.com,32,Germany,2024-03-10 11:49:09.857979,26-35,84639.22,8463.922,10.0,2025-07-31 11:49:16.333205
12,Customer_12,customer12@example.com,35,USA,2025-05-24 11:49:09.857979,26-35,30096.510000000002,10032.17,3.0,2025-07-31 11:49:16.350261
13,Customer_13,customer13@example.com,62,Germany,2024-11-20 11:49:09.857979,51+,57717.32,11543.464,5.0,2025-10-29 11:49:15.054262
14,Customer_14,customer14@example.com,35,UK,2025-03-28 11:49:09.857979,26-35,48430.369999999995,8071.728333333333,6.0,2025-09-19 11:49:16.544416
15,Customer_15,customer15@example.com,79,Canada,2025-07-22 11:49:09.857979,51+,44162.28,8832.456,5.0,2025-10-24 11:49:14.596761
16,Customer_16,customer16@example.com,23,Germany,2025-07-27 11:49:09.857979,18-25,67994.67,6181.333636363636,11.0,2025-10-28 11:49:15.590566
17,Customer_17,customer17@example.com,40,Canada,2024-02-24 11:49:09.857979,36-50,60300.42,8614.345714285713,7.0,2025-09-15 11:49:13.377455
18,Customer_18,customer18@example.com,34,USA,2024-07-21 11:49:09.857979,26-35,63873.54,12774.708,5.0,2025-07-08 11:49:10.409272
19,Customer_19,customer19@example.com,52,USA,2024-10-12 11:49:09.857979,51+,,,,
20,Customer_20,customer20@example.com,23,France,2025-01-07 11:49:09.857979,18-25,39191.27,6531.878333333333,6.0,2025-09-12 11:49:14.311998
21,Customer_21,customer21@example.com,71,Australia,2024-02-09 11:49:09.857979,51+,35494.56,4436.82,8.0,2025-09-02 11:49:11.487375
22,Customer_22,customer22@example.com,74,Canada,2024-03-22 11:49:09.857979,51+,85555.23000000001,14259.205000000002,6.0,2025-10-13 11:49:16.642347
23,Customer_23,customer23@example.com,30,Australia,2025-08-24 11:49:09.857979,26-35,36735.71,9183.9275,4.0,2025-10-15 11:49:10.379245
24,Customer_24,customer24@example.com,20,Australia,2025-03-15 11:49:09.857979,18-25,90451.84,8222.894545454545,11.0,2025-05-26 11:49:12.751608
25,Customer_25,customer25@example.com,67,Canada,2025-08-14 11:49:09.857979,51+,38399.28,7679.856,5.0,2025-07-03 11:49:09.991806
26,Customer_26,customer26@example.com,72,UK,2025-07-23 11:49:09.857979,51+,39034.409999999996,13011.47,3.0,2025-11-02 11:49:15.098970
27,Customer_27,customer27@example.com,42,Canada,2024-07-27 11:49:09.857979,36-50,78563.58,11223.368571428571,7.0,2025-09-26 11:49:14.651791
28,Customer_28,customer28@example.com,58,Canada,2025-05-21 11:49:09.857979,51+,,,,
29,Customer_29,customer29@example.com,41,Canada,2025-04-03 11:49:09.857979,36-50,68500.23,11416.705,6.0,2025-10-15 11:49:15.374156
30,Customer_30,customer30@example.com,60,Canada,2023-11-16 11:49:09.857979,51+,15545.189999999999,5181.73,3.0,2025-10-24 11:49:11.403593
31,Customer_31,customer31@example.com,77,Australia,2024-01-10 11:49:09.857979,51+,56680.69,8097.2414285714285,7.0,2025-08-03 11:49:14.489059
32,Customer_32,customer32@example.com,22,France,2024-01-23 11:49:09.857979,18-25,26465.75,5293.15,5.0,2025-09-06 11:49:10.424629
33,Customer_33,customer33@example.com,28,France,2025-02-26 11:49:09.857979,26-35,59706.12,11941.224,5.0,2025-09-18 11:49:15.292394
34,Customer_34,customer34@example.com,28,Germany,2024-10-11 11:49:09.857979,26-35,29845.56,9948.52,3.0,2025-07-24 11:49:14.989308
35,Customer_35,customer35@example.com,35,Australia,2023-11-30 11:49:09.857979,26-35,65236.31,9319.472857142857,7.0,2025-08-13 11:49:12.562010
36,Customer_36,customer36@example.com,53,UK,2023-12-03 11:49:09.857979,51+,38713.47,9678.3675,4.0,2025-09-14 11:49:16.282300
37,Customer_37,customer37@example.com,38,USA,2025-03-14 11:49:09.857979,36-50,33050.22,11016.74,3.0,2025-07-10 11:49:13.499435
38,Customer_38,customer38@example.com,70,USA,2024-12-15 11:49:09.857979,51+,7933.47,1983.3675,4.0,2025-08-12 11:49:12.594221
39,Customer_39,customer39@example.com,43,Canada,2025-08-28 11:49:09.857979,36-50,39409.04,13136.346666666666,3.0,2025-11-02 11:49:11.696838
40,Customer_40,customer40@example.com,31,France,2024-12-16 11:49:09.857979,26-35,24156.83,12078.415,2.0,2025-09-16 11:49:12.426727
41,Customer_41,customer41@example.com,31,Australia,2024-06-10 11:49:09.857979,26-35,87133.28,10891.66,8.0,2025-10-02 11:49:11.323286
42,Customer_42,customer42@example.com,43,Australia,2024-07-22 11:49:09.857979,36-50,51330.8,8555.133333333333,6.0,2025-10-07 11:49:13.739584
43,Customer_43,customer43@example.com,27,Canada,2025-06-14 11:49:09.857979,26-35,52421.03,7488.7185714285715,7.0,2025-09-24 11:49:12.924286
44,Customer_44,customer44@example.com,33,Australia,2024-04-08 11:49:09.857979,26-35,40746.51,6791.085,6.0,2025-09-22 11:49:13.264887
45,Customer_45,customer45@example.com,52,Canada,2024-03-15 11:49:09.857979,51+,16735.64,5578.546666666666,3.0,2025-07-14 11:49:11.706835
46,Customer_46,customer46@example.com,45,France,2024-09-21 11:49:09.857979,36-50,17536.62,4384.155,4.0,2025-09-05 11:49:14.046225
47,Customer_47,customer47@example.com,41,UK,2025-06-15 11:49:09.857979,36-50,26017.2,8672.4,3.0,2025-09-19 11:49:11.951873
48,Customer_48,customer48@example.com,50,Germany,2025-08-02 11:49:09.857979,36-50,29659.85,5931.969999999999,5.0,2025-10-03 11:49:14.359007
49,Customer_49,customer49@example.com,66,USA,2025-07-14 11:49:09.857979,51+,38464.729999999996,7692.945999999999,5.0,2025-10-11 11:49:14.205271
50,Customer_50,customer50@example.com,27,Australia,2025-05-24 11:49:09.857979,26-35,51911.92,10382.384,5.0,2025-10-22 11:49:16.192787
51,Customer_51,customer51@example.com,68,Australia,2024-08-28 11:49:09.857979,51+,2990.0,2990.0,1.0,2025-07-20 11:49:14.279097
52,Customer_52,customer52@example.com,56,USA,2024-10-05 11:49:09.857979,51+,57046.259999999995,11409.251999999999,5.0,2025-08-05 11:49:10.414537
53,Customer_53,customer53@example.com,42,France,2024-07-12 11:49:09.857979,36-50,31292.739999999998,7823.1849999999995,4.0,2025-09-21 11:49:14.465042
54,Customer_54,customer54@example.com,51,Canada,2024-04-16 11:49:09.857979,51+,92274.51,10252.723333333333,9.0,2025-11-02 11:49:10.814686
55,Customer_55,customer55@example.com,73,USA,2023-12-08 11:49:09.857979,51+,4943.19,4943.19,1.0,2025-01-11 11:49:13.590756
56,Customer_56,customer56@example.com,64,USA,2023-12-06 11:49:09.857979,51+,42919.66,7153.276666666668,6.0,2025-07-08 11:49:16.238691
57,Customer_57,customer57@example.com,74,France,2025-02-03 11:49:09.857979,51+,27908.870000000003,9302.956666666667,3.0,2025-06-12 11:49:15.738098
58,Customer_58,customer58@example.com,67,Australia,2024-11-20 11:49:09.857979,51+,52321.25,10464.25,5.0,2025-05-04 11:49:13.273885
59,Customer_59,customer59@example.com,25,Canada,2024-08-15 11:49:09.857979,18-25,76336.83,12722.805,6.0,2025-09-24 11:49:15.324412
60,Customer_60,customer60@example.com,28,Germany,2025-10-31 11:49:09.857979,26-35,6559.78,6559.78,1.0,2025-08-08 11:49:12.073012
61,Customer_61,customer61@example.com,79,Australia,2025-02-07 11:49:09.857979,51+,57279.03,11455.806,5.0,2025-10-10 11:49:13.518430
62,Customer_62,customer62@example.com,80,France,2025-05-05 11:49:09.857979,51+,38974.98,6495.830000000001,6.0,2025-06-30 11:49:10.400260
63,Customer_63,customer63@example.com,50,USA,2024-02-02 11:49:09.857979,36-50,21296.41,4259.282,5.0,2025-10-28 11:49:11.651006
64,Customer_64,customer64@example.com,37,Australia,2024-06-02 11:49:09.857979,36-50,17682.83,8841.415,2.0,2025-09-27 11:49:13.623760
65,Customer_65,customer65@example.com,56,UK,2025-05-31 11:49:09.857979,51+,110685.51,8514.27,13.0,2025-08-10 11:49:11.911478
66,Customer_66,customer66@example.com,41,UK,2024-04-30 11:49:09.857979,36-50,24361.82,8120.606666666667,3.0,2025-05-23 11:49:13.688580
67,Customer_67,customer67@example.com,79,France,2025-11-03 11:49:09.857979,51+,17052.04,5684.013333333333,3.0,2025-11-03 11:49:14.422362
68,Customer_68,customer68@example.com,56,Canada,2024-06-21 11:49:09.857979,51+,19343.2,6447.733333333334,3.0,2025-09-04 11:49:12.124105
69,Customer_69,customer69@example.com,19,USA,2024-10-28 11:49:09.857979,18-25,44618.36,8923.672,5.0,2025-10-07 11:49:16.279067
70,Customer_70,customer70@example.com,74,Canada,2025-03-03 11:49:09.857979,51+,39191.07,7838.214,5.0,2025-05-24 11:49:12.545194
71,Customer_71,customer71@example.com,21,UK,2024-04-02 11:49:09.857979,18-25,60787.01,7598.37625,8.0,2025-09-30 11:49:13.027996
72,Customer_72,customer72@example.com,78,USA,2025-08-08 11:49:09.857979,51+,11326.64,11326.64,1.0,2025-08-11 11:49:13.548554
73,Customer_73,customer73@example.com,64,Germany,2025-08-25 11:49:09.857979,51+,35368.13,7073.625999999999,5.0,2025-06-15 11:49:16.532425
74,Customer_74,customer74@example.com,80,France,2025-06-28 11:49:09.857979,51+,34067.2,11355.733333333332,3.0,2025-10-06 11:49:10.494283
75,Customer_75,customer75@example.com,26,Australia,2024-07-05 11:49:09.857979,26-35,75512.98,7551.298,10.0,2025-09-13 11:49:11.992598
76,Customer_76,customer76@example.com,78,France,2025-05-18 11:49:09.857979,51+,34375.21,17187.605,2.0,2025-04-06 11:49:16.635356
77,Customer_77,customer77@example.com,34,France,2024-02-21 11:49:09.857979,26-35,37838.45,7567.69,5.0,2025-05-15 11:49:13.295875
78,Customer_78,customer78@example.com,45,UK,2024-04-30 11:49:09.857979,36-50,77353.73000000001,11050.532857142858,7.0,2025-09-19 11:49:16.617361
79,Customer_79,customer79@example.com,66,Australia,2023-11-28 11:49:09.857979,51+,22061.21,7353.736666666667,3.0,2025-03-05 11:49:12.358368
80,Customer_80,customer80@example.com,30,Australia,2024-12-19 11:49:09.857979,26-35,36675.44,7335.088000000001,5.0,2025-09-25 11:49:14.305997
81,Customer_81,customer81@example.com,43,Australia,2024-01-08 11:49:09.857979,36-50,71046.57,7894.063333333334,9.0,2025-10-23 11:49:14.244263
82,Customer_82,customer82@example.com,41,Germany,2024-05-23 11:49:09.857979,36-50,,,,
83,Customer_83,customer83@example.com,46,USA,2025-02-23 11:49:09.857979,36-50,20637.47,5159.3675,4.0,2025-11-02 11:49:14.712625
84,Customer_84,customer84@example.com,32,USA,2024-11-22 11:49:09.857979,26-35,9475.66,4737.83,2.0,2025-06-16 11:49:11.149376
85,Customer_85,customer85@example.com,19,France,2024-04-15 11:49:09.857979,18-25,7404.83,3702.415,2.0,2025-06-14 11:49:15.037274
86,Customer_86,customer86@example.com,32,France,2025-03-23 11:49:09.857979,26-35,32493.62,8123.405,4.0,2025-10-07 11:49:13.929500
87,Customer_87,customer87@example.com,18,USA,2023-11-10 11:49:09.857979,18-25,19721.55,3944.31,5.0,2025-11-02 11:49:13.436539
88,Customer_88,customer88@example.com,58,USA,2025-03-14 11:49:09.857979,51+,28807.84,4115.405714285715,7.0,2025-10-01 11:49:12.605222
89,Customer_89,customer89@example.com,22,USA,2024-11-30 11:49:09.857979,18-25,11577.01,5788.505,2.0,2025-10-28 11:49:10.637270
90,Customer_90,customer90@example.com,22,France,2025-03-05 11:49:09.857979,18-25,70764.92,6433.174545454545,11.0,2025-09-03 11:49:13.454931
91,Customer_91,customer91@example.com,35,Australia,2024-06-24 11:49:09.857979,26-35,70998.64,10142.662857142857,7.0,2025-10-27 11:49:11.047284
92,Customer_92,customer92@example.com,31,France,2025-06-21 11:49:09.857979,26-35,47652.3,9530.460000000001,5.0,2025-09-16 11:49:13.826459
93,Customer_93,customer93@example.com,64,France,2024-03-23 11:49:09.857979,51+,40003.22,6667.203333333334,6.0,2025-05-19 11:49:14.857347
94,Customer_94,customer94@example.com,48,UK,2024-07-07 11:49:09.857979,36-50,42053.24,10513.31,4.0,2025-08-12 11:49:10.826693
95,Customer_95,customer95@example.com,69,Germany,2025-04-23 11:49:09.857979,51+,26213.38,5242.676,5.0,2025-10-30 11:49:14.082687
96,Customer_96,customer96@example.com,24,USA,2023-12-30 11:49:09.857979,18-25,7062.71,3531.355,2.0,2025-10-18 11:49:13.725584
97,Customer_97,customer97@example.com,45,Canada,2024-08-27 11:49:09.857979,36-50,15166.08,15166.08,1.0,2025-04-21 11:49:11.742946
98,Customer_98,customer98@example.com,44,Germany,2025-09-09 11:49:09.857979,36-50,5274.41,2637.205,2.0,2025-06-25 11:49:15.158096
99,Customer_99,customer99@example.com,61,Australia,2024-01-12 11:49:09.857979,51+,30798.9,6159.780000000001,5.0,2025-08-26 11:49:16.163120
100,Customer_100,customer100@example.com,24,USA,2024-09-17 11:49:09.857979,18-25,99254.41,8271.200833333334,12.0,2025-10-14 11:49:13.046209
101,Customer_101,customer101@example.com,64,Canada,2025-07-15 11:49:09.857979,51+,38056.3,6342.716666666667,6.0,2025-10-18 11:49:10.412537
102,Customer_102,customer102@example.com,33,UK,2025-04-23 11:49:09.857979,26-35,38129.729999999996,6354.954999999999,6.0,2025-10-19 11:49:12.774438
103,Customer_103,customer103@example.com,52,Germany,2025-06-13 11:49:09.857979,51+,49781.97,8296.995,6.0,2025-06-20 11:49:10.957804
104,Customer_104,customer104@example.com,45,UK,2025-01-22 11:49:09.857979,36-50,96653.89,10739.32111111111,9.0,2025-10-09 11:49:14.728399
105,Customer_105,customer105@example.com,47,UK,2025-08-18 11:49:09.857979,36-50,33315.92,8328.98,4.0,2025-05-30 11:49:15.021316
106,Customer_106,customer106@example.com,46,France,2025-07-26 11:49:09.857979,36-50,66341.78,9477.397142857142,7.0,2025-10-15 11:49:16.668916
107,Customer_107,customer107@example.com,21,Australia,2024-04-29 11:49:09.857979,18-25,29674.18,7418.545,4.0,2025-09-10 11:49:10.670114
108,Customer_108,customer108@example.com,71,USA,2025-07-31 11:49:09.857979,51+,70144.82,7793.86888888889,9.0,2025-10-27 11:49:15.643562
109,Customer_109,customer109@example.com,77,UK,2025-05-17 11:49:09.857979,51+,44403.72,8880.744,5.0,2025-08-20 11:49:12.019597
110,Customer_110,customer110@example.com,44,Germany,2024-06-29 11:49:09.857979,36-50,18821.53,4705.3825,4.0,2025-08-15 11:49:10.700031
111,Customer_111,customer111@example.com,31,Germany,2025-09-04 11:49:09.857979,26-35,22060.39,4412.0779999999995,5.0,2025-07-24 11:49:16.523415
112,Customer_112,customer112@example.com,28,Germany,2025-11-01 11:49:09.857979,26-35,13849.35,4616.45,3.0,2025-08-15 11:49:10.401273
113,Customer_113,customer113@example.com,42,Canada,2024-07-26 11:49:09.857979,36-50,23335.95,7778.650000000001,3.0,2025-07-10 11:49:15.479740
114,Customer_114,customer114@example.com,36,Germany,2023-11-21 11:49:09.857979,36-50,79213.61,8801.512222222222,9.0,2025-09-21 11:49:16.476416
115,Customer_115,customer115@example.com,79,Australia,2024-04-13 11:49:09.857979,51+,26801.6,4466.933333333333,6.0,2025-09-27 11:49:11.753950
116,Customer_116,customer116@example.com,60,Australia,2024-06-23 11:49:09.857979,51+,67530.56,8441.32,8.0,2025-10-12 11:49:16.090695
117,Customer_117,customer117@example.com,27,UK,2025-01-04 11:49:09.857979,26-35,29548.010000000002,5909.602000000001,5.0,2025-05-27 11:49:15.605482
118,Customer_118,customer118@example.com,31,USA,2024-03-20 11:49:09.857979,26-35,60738.7,10123.116666666667,6.0,2025-09-16 11:49:15.042311
119,Customer_119,customer119@example.com,65,France,2025-09-02 11:49:09.857979,51+,67037.59,8379.69875,8.0,2025-10-03 11:49:12.923277
120,Customer_120,customer120@example.com,65,Canada,2025-09-06 11:49:09.857979,51+,24782.41,8260.803333333333,3.0,2025-08-12 11:49:10.323269
121,Customer_121,customer121@example.com,21,France,2024-07-03 11:49:09.857979,18-25,48648.18,12162.045,4.0,2025-10-30 11:49:14.444293
122,Customer_122,customer122@example.com,50,France,2025-05-26 11:49:09.857979,36-50,52833.05,6604.13125,8.0,2025-10-16 11:49:10.459190
123,Customer_123,customer123@example.com,21,France,2025-08-13 11:49:09.857979,18-25,45100.68,9020.136,5.0,2025-10-22 11:49:15.234820
124,Customer_124,customer124@example.com,72,UK,2025-08-25 11:49:09.857979,51+,29642.86,7410.715,4.0,2025-09-25 11:49:12.160924
125,Customer_125,customer125@example.com,56,USA,2023-12-13 11:49:09.857979,51+,24459.51,4891.902,5.0,2025-09-21 11:49:10.211257
126,Customer_126,customer126@example.com,73,UK,2024-09-16 11:49:09.857979,51+,93915.25,13416.464285714286,7.0,2025-09-15 11:49:12.323506
127,Customer_127,customer127@example.com,25,France,2025-02-24 11:49:09.857979,18-25,108494.79000000001,12054.976666666667,9.0,2025-10-25 11:49:12.587219
128,Customer_128,customer128@example.com,55,France,2025-09-24 11:49:09.857979,51+,51574.0,12893.5,4.0,2025-07-07 11:49:16.143838
129,Customer_129,customer129@example.com,57,USA,2024-08-31 11:49:09.857979,51+,51352.55,5705.838888888889,9.0,2025-10-22 11:49:16.211778
130,Customer_130,customer130@example.com,60,France,2024-04-04 11:49:09.857979,51+,81711.56,11673.08,7.0,2025-06-20 11:49:13.858573
131,Customer_131,customer131@example.com,51,Canada,2025-02-09 11:49:09.857979,51+,47049.4,6721.342857142858,7.0,2025-09-28 11:49:11.538189
132,Customer_132,customer132@example.com,31,Australia,2024-12-17 11:49:09.857979,26-35,18766.129999999997,4691.532499999999,4.0,2025-09-10 11:49:14.806850
133,Customer_133,customer133@example.com,33,Canada,2024-09-24 11:49:09.857979,26-35,31277.909999999996,6255.581999999999,5.0,2025-07-11 11:49:13.884205
134,Customer_134,customer134@example.com,26,Australia,2024-01-13 11:49:09.857979,26-35,43850.700000000004,10962.675000000001,4.0,2025-08-08 11:49:14.982217
135,Customer_135,customer135@example.com,37,Germany,2024-12-15 11:49:09.857979,36-50,23905.48,11952.74,2.0,2025-03-26 11:49:11.586090
136,Customer_136,customer136@example.com,77,USA,2025-10-25 11:49:09.857979,51+,36342.020000000004,7268.404,5.0,2025-08-24 11:49:11.755553
137,Customer_137,customer137@example.com,47,France,2024-04-06 11:49:09.857979,36-50,9949.42,4974.71,2.0,2025-08-08 11:49:09.951084
138,Customer_138,customer138@example.com,24,USA,2024-05-02 11:49:09.857979,18-25,56378.03,8054.004285714285,7.0,2025-07-30 11:49:10.985807
139,Customer_139,customer139@example.com,31,France,2025-02-05 11:49:09.857979,26-35,53989.85,7712.835714285714,7.0,2025-08-07 11:49:10.693034
140,Customer_140,customer140@example.com,26,Canada,2025-08-25 11:49:09.857979,26-35,35815.04,8953.76,4.0,2025-10-20 11:49:12.213647
141,Customer_141,customer141@example.com,74,UK,2024-10-21 11:49:09.857979,51+,30290.370000000003,10096.79,3.0,2025-08-23 11:49:10.178513
142,Customer_142,customer142@example.com,36,UK,2024-08-12 11:49:09.857979,36-50,57908.07,9651.345,6.0,2025-09-04 11:49:10.087226
143,Customer_143,customer143@example.com,71,France,2023-11-14 11:49:09.857979,51+,20090.73,6696.91,3.0,2025-04-08 11:49:10.925254
144,Customer_144,customer144@example.com,37,France,2024-01-04 11:49:09.857979,36-50,26729.82,6682.455,4.0,2025-10-27 11:49:12.820440
145,Customer_145,customer145@example.com,51,USA,2023-12-21 11:49:09.857979,51+,85155.51999999999,12165.074285714285,7.0,2025-07-29 11:49:11.518084
146,Customer_146,customer146@example.com,70,France,2025-01-01 11:49:09.857979,51+,46890.85,11722.7125,4.0,2025-10-05 11:49:10.473281
147,Customer_147,customer147@example.com,77,Australia,2025-07-20 11:49:09.857979,51+,35824.03,7164.806,5.0,2025-04-26 11:49:11.861574
148,Customer_148,customer148@example.com,78,UK,2025-02-06 11:49:09.857979,51+,49817.590000000004,9963.518,5.0,2025-10-10 11:49:14.066675
149,Customer_149,customer149@example.com,25,USA,2024-04-16 11:49:09.857979,18-25,23607.64,5901.91,4.0,2025-10-25 11:49:12.892283
150,Customer_150,customer150@example.com,27,Canada,2025-01-19 11:49:09.857979,26-35,39434.45,7886.889999999999,5.0,2025-10-20 11:49:12.522595
151,Customer_151,customer151@example.com,56,UK,2024-11-17 11:49:09.857979,51+,26813.35,8937.783333333333,3.0,2025-05-29 11:49:13.442875
152,Customer_152,customer152@example.com,31,Australia,2024-01-24 11:49:09.857979,26-35,69881.23,7764.581111111111,9.0,2025-08-18 11:49:12.587219
153,Customer_153,customer153@example.com,72,Canada,2024-06-04 11:49:09.857979,51+,18267.0,3653.4,5.0,2025-10-17 11:49:12.106103
154,Customer_154,customer154@example.com,49,Canada,2025-09-12 11:49:09.857979,36-50,26995.53,4499.255,6.0,2025-11-02 11:49:12.831346
155,Customer_155,customer155@example.com,23,Australia,2024-08-27 11:49:09.857979,18-25,36482.770000000004,9120.692500000001,4.0,2025-04-25 11:49:13.900892
156,Customer_156,customer156@example.com,71,Canada,2025-09-19 11:49:09.857979,51+,30868.19,5144.698333333333,6.0,2025-07-30 11:49:10.777681
157,Customer_157,customer157@example.com,18,Canada,2025-06-23 11:49:09.857979,18-25,29035.76,9678.586666666666,3.0,2025-05-08 11:49:13.891207
158,Customer_158,customer158@example.com,58,Canada,2025-05-22 11:49:09.857979,51+,48937.899999999994,8156.316666666666,6.0,2025-10-29 11:49:10.108876
159,Customer_159,customer159@example.com,65,Germany,2024-04-18 11:49:09.857979,51+,62644.21,6960.467777777778,9.0,2025-09-23 11:49:15.908384
160,Customer_160,customer160@example.com,63,Germany,2024-04-08 11:49:09.857979,51+,54071.08,7724.4400000000005,7.0,2025-10-28 11:49:10.341276
161,Customer_161,customer161@example.com,18,USA,2025-08-18 11:49:09.857979,18-25,62813.93,10468.988333333333,6.0,2025-10-25 11:49:14.320999
162,Customer_162,customer162@example.com,78,Australia,2025-06-04 11:49:09.859041,51+,71426.64,7936.293333333333,9.0,2025-10-18 11:49:15.657509
163,Customer_163,customer163@example.com,52,USA,2024-10-21 11:49:09.859041,51+,89966.62,9996.29111111111,9.0,2025-10-18 11:49:13.286876
164,Customer_164,customer164@example.com,55,France,2025-06-05 11:49:09.859041,51+,24142.14,12071.07,2.0,2025-06-02 11:49:15.316308
165,Customer_165,customer165@example.com,45,UK,2025-09-22 11:49:09.859041,36-50,77608.39,11086.912857142857,7.0,2025-08-25 11:49:10.693034
166,Customer_166,customer166@example.com,37,Canada,2025-09-24 11:49:09.859041,36-50,83579.45,10447.43125,8.0,2025-10-28 11:49:14.083674
167,Customer_167,customer167@example.com,75,Canada,2025-04-02 11:49:09.859041,51+,33340.36,8335.09,4.0,2025-10-17 11:49:13.520444
168,Customer_168,customer168@example.com,61,UK,2023-12-22 11:49:09.859041,51+,34491.049999999996,8622.762499999999,4.0,2025-07-25 11:49:13.754609
169,Customer_169,customer169@example.com,24,Canada,2024-04-09 11:49:09.859041,18-25,20995.11,6998.37,3.0,2025-06-15 11:49:10.779683
170,Customer_170,customer170@example.com,74,Germany,2024-02-07 11:49:09.859041,51+,27472.36,5494.472,5.0,2025-06-28 11:49:10.137873
171,Customer_171,customer171@example.com,65,UK,2025-03-06 11:49:09.859041,51+,77200.18,11028.597142857141,7.0,2025-08-24 11:49:16.683906
172,Customer_172,customer172@example.com,73,UK,2025-05-06 11:49:09.859041,51+,12520.45,12520.45,1.0,2025-02-13 11:49:15.640569
173,Customer_173,customer173@example.com,74,Germany,2025-10-09 11:49:09.859041,51+,52724.39,13181.0975,4.0,2025-07-24 11:49:16.083596
174,Customer_174,customer174@example.com,29,Australia,2024-11-28 11:49:09.859041,26-35,49965.67,9993.134,5.0,2025-10-07 11:49:10.382235
175,Customer_175,customer175@example.com,68,Germany,2023-12-19 11:49:09.859041,51+,83095.18,10386.8975,8.0,2025-10-22 11:49:16.114602
176,Customer_176,customer176@example.com,73,Australia,2025-02-22 11:49:09.859041,51+,30263.93,7565.9825,4.0,2025-10-09 11:49:09.979813
177,Customer_177,customer177@example.com,35,UK,2023-11-16 11:49:09.859041,26-35,34148.72,8537.18,4.0,2025-10-29 11:49:15.229822
178,Customer_178,customer178@example.com,24,Germany,2025-09-25 11:49:09.859041,18-25,54284.71,9047.451666666666,6.0,2025-10-30 11:49:14.583688
179,Customer_179,customer179@example.com,72,Germany,2025-03-21 11:49:09.859041,51+,22572.260000000002,3762.0433333333335,6.0,2025-09-14 11:49:10.269608
180,Customer_180,customer180@example.com,30,Germany,2024-11-10 11:49:09.859041,26-35,49456.43,8242.738333333333,6.0,2025-09-25 11:49:12.237649
181,Customer_181,customer181@example.com,37,UK,2025-03-20 11:49:09.859041,36-50,31873.69,7968.4225,4.0,2025-09-09 11:49:13.555174
182,Customer_182,customer182@example.com,19,Australia,2025-04-20 11:49:09.859041,18-25,23758.550000000003,7919.516666666667,3.0,2025-10-26 11:49:13.317875
183,Customer_183,customer183@example.com,43,Canada,2025-01-22 11:49:09.859041,36-50,51835.38,4712.307272727273,11.0,2025-09-10 11:49:13.132851
184,Customer_184,customer184@example.com,73,USA,2025-01-22 11:49:09.859041,51+,67448.42,9635.488571428572,7.0,2025-09-28 11:49:10.655126
185,Customer_185,customer185@example.com,40,Australia,2024-05-31 11:49:09.859041,36-50,54208.4,10841.68,5.0,2025-06-18 11:49:14.411396
186,Customer_186,customer186@example.com,43,Australia,2024-05-03 11:49:09.859041,36-50,40014.270000000004,6669.045000000001,6.0,2025-09-16 11:49:14.097683
187,Customer_187,customer187@example.com,39,USA,2025-07-08 11:49:09.859041,36-50,44828.03,11207.0075,4.0,2025-03-17 11:49:10.124872
188,Customer_188,customer188@example.com,74,Canada,2025-05-05 11:49:09.859041,51+,20406.49,20406.49,1.0,2025-01-24 11:49:16.235693
189,Customer_189,customer189@example.com,55,Canada,2025-09-25 11:49:09.859041,51+,34172.55,6834.51,5.0,2025-05-31 11:49:10.392246
190,Customer_190,customer190@example.com,24,France,2024-08-16 11:49:09.859041,18-25,70348.42,10049.774285714286,7.0,2025-10-16 11:49:10.890243
191,Customer_191,customer191@example.com,40,Australia,2024-12-17 11:49:09.859041,36-50,32884.67,16442.335,2.0,2025-09-21 11:49:11.151418
192,Customer_192,customer192@example.com,45,France,2024-05-29 11:49:09.859041,36-50,70800.54000000001,11800.090000000002,6.0,2025-08-28 11:49:10.261242
193,Customer_193,customer193@example.com,25,Germany,2024-03-23 11:49:09.859041,18-25,57129.17,11425.833999999999,5.0,2025-06-30 11:49:11.233532
194,Customer_194,customer194@example.com,30,Canada,2025-09-19 11:49:09.859041,26-35,93894.04,11736.755,8.0,2025-10-17 11:49:14.742285
195,Customer_195,customer195@example.com,63,Germany,2025-11-02 11:49:09.859041,51+,60062.95,8580.421428571428,7.0,2025-10-01 11:49:11.417594
196,Customer_196,customer196@example.com,51,France,2023-12-01 11:49:09.859041,51+,12891.04,6445.52,2.0,2025-10-08 11:49:16.121688
197,Customer_197,customer197@example.com,64,Australia,2023-12-18 11:49:09.859041,51+,117529.06,10684.46,11.0,2025-09-10 11:49:14.820859
198,Customer_198,customer198@example.com,30,Canada,2024-08-19 11:49:09.859041,26-35,41969.07,8393.814,5.0,2025-08-20 11:49:12.152206
199,Customer_199,customer199@example.com,22,Australia,2024-11-30 11:49:09.859041,18-25,52300.61,8716.768333333333,6.0,2025-10-21 11:49:14.337095
200,Customer_200,customer200@example.com,57,Canada,2023-12-25 11:49:09.859041,51+,43859.54,7309.923333333333,6.0,2025-09-23 11:49:15.695142
201,Customer_201,customer201@example.com,72,USA,2024-12-31 11:49:09.859041,51+,51725.2,10345.039999999999,5.0,2025-08-23 11:49:15.654503
202,Customer_202,customer202@example.com,50,Canada,2023-12-22 11:49:09.859041,36-50,36281.26,5183.037142857143,7.0,2025-04-30 11:49:16.080604
203,Customer_203,customer203@example.com,44,Canada,2024-09-17 11:49:09.859041,36-50,7401.97,7401.97,1.0,2025-04-30 11:49:14.471040
204,Customer_204,customer204@example.com,62,Canada,2024-04-15 11:49:09.859041,51+,28112.5,9370.833333333334,3.0,2025-09-13 11:49:15.755172
205,Customer_205,customer205@example.com,26,UK,2024-08-30 11:49:09.859041,26-35,6444.67,2148.2233333333334,3.0,2025-08-06 11:49:14.754059
206,Customer_206,customer206@example.com,60,Germany,2023-12-11 11:49:09.859041,51+,26274.989999999998,8758.33,3.0,2025-09-09 11:49:15.723051
207,Customer_207,customer207@example.com,65,UK,2024-02-12 11:49:09.859041,51+,29568.03,5913.606,5.0,2025-07-01 11:49:15.379156
208,Customer_208,customer208@example.com,54,Canada,2024-09-14 11:49:09.859041,51+,55456.83,7922.404285714286,7.0,2025-10-01 11:49:14.877003
209,Customer_209,customer209@example.com,53,USA,2024-12-27 11:49:09.859041,51+,25346.309999999998,5069.262,5.0,2025-06-16 11:49:10.694860
210,Customer_210,customer210@example.com,36,UK,2024-08-20 11:49:09.859041,36-50,41608.53,8321.706,5.0,2025-10-11 11:49:14.239264
211,Customer_211,customer211@example.com,68,France,2024-02-21 11:49:09.859041,51+,24103.86,6025.965,4.0,2025-07-11 11:49:12.526306
212,Customer_212,customer212@example.com,59,Canada,2024-07-15 11:49:09.859041,51+,42811.03,10702.7575,4.0,2025-05-12 11:49:13.139951
213,Customer_213,customer213@example.com,46,Germany,2023-12-13 11:49:09.859041,36-50,30055.699999999997,10018.566666666666,3.0,2025-08-31 11:49:11.833260
214,Customer_214,customer214@example.com,31,France,2024-07-07 11:49:09.859041,26-35,25408.97,8469.656666666668,3.0,2025-03-20 11:49:11.568012
215,Customer_215,customer215@example.com,68,Australia,2025-05-14 11:49:09.859041,51+,76700.7,8522.3,9.0,2025-08-14 11:49:12.986000
216,Customer_216,customer216@example.com,60,USA,2025-01-17 11:49:09.859041,51+,33189.91,8297.4775,4.0,2025-10-28 11:49:14.606761
217,Customer_217,customer217@example.com,50,Australia,2024-01-25 11:49:09.859041,36-50,28911.45,7227.8625,4.0,2025-11-01 11:49:13.415447
218,Customer_218,customer218@example.com,57,Canada,2025-07-31 11:49:09.859041,51+,61275.21,5106.2675,12.0,2025-10-07 11:49:10.170421
219,Customer_219,customer219@example.com,70,UK,2023-12-16 11:49:09.859041,51+,51916.1,8652.683333333332,6.0,2025-10-27 11:49:14.662445
220,Customer_220,customer220@example.com,37,UK,2025-04-14 11:49:09.859041,36-50,95358.79000000001,8668.98090909091,11.0,2025-11-03 11:49:10.315254
221,Customer_221,customer221@example.com,27,USA,2025-09-17 11:49:09.859041,26-35,32660.52,8165.13,4.0,2025-08-31 11:49:14.957681
222,Customer_222,customer222@example.com,33,Germany,2024-02-17 11:49:09.859041,26-35,13472.25,13472.25,1.0,2025-10-13 11:49:11.274179
223,Customer_223,customer223@example.com,72,USA,2024-07-25 11:49:09.859041,51+,54902.3,6862.7875,8.0,2025-10-19 11:49:10.402272
224,Customer_224,customer224@example.com,44,Australia,2024-03-24 11:49:09.859041,36-50,51570.3,10314.060000000001,5.0,2025-11-03 11:49:16.640349
225,Customer_225,customer225@example.com,30,Australia,2023-11-21 11:49:09.859041,26-35,17937.52,8968.76,2.0,2025-07-04 11:49:16.057052
226,Customer_226,customer226@example.com,42,Germany,2024-09-20 11:49:09.859041,36-50,55492.99,9248.831666666667,6.0,2025-10-08 11:49:11.417594
227,Customer_227,customer227@example.com,33,UK,2024-01-02 11:49:09.859041,26-35,29617.41,5923.482,5.0,2025-10-12 11:49:14.051144
228,Customer_228,customer228@example.com,62,USA,2025-07-17 11:49:09.859041,51+,55198.28999999999,7885.469999999999,7.0,2025-10-07 11:49:13.501445
229,Customer_229,customer229@example.com,67,Germany,2025-03-24 11:49:09.859041,51+,35849.21,7169.842,5.0,2025-11-02 11:49:10.941266
230,Customer_230,customer230@example.com,29,Australia,2024-05-22 11:49:09.859041,26-35,39987.43,6664.571666666667,6.0,2025-09-06 11:49:11.829956
231,Customer_231,customer231@example.com,47,USA,2024-04-12 11:49:09.859041,36-50,68844.38,13768.876,5.0,2025-10-28 11:49:10.363245
232,Customer_232,customer232@example.com,33,USA,2024-07-24 11:49:09.859041,26-35,67715.44,11285.906666666668,6.0,2025-07-31 11:49:16.241693
233,Customer_233,customer233@example.com,26,Germany,2023-12-21 11:49:09.859041,26-35,80408.84,13401.473333333333,6.0,2025-08-22 11:49:15.840744
234,Customer_234,customer234@example.com,51,France,2024-03-04 11:49:09.859041,51+,22385.13,5596.2825,4.0,2025-10-23 11:49:10.950273
235,Customer_235,customer235@example.com,38,Germany,2024-02-15 11:49:09.859041,36-50,63879.68,10646.613333333333,6.0,2025-10-24 11:49:13.508442
236,Customer_236,customer236@example.com,70,Australia,2024-06-05 11:49:09.859041,51+,13347.359999999999,4449.12,3.0,2025-07-10 11:49:10.171425
237,Customer_237,customer237@example.com,45,France,2024-08-04 11:49:09.859041,36-50,95186.68000000001,10576.297777777778,9.0,2025-11-01 11:49:10.971805
238,Customer_238,customer238@example.com,75,UK,2024-07-05 11:49:09.859041,51+,55110.08,9185.013333333334,6.0,2025-08-18 11:49:12.612341
239,Customer_239,customer239@example.com,46,Canada,2025-02-23 11:49:09.859041,36-50,55023.270000000004,9170.545,6.0,2025-10-04 11:49:14.561654
240,Customer_240,customer240@example.com,71,Australia,2025-01-24 11:49:09.859041,51+,41048.53,8209.706,5.0,2025-10-22 11:49:12.824438
241,Customer_241,customer241@example.com,67,France,2024-06-25 11:49:09.859041,51+,71537.03,7948.558888888889,9.0,2025-10-29 11:49:13.989088
242,Customer_242,customer242@example.com,58,UK,2025-01-26 11:49:09.859041,51+,23757.43,5939.3575,4.0,2025-08-28 11:49:15.873381
243,Customer_243,customer243@example.com,46,USA,2025-01-15 11:49:09.859041,36-50,81057.25,11579.607142857143,7.0,2025-08-17 11:49:14.211249
244,Customer_244,customer244@example.com,33,Canada,2024-11-25 11:49:09.859041,26-35,73815.42,10545.06,7.0,2025-08-25 11:49:11.542209
245,Customer_245,customer245@example.com,38,France,2025-08-13 11:49:09.859041,36-50,53989.79,5998.865555555556,9.0,2025-10-04 11:49:14.060661
246,Customer_246,customer246@example.com,26,UK,2025-03-12 11:49:09.859041,26-35,25521.66,12760.83,2.0,2025-06-13 11:49:15.869376
247,Customer_247,customer247@example.com,42,Australia,2025-05-31 11:49:09.859041,36-50,14674.369999999999,7337.1849999999995,2.0,2025-08-28 11:49:10.828694
248,Customer_248,customer248@example.com,63,UK,2025-08-30 11:49:09.859041,51+,4559.92,4559.92,1.0,2025-02-10 11:49:14.043044
249,Customer_249,customer249@example.com,44,Germany,2024-11-30 11:49:09.859041,36-50,83229.83,9247.75888888889,9.0,2025-11-01 11:49:16.674913
250,Customer_250,customer250@example.com,52,Germany,2024-09-04 11:49:09.859041,51+,38687.15,9671.7875,4.0,2025-10-22 11:49:12.105108
251,Customer_251,customer251@example.com,21,UK,2024-08-30 11:49:09.859041,18-25,22702.91,7567.636666666666,3.0,2025-04-16 11:49:15.235827
252,Customer_252,customer252@example.com,42,France,2023-11-22 11:49:09.859041,36-50,19983.96,4995.99,4.0,2025-08-11 11:49:13.262979
253,Customer_253,customer253@example.com,19,France,2024-10-10 11:49:09.859041,18-25,16662.73,5554.243333333333,3.0,2025-10-19 11:49:12.984004
254,Customer_254,customer254@example.com,48,USA,2024-11-08 11:49:09.859041,36-50,43118.8,7186.466666666667,6.0,2025-05-13 11:49:12.181144
255,Customer_255,customer255@example.com,37,Germany,2024-08-31 11:49:09.859041,36-50,95440.67,9544.067,10.0,2025-06-09 11:49:13.436539
256,Customer_256,customer256@example.com,52,Australia,2024-04-23 11:49:09.859041,51+,33258.35,6651.67,5.0,2025-08-29 11:49:11.111278
257,Customer_257,customer257@example.com,69,France,2025-03-23 11:49:09.859041,51+,24701.57,8233.856666666667,3.0,2025-07-17 11:49:14.369388
258,Customer_258,customer258@example.com,49,UK,2025-01-28 11:49:09.859041,36-50,16275.63,8137.815,2.0,2025-10-11 11:49:15.347316
259,Customer_259,customer259@example.com,45,Germany,2025-10-05 11:49:09.859041,36-50,13843.74,13843.74,1.0,2025-06-18 11:49:13.106843
260,Customer_260,customer260@example.com,42,Canada,2023-12-20 11:49:09.859041,36-50,26500.43,8833.476666666667,3.0,2025-06-30 11:49:13.419447
261,Customer_261,customer261@example.com,61,Germany,2025-05-18 11:49:09.859041,51+,21894.370000000003,5473.592500000001,4.0,2025-10-08 11:49:14.519203
262,Customer_262,customer262@example.com,71,Germany,2025-06-26 11:49:09.859041,51+,29969.33,7492.3325,4.0,2025-10-05 11:49:12.126098
263,Customer_263,customer263@example.com,80,France,2024-05-06 11:49:09.859041,51+,7448.82,3724.41,2.0,2025-05-30 11:49:16.440773
264,Customer_264,customer264@example.com,19,Germany,2024-03-07 11:49:09.859041,18-25,21323.62,10661.81,2.0,2025-05-14 11:49:15.545835
265,Customer_265,customer265@example.com,54,Australia,2025-10-07 11:49:09.859041,51+,34315.11,8578.7775,4.0,2025-10-31 11:49:12.505598
266,Customer_266,customer266@example.com,23,Australia,2024-08-22 11:49:09.859041,18-25,52570.770000000004,13142.692500000001,4.0,2025-09-21 11:49:14.699359
267,Customer_267,customer267@example.com,26,Germany,2025-05-01 11:49:09.859041,26-35,30265.47,7566.3675,4.0,2025-10-28 11:49:15.169731
268,Customer_268,customer268@example.com,21,Canada,2024-10-11 11:49:09.859041,18-25,42624.11,6089.158571428571,7.0,2025-10-22 11:49:15.975027
269,Customer_269,customer269@example.com,38,UK,2024-07-26 11:49:09.859041,36-50,36068.05,6011.341666666667,6.0,2025-08-25 11:49:15.290397
270,Customer_270,customer270@example.com,38,Canada,2024-10-11 11:49:09.859041,36-50,58069.67,6452.185555555556,9.0,2025-08-21 11:49:13.359432
271,Customer_271,customer271@example.com,35,Germany,2025-02-18 11:49:09.859041,26-35,21963.45,7321.150000000001,3.0,2025-07-17 11:49:10.374245
272,Customer_272,customer272@example.com,71,USA,2024-07-10 11:49:09.859041,51+,54595.65,10919.130000000001,5.0,2025-09-29 11:49:11.269180
273,Customer_273,customer273@example.com,19,Australia,2024-04-30 11:49:09.859041,18-25,33864.7,8466.175,4.0,2025-09-13 11:49:10.093869
274,Customer_274,customer274@example.com,21,Canada,2025-03-19 11:49:09.859041,18-25,41384.33,5173.04125,8.0,2025-10-31 11:49:15.802714
275,Customer_275,customer275@example.com,59,USA,2024-01-06 11:49:09.859041,51+,36923.56,18461.78,2.0,2025-10-04 11:49:16.254799
276,Customer_276,customer276@example.com,20,USA,2025-02-23 11:49:09.859041,18-25,58130.2,8304.314285714285,7.0,2025-10-20 11:49:11.229627
277,Customer_277,customer277@example.com,30,USA,2024-02-06 11:49:09.859041,26-35,64806.39,12961.278,5.0,2025-10-10 11:49:11.595075
278,Customer_278,customer278@example.com,27,UK,2025-06-27 11:49:09.859041,26-35,48691.21,6955.887142857143,7.0,2025-07-26 11:49:13.176350
279,Customer_279,customer279@example.com,48,Australia,2025-07-09 11:49:09.859041,36-50,81930.48,11704.354285714286,7.0,2025-09-17 11:49:11.960699
280,Customer_280,customer280@example.com,54,UK,2024-07-15 11:49:09.859041,51+,47645.15,5955.64375,8.0,2025-10-06 11:49:16.544416
281,Customer_281,customer281@example.com,62,Canada,2024-10-22 11:49:09.859041,51+,75051.53,10721.647142857142,7.0,2025-10-29 11:49:14.954682
282,Customer_282,customer282@example.com,28,France,2024-02-21 11:49:09.859956,26-35,11923.51,3974.5033333333336,3.0,2025-06-01 11:49:13.541528
283,Customer_283,customer283@example.com,79,Australia,2025-07-09 11:49:09.859956,51+,51852.090000000004,10370.418000000001,5.0,2025-10-17 11:49:14.204256
284,Customer_284,customer284@example.com,67,UK,2024-12-20 11:49:09.859956,51+,19729.4,9864.7,2.0,2025-10-04 11:49:12.766799
285,Customer_285,customer285@example.com,24,France,2025-10-08 11:49:09.859956,18-25,54122.479999999996,9020.413333333332,6.0,2025-10-07 11:49:11.762653
286,Customer_286,customer286@example.com,77,Canada,2024-03-24 11:49:09.859956,51+,28622.93,7155.7325,4.0,2025-09-06 11:49:15.636568
287,Customer_287,customer287@example.com,61,Germany,2024-09-23 11:49:09.859956,51+,58273.11,7284.13875,8.0,2025-07-13 11:49:14.412400
288,Customer_288,customer288@example.com,78,Australia,2025-04-14 11:49:09.859956,51+,3827.0,1913.5,2.0,2025-04-14 11:49:10.287746
289,Customer_289,customer289@example.com,22,France,2023-11-27 11:49:09.859956,18-25,57777.59,9629.598333333333,6.0,2025-09-20 11:49:14.775205
290,Customer_290,customer290@example.com,71,Australia,2025-02-28 11:49:09.859956,51+,56654.94,8093.562857142858,7.0,2025-08-15 11:49:14.457410
291,Customer_291,customer291@example.com,24,Australia,2024-12-30 11:49:09.859956,18-25,31222.98,6244.596,5.0,2025-09-16 11:49:15.887292
292,Customer_292,customer292@example.com,72,Australia,2024-02-28 11:49:09.859956,51+,31229.66,10409.886666666667,3.0,2025-10-23 11:49:10.518193
293,Customer_293,customer293@example.com,69,USA,2024-04-03 11:49:09.859956,51+,34316.45,6863.289999999999,5.0,2025-04-28 11:49:14.160826
294,Customer_294,customer294@example.com,68,USA,2024-11-13 11:49:09.859956,51+,21867.56,10933.78,2.0,2025-10-27 11:49:14.206264
295,Customer_295,customer295@example.com,52,Germany,2023-12-27 11:49:09.859956,51+,42791.259999999995,7131.876666666666,6.0,2025-08-02 11:49:14.974307
296,Customer_296,customer296@example.com,41,USA,2024-06-03 11:49:09.859956,36-50,34613.51,6922.702,5.0,2025-10-07 11:49:11.541212
297,Customer_297,customer297@example.com,59,Canada,2025-10-22 11:49:09.859956,51+,56846.85,8120.978571428571,7.0,2025-09-03 11:49:11.557984
298,Customer_298,customer298@example.com,72,Germany,2024-06-20 11:49:09.859956,51+,29091.93,14545.965,2.0,2025-09-17 11:49:15.811706
299,Customer_299,customer299@example.com,24,Germany,2024-10-29 11:49:09.859956,18-25,41427.7,10356.925,4.0,2025-07-21 11:49:15.002224
300,Customer_300,customer300@example.com,58,Germany,2023-11-10 11:49:09.859956,51+,42159.1,7026.516666666666,6.0,2025-10-24 11:49:13.803504
301,Customer_301,customer301@example.com,27,Germany,2025-05-07 11:49:09.859956,26-35,21704.38,10852.19,2.0,2025-07-23 11:49:15.424168
302,Customer_302,customer302@example.com,64,France,2024-01-07 11:49:09.859956,51+,83350.08,11907.154285714287,7.0,2025-09-03 11:49:16.436777
303,Customer_303,customer303@example.com,35,France,2024-05-01 11:49:09.859956,26-35,26190.1,6547.525,4.0,2025-06-03 11:49:15.005229
304,Customer_304,customer304@example.com,67,Germany,2024-07-15 11:49:09.859956,51+,25646.68,6411.67,4.0,2025-08-22 11:49:11.750861
305,Customer_305,customer305@example.com,45,Australia,2024-03-07 11:49:09.859956,36-50,3588.01,3588.01,1.0,2025-08-26 11:49:14.499166
306,Customer_306,customer306@example.com,35,Canada,2025-02-25 11:49:09.859956,26-35,51434.84,5714.982222222222,9.0,2025-08-11 11:49:16.540417
307,Customer_307,customer307@example.com,71,USA,2025-01-22 11:49:09.859956,51+,27811.850000000002,6952.962500000001,4.0,2025-08-27 11:49:15.976026
308,Customer_308,customer308@example.com,74,Germany,2025-02-27 11:49:09.859956,51+,28500.04,4750.006666666667,6.0,2025-09-18 11:49:12.373361
309,Customer_309,customer309@example.com,66,Germany,2024-03-30 11:49:09.859956,51+,54437.85,13609.4625,4.0,2025-09-30 11:49:15.412160
310,Customer_310,customer310@example.com,57,Australia,2024-10-11 11:49:09.859956,51+,74060.79000000001,9257.598750000001,8.0,2025-10-11 11:49:14.035046
311,Customer_311,customer311@example.com,39,USA,2024-06-15 11:49:09.859956,36-50,19133.61,4783.4025,4.0,2025-09-06 11:49:10.522241
312,Customer_312,customer312@example.com,72,Canada,2025-05-01 11:49:09.859956,51+,46212.12,7702.02,6.0,2025-10-15 11:49:16.419782
313,Customer_313,customer313@example.com,49,UK,2024-11-05 11:49:09.859956,36-50,33539.880000000005,6707.976000000001,5.0,2025-06-09 11:49:16.706922
314,Customer_314,customer314@example.com,69,Canada,2024-11-20 11:49:09.859956,51+,54616.0,10923.2,5.0,2025-05-19 11:49:14.071673
315,Customer_315,customer315@example.com,35,France,2023-11-16 11:49:09.859956,26-35,60590.6,8655.8,7.0,2025-09-14 11:49:12.791445
316,Customer_316,customer316@example.com,74,Canada,2024-04-13 11:49:09.859956,51+,41327.840000000004,10331.960000000001,4.0,2025-08-09 11:49:12.828444
317,Customer_317,customer317@example.com,18,France,2025-04-22 11:49:09.859956,18-25,40959.93,8191.986,5.0,2025-04-18 11:49:13.681582
318,Customer_318,customer318@example.com,23,UK,2024-09-13 11:49:09.859956,18-25,54785.19,7826.455714285715,7.0,2025-10-31 11:49:14.218274
319,Customer_319,customer319@example.com,49,France,2025-03-02 11:49:09.859956,36-50,17654.42,4413.605,4.0,2025-10-07 11:49:13.593755
320,Customer_320,customer320@example.com,62,Germany,2024-01-12 11:49:09.859956,51+,47806.55,7967.758333333334,6.0,2025-09-17 11:49:14.000044
321,Customer_321,customer321@example.com,63,Germany,2024-08-02 11:49:09.859956,51+,35998.630000000005,8999.657500000001,4.0,2025-08-01 11:49:16.265347
322,Customer_322,customer322@example.com,68,USA,2025-07-31 11:49:09.859956,51+,39557.9,9889.475,4.0,2025-04-03 11:49:14.826473
323,Customer_323,customer323@example.com,36,UK,2024-09-15 11:49:09.859956,36-50,40761.270000000004,6793.545000000001,6.0,2025-09-11 11:49:14.178252
324,Customer_324,customer324@example.com,62,UK,2024-12-25 11:49:09.859956,51+,99320.33,9932.033,10.0,2025-10-28 11:49:13.755609
325,Customer_325,customer325@example.com,60,France,2024-10-22 11:49:09.859956,51+,36101.71,7220.342,5.0,2025-06-04 11:49:11.944849
326,Customer_326,customer326@example.com,48,France,2024-05-09 11:49:09.859956,36-50,41059.64,8211.928,5.0,2025-08-28 11:49:15.439159
327,Customer_327,customer327@example.com,40,Germany,2024-04-19 11:49:09.859956,36-50,11966.470000000001,5983.235000000001,2.0,2025-05-13 11:49:13.714573
328,Customer_328,customer328@example.com,39,Canada,2023-11-15 11:49:09.859956,36-50,41397.07,8279.414,5.0,2025-09-02 11:49:10.795683
329,Customer_329,customer329@example.com,47,Canada,2024-12-25 11:49:09.859956,36-50,38158.08,7631.616,5.0,2025-09-21 11:49:11.978692
330,Customer_330,customer330@example.com,34,UK,2025-07-03 11:49:09.859956,26-35,17940.4,5980.133333333334,3.0,2025-03-13 11:49:11.956581
331,Customer_331,customer331@example.com,64,UK,2024-12-15 11:49:09.859956,51+,59564.42,11912.884,5.0,2025-07-21 11:49:11.332178
332,Customer_332,customer332@example.com,25,Australia,2024-05-04 11:49:09.859956,18-25,66414.91,9487.844285714285,7.0,2025-10-27 11:49:13.438098
333,Customer_333,customer333@example.com,78,Australia,2025-04-28 11:49:09.859956,51+,4456.98,4456.98,1.0,2025-10-17 11:49:13.039104
334,Customer_334,customer334@example.com,30,UK,2024-06-26 11:49:09.859956,26-35,43701.81,7283.634999999999,6.0,2025-10-19 11:49:12.316414
335,Customer_335,customer335@example.com,35,Australia,2024-03-10 11:49:09.859956,26-35,41725.82,8345.164,5.0,2025-11-01 11:49:10.121873
336,Customer_336,customer336@example.com,80,France,2024-03-02 11:49:09.859956,51+,84869.31,12124.187142857143,7.0,2025-09-18 11:49:10.422543
337,Customer_337,customer337@example.com,36,USA,2025-04-19 11:49:09.859956,36-50,25669.73,6417.4325,4.0,2025-08-01 11:49:15.650507
338,Customer_338,customer338@example.com,36,UK,2024-10-30 11:49:09.859956,36-50,45502.009999999995,7583.668333333332,6.0,2025-09-23 11:49:14.919676
339,Customer_339,customer339@example.com,29,Canada,2025-10-20 11:49:09.859956,26-35,40510.61,5063.82625,8.0,2025-09-19 11:49:16.138775
340,Customer_340,customer340@example.com,63,France,2025-06-27 11:49:09.859956,51+,15387.07,5129.0233333333335,3.0,2025-10-30 11:49:16.619438
341,Customer_341,customer341@example.com,35,USA,2025-09-09 11:49:09.859956,26-35,41705.24,8341.047999999999,5.0,2025-07-09 11:49:12.812345
342,Customer_342,customer342@example.com,53,Canada,2023-11-20 11:49:09.859956,51+,23711.36,7903.786666666667,3.0,2025-03-27 11:49:11.906478
343,Customer_343,customer343@example.com,78,UK,2024-01-20 11:49:09.859956,51+,35791.9,7158.38,5.0,2025-09-15 11:49:11.675838
344,Customer_344,customer344@example.com,73,Germany,2025-07-21 11:49:09.859956,51+,14292.7,4764.233333333334,3.0,2025-10-05 11:49:11.327280
345,Customer_345,customer345@example.com,73,USA,2024-03-26 11:49:09.859956,51+,68087.66,8510.9575,8.0,2025-10-25 11:49:16.178779
346,Customer_346,customer346@example.com,36,Germany,2024-07-01 11:49:09.859956,36-50,84477.04,12068.14857142857,7.0,2025-10-30 11:49:16.139818
347,Customer_347,customer347@example.com,46,Canada,2025-04-29 11:49:09.859956,36-50,7230.84,3615.42,2.0,2025-08-07 11:49:10.140901
348,Customer_348,customer348@example.com,79,USA,2025-02-18 11:49:09.859956,51+,6178.66,6178.66,1.0,2024-11-13 11:49:14.901999
349,Customer_349,customer349@example.com,78,Germany,2025-07-10 11:49:09.859956,51+,36688.87,7337.774,5.0,2025-06-21 11:49:10.212982
350,Customer_350,customer350@example.com,70,USA,2024-09-19 11:49:09.859956,51+,26897.63,8965.876666666667,3.0,2025-10-31 11:49:12.971093
351,Customer_351,customer351@example.com,49,USA,2024-03-23 11:49:09.859956,36-50,5748.4,2874.2,2.0,2025-11-03 11:49:12.067007
352,Customer_352,customer352@example.com,58,Australia,2025-09-10 11:49:09.859956,51+,32034.760000000002,5339.126666666667,6.0,2025-08-23 11:49:16.068696
353,Customer_353,customer353@example.com,27,UK,2024-04-06 11:49:09.859956,26-35,25417.73,5083.546,5.0,2025-06-06 11:49:12.157922
354,Customer_354,customer354@example.com,78,Canada,2025-08-08 11:49:09.859956,51+,40903.33,8180.666,5.0,2025-08-02 11:49:10.254452
355,Customer_355,customer355@example.com,33,USA,2024-04-11 11:49:09.859956,26-35,44457.78,6351.111428571428,7.0,2025-09-03 11:49:14.911568
356,Customer_356,customer356@example.com,66,Germany,2024-02-22 11:49:09.859956,51+,59072.74,11814.547999999999,5.0,2025-09-21 11:49:10.964797
357,Customer_357,customer357@example.com,56,France,2025-03-17 11:49:09.859956,51+,83633.13,9292.57,9.0,2025-09-01 11:49:16.704925
358,Customer_358,customer358@example.com,67,France,2024-10-10 11:49:09.859956,51+,19476.4,9738.2,2.0,2025-06-07 11:49:10.566013
359,Customer_359,customer359@example.com,46,Germany,2025-01-03 11:49:09.859956,36-50,70952.18000000001,8869.022500000001,8.0,2025-11-03 11:49:14.984306
360,Customer_360,customer360@example.com,73,France,2024-08-21 11:49:09.859956,51+,42016.24,6002.32,7.0,2025-09-20 11:49:12.335506
361,Customer_361,customer361@example.com,37,France,2024-02-07 11:49:09.859956,36-50,63055.75,9007.964285714286,7.0,2025-10-22 11:49:13.800467
362,Customer_362,customer362@example.com,21,France,2025-07-25 11:49:09.859956,18-25,30449.44,6089.888,5.0,2025-06-20 11:49:11.991598
363,Customer_363,customer363@example.com,78,UK,2024-02-02 11:49:09.859956,51+,41426.34,10356.585,4.0,2025-10-25 11:49:12.558923
364,Customer_364,customer364@example.com,31,Canada,2023-12-28 11:49:09.859956,26-35,59005.15,6556.127777777778,9.0,2025-09-26 11:49:12.112096
365,Customer_365,customer365@example.com,23,UK,2025-03-03 11:49:09.859956,18-25,38391.619999999995,12797.206666666665,3.0,2025-07-03 11:49:14.059139
366,Customer_366,customer366@example.com,29,France,2025-08-19 11:49:09.859956,26-35,41227.87,8245.574,5.0,2025-10-24 11:49:14.092688
367,Customer_367,customer367@example.com,28,USA,2024-09-11 11:49:09.859956,26-35,33520.619999999995,5586.7699999999995,6.0,2025-10-02 11:49:15.307310
368,Customer_368,customer368@example.com,46,Australia,2024-03-05 11:49:09.859956,36-50,25793.44,8597.813333333334,3.0,2025-07-30 11:49:10.119875
369,Customer_369,customer369@example.com,48,Canada,2025-10-01 11:49:09.859956,36-50,88066.06,9785.117777777778,9.0,2025-08-25 11:49:14.818871
370,Customer_370,customer370@example.com,32,Canada,2023-11-11 11:49:09.859956,26-35,17710.15,5903.383333333334,3.0,2025-07-22 11:49:13.714573
371,Customer_371,customer371@example.com,36,Australia,2024-07-27 11:49:09.859956,36-50,99298.53,9929.853,10.0,2025-10-22 11:49:14.653799
372,Customer_372,customer372@example.com,22,Australia,2025-03-09 11:49:09.859956,18-25,63216.590000000004,10536.098333333333,6.0,2025-11-02 11:49:15.627568
373,Customer_373,customer373@example.com,77,Canada,2024-02-02 11:49:09.859956,51+,34941.46,6988.2919999999995,5.0,2025-06-14 11:49:12.478680
374,Customer_374,customer374@example.com,55,Australia,2025-04-15 11:49:09.859956,51+,14349.1,14349.1,1.0,2025-06-27 11:49:13.975039
375,Customer_375,customer375@example.com,45,USA,2024-04-25 11:49:09.859956,36-50,41129.95,10282.4875,4.0,2025-07-23 11:49:11.301278
376,Customer_376,customer376@example.com,32,Australia,2025-06-04 11:49:09.859956,26-35,43732.86,7288.81,6.0,2025-10-22 11:49:13.055207
377,Customer_377,customer377@example.com,76,Canada,2025-06-11 11:49:09.859956,51+,64635.78999999999,9233.684285714286,7.0,2025-10-10 11:49:13.786344
378,Customer_378,customer378@example.com,22,USA,2025-05-18 11:49:09.859956,18-25,34816.95,5802.825,6.0,2025-10-23 11:49:10.077716
379,Customer_379,customer379@example.com,68,Canada,2024-03-04 11:49:09.859956,51+,26687.7,8895.9,3.0,2025-08-21 11:49:13.075948
380,Customer_380,customer380@example.com,65,France,2025-01-12 11:49:09.859956,51+,50814.36,12703.59,4.0,2025-09-08 11:49:12.190648
381,Customer_381,customer381@example.com,46,USA,2024-07-12 11:49:09.859956,36-50,9226.27,4613.135,2.0,2025-10-27 11:49:12.526306
382,Customer_382,customer382@example.com,62,Canada,2023-11-18 11:49:09.859956,51+,63854.44,10642.406666666668,6.0,2025-10-28 11:49:16.603438
383,Customer_383,customer383@example.com,43,Canada,2024-06-09 11:49:09.859956,36-50,45067.6,9013.52,5.0,2025-10-01 11:49:14.849637
384,Customer_384,customer384@example.com,52,Germany,2024-08-12 11:49:09.859956,51+,46440.77,6634.395714285713,7.0,2025-10-09 11:49:15.286397
385,Customer_385,customer385@example.com,23,France,2025-09-24 11:49:09.859956,18-25,33078.94,6615.7880000000005,5.0,2025-10-31 11:49:14.103677
386,Customer_386,customer386@example.com,74,Germany,2024-12-08 11:49:09.859956,51+,4362.68,2181.34,2.0,2025-09-05 11:49:14.462140
387,Customer_387,customer387@example.com,56,Canada,2025-10-08 11:49:09.859956,51+,29896.53,7474.1325,4.0,2025-09-02 11:49:14.553137
388,Customer_388,customer388@example.com,23,UK,2023-12-14 11:49:09.859956,18-25,58913.54,8416.22,7.0,2025-09-18 11:49:13.091943
389,Customer_389,customer389@example.com,71,France,2024-03-12 11:49:09.859956,51+,55022.94,11004.588,5.0,2025-06-29 11:49:12.251763
390,Customer_390,customer390@example.com,78,USA,2023-12-16 11:49:09.859956,51+,13221.550000000001,3305.3875000000003,4.0,2025-08-05 11:49:16.291289
391,Customer_391,customer391@example.com,70,Canada,2024-03-23 11:49:09.859956,51+,61706.490000000005,7713.311250000001,8.0,2025-05-16 11:49:11.225629
392,Customer_392,customer392@example.com,20,UK,2024-07-10 11:49:09.859956,18-25,17289.559999999998,5763.186666666666,3.0,2024-12-17 11:49:16.505407
393,Customer_393,customer393@example.com,51,Australia,2024-08-08 11:49:09.859956,51+,40353.770000000004,8070.754000000001,5.0,2025-10-03 11:49:13.839453
394,Customer_394,customer394@example.com,76,Canada,2025-05-02 11:49:09.859956,51+,51621.25,8603.541666666666,6.0,2025-08-28 11:49:15.819705
395,Customer_395,customer395@example.com,55,Germany,2024-01-23 11:49:09.859956,51+,32096.06,10698.686666666666,3.0,2025-09-03 11:49:15.957475
396,Customer_396,customer396@example.com,70,Germany,2025-08-02 11:49:09.859956,51+,24531.33,6132.8325,4.0,2025-08-13 11:49:12.642433
397,Customer_397,customer397@example.com,48,Canada,2024-09-11 11:49:09.859956,36-50,35805.090000000004,8951.272500000001,4.0,2025-08-26 11:49:13.927498
398,Customer_398,customer398@example.com,39,Canada,2023-12-18 11:49:09.859956,36-50,24733.19,8244.396666666666,3.0,2025-04-18 11:49:12.795413
399,Customer_399,customer399@example.com,24,UK,2024-12-01 11:49:09.859956,18-25,163629.26,13635.771666666667,12.0,2025-09-18 11:49:10.384247
400,Customer_400,customer400@example.com,44,Australia,2024-06-14 11:49:09.859956,36-50,46451.14,9290.228,5.0,2025-08-15 11:49:14.260986
401,Customer_401,customer401@example.com,36,Australia,2024-09-19 11:49:09.859956,36-50,30890.81,10296.936666666666,3.0,2025-10-18 11:49:15.039313
402,Customer_402,customer402@example.com,70,France,2025-09-27 11:49:09.859956,51+,30285.21,4326.458571428571,7.0,2025-05-22 11:49:13.818449
403,Customer_403,customer403@example.com,47,USA,2024-12-16 11:49:09.859956,36-50,63204.560000000005,9029.222857142859,7.0,2025-09-23 11:49:14.533052
404,Customer_404,customer404@example.com,34,Canada,2025-07-08 11:49:09.859956,26-35,40806.31,13602.103333333333,3.0,2025-08-11 11:49:14.194252
405,Customer_405,customer405@example.com,80,Germany,2024-05-26 11:49:09.859956,51+,52178.01,13044.5025,4.0,2025-10-17 11:49:11.445804
406,Customer_406,customer406@example.com,70,USA,2023-12-31 11:49:09.859956,51+,6724.71,6724.71,1.0,2025-04-07 11:49:10.915249
407,Customer_407,customer407@example.com,73,France,2024-07-18 11:49:09.859956,51+,63539.33,9077.047142857144,7.0,2025-10-19 11:49:14.755047
408,Customer_408,customer408@example.com,44,USA,2025-04-25 11:49:09.859956,36-50,45514.68,9102.936,5.0,2025-10-29 11:49:14.997228
409,Customer_409,customer409@example.com,51,Canada,2024-02-05 11:49:09.859956,51+,26110.410000000003,8703.470000000001,3.0,2025-07-23 11:49:13.578857
410,Customer_410,customer410@example.com,66,Germany,2024-02-02 11:49:09.859956,51+,73176.19,12196.031666666668,6.0,2025-10-13 11:49:14.265998
411,Customer_411,customer411@example.com,46,USA,2025-04-09 11:49:09.859956,36-50,14549.66,14549.66,1.0,2025-08-04 11:49:12.755609
412,Customer_412,customer412@example.com,35,France,2025-06-22 11:49:09.859956,26-35,43392.11,14464.036666666667,3.0,2025-10-12 11:49:15.554850
413,Customer_413,customer413@example.com,77,Canada,2024-08-12 11:49:09.859956,51+,62928.92,10488.153333333334,6.0,2025-07-24 11:49:15.173730
414,Customer_414,customer414@example.com,74,Australia,2024-06-25 11:49:09.859956,51+,110546.93,10049.72090909091,11.0,2025-10-25 11:49:15.135985
415,Customer_415,customer415@example.com,25,USA,2024-01-28 11:49:09.860952,18-25,43452.0,8690.4,5.0,2025-09-25 11:49:12.982031
416,Customer_416,customer416@example.com,56,UK,2023-11-08 11:49:09.860952,51+,30672.309999999998,5112.051666666666,6.0,2025-10-19 11:49:15.492827
417,Customer_417,customer417@example.com,28,Canada,2024-04-18 11:49:09.860952,26-35,7839.15,7839.15,1.0,2025-09-10 11:49:12.938283
418,Customer_418,customer418@example.com,18,France,2024-09-12 11:49:09.860952,18-25,38179.97,7635.994000000001,5.0,2025-06-15 11:49:15.232736
419,Customer_419,customer419@example.com,23,UK,2025-07-10 11:49:09.860952,18-25,102482.78,12810.3475,8.0,2025-10-10 11:49:11.005896
420,Customer_420,customer420@example.com,47,USA,2024-01-10 11:49:09.860952,36-50,41668.81,10417.2025,4.0,2025-10-04 11:49:13.767181
421,Customer_421,customer421@example.com,71,UK,2024-06-11 11:49:09.860952,51+,32947.17,10982.39,3.0,2025-07-10 11:49:12.154211
422,Customer_422,customer422@example.com,77,Australia,2025-01-09 11:49:09.860952,51+,61358.14,7669.7675,8.0,2025-11-03 11:49:12.540101
423,Customer_423,customer423@example.com,50,Australia,2025-01-28 11:49:09.860952,36-50,6072.87,3036.435,2.0,2025-09-02 11:49:15.749083
424,Customer_424,customer424@example.com,44,Germany,2024-07-08 11:49:09.860952,36-50,79500.41,8833.378888888888,9.0,2025-10-21 11:49:12.595220
425,Customer_425,customer425@example.com,33,Germany,2024-04-18 11:49:09.860952,26-35,37043.55,6173.925,6.0,2025-08-10 11:49:10.823693
426,Customer_426,customer426@example.com,27,Germany,2025-04-22 11:49:09.860952,26-35,72364.58,10337.797142857144,7.0,2025-10-18 11:49:15.731052
427,Customer_427,customer427@example.com,76,France,2024-06-01 11:49:09.860952,51+,12046.53,4015.51,3.0,2025-02-16 11:49:10.226983
428,Customer_428,customer428@example.com,65,UK,2025-08-24 11:49:09.860952,51+,21381.48,4276.296,5.0,2025-07-15 11:49:10.562088
429,Customer_429,customer429@example.com,35,Germany,2024-11-20 11:49:09.860952,26-35,95621.66,10624.628888888888,9.0,2025-09-13 11:49:15.662504
430,Customer_430,customer430@example.com,77,France,2025-02-03 11:49:09.860952,51+,48273.86,8045.643333333333,6.0,2025-09-02 11:49:10.878244
431,Customer_431,customer431@example.com,70,USA,2025-01-18 11:49:09.860952,51+,64197.520000000004,9171.074285714287,7.0,2025-11-02 11:49:15.487832
432,Customer_432,customer432@example.com,64,Canada,2024-03-12 11:49:09.860952,51+,48825.75,12206.4375,4.0,2025-10-25 11:49:16.694922
433,Customer_433,customer433@example.com,55,Australia,2024-06-20 11:49:09.860952,51+,62779.72,10463.286666666667,6.0,2025-10-11 11:49:11.075384
434,Customer_434,customer434@example.com,73,UK,2024-08-03 11:49:09.860952,51+,12240.689999999999,6120.344999999999,2.0,2025-08-18 11:49:12.566962
435,Customer_435,customer435@example.com,52,Germany,2024-11-15 11:49:09.860952,51+,48171.11,6881.587142857143,7.0,2025-09-07 11:49:16.228788
436,Customer_436,customer436@example.com,39,France,2024-04-26 11:49:09.860952,36-50,25732.65,4288.775000000001,6.0,2025-10-29 11:49:11.591082
437,Customer_437,customer437@example.com,42,Germany,2024-12-09 11:49:09.860952,36-50,67424.79000000001,11237.465000000002,6.0,2025-08-13 11:49:16.184794
438,Customer_438,customer438@example.com,73,UK,2023-11-20 11:49:09.860952,51+,77948.8,11135.542857142858,7.0,2025-10-20 11:49:15.733045
439,Customer_439,customer439@example.com,33,France,2024-10-07 11:49:09.860952,26-35,85881.07,8588.107,10.0,2025-11-02 11:49:14.858349
440,Customer_440,customer440@example.com,32,Germany,2025-09-20 11:49:09.860952,26-35,56055.64,14013.91,4.0,2025-09-07 11:49:12.577741
441,Customer_441,customer441@example.com,38,Australia,2024-07-07 11:49:09.860952,36-50,73757.4,10536.771428571428,7.0,2025-08-28 11:49:14.947687
442,Customer_442,customer442@example.com,63,Germany,2024-10-04 11:49:09.860952,51+,16675.670000000002,4168.9175000000005,4.0,2025-05-16 11:49:13.530429
443,Customer_443,customer443@example.com,60,Australia,2025-06-01 11:49:09.860952,51+,10213.34,5106.67,2.0,2025-07-22 11:49:11.709833
444,Customer_444,customer444@example.com,49,USA,2025-06-27 11:49:09.860952,36-50,12544.49,12544.49,1.0,2025-07-29 11:49:12.107099
445,Customer_445,customer445@example.com,50,France,2024-11-29 11:49:09.860952,36-50,41914.45,8382.89,5.0,2025-09-22 11:49:15.866291
446,Customer_446,customer446@example.com,73,USA,2024-08-10 11:49:09.860952,51+,,,,
447,Customer_447,customer447@example.com,24,France,2024-07-24 11:49:09.860952,18-25,49348.020000000004,12337.005000000001,4.0,2025-09-06 11:49:10.116865
448,Customer_448,customer448@example.com,18,Australia,2025-06-09 11:49:09.860952,18-25,70304.1,11717.35,6.0,2025-09-30 11:49:16.415784
449,Customer_449,customer449@example.com,44,Australia,2025-05-29 11:49:09.860952,36-50,25852.920000000002,8617.640000000001,3.0,2025-07-20 11:49:11.356842
450,Customer_450,customer450@example.com,22,Germany,2025-02-05 11:49:09.860952,18-25,58725.97,14681.4925,4.0,2025-08-31 11:49:13.865210
451,Customer_451,customer451@example.com,39,France,2023-11-25 11:49:09.860952,36-50,43469.62,7244.936666666667,6.0,2025-09-22 11:49:15.928435
452,Customer_452,customer452@example.com,43,Australia,2025-08-13 11:49:09.860952,36-50,64887.24,7209.693333333333,9.0,2025-10-31 11:49:11.208628
453,Customer_453,customer453@example.com,72,Canada,2023-12-14 11:49:09.860952,51+,39499.9,6583.316666666667,6.0,2025-07-10 11:49:11.724742
454,Customer_454,customer454@example.com,72,France,2024-10-10 11:49:09.860952,51+,61557.81,6839.756666666666,9.0,2025-08-18 11:49:12.961091
455,Customer_455,customer455@example.com,79,Canada,2024-02-01 11:49:09.860952,51+,3889.83,3889.83,1.0,2025-02-22 11:49:12.021599
456,Customer_456,customer456@example.com,63,Germany,2024-04-28 11:49:09.860952,51+,49609.98,7087.14,7.0,2025-10-09 11:49:10.458188
457,Customer_457,customer457@example.com,20,France,2025-08-25 11:49:09.860952,18-25,49946.219999999994,8324.369999999999,6.0,2025-08-27 11:49:14.151883
458,Customer_458,customer458@example.com,33,Australia,2023-12-04 11:49:09.860952,26-35,38755.55,12918.516666666668,3.0,2025-08-11 11:49:15.116107
459,Customer_459,customer459@example.com,76,Canada,2025-03-16 11:49:09.860952,51+,77367.33,12894.555,6.0,2025-08-02 11:49:11.469283
460,Customer_460,customer460@example.com,65,USA,2024-08-16 11:49:09.860952,51+,32591.379999999997,8147.844999999999,4.0,2025-06-09 11:49:12.456866
461,Customer_461,customer461@example.com,80,USA,2024-01-25 11:49:09.860952,51+,44741.2,7456.866666666666,6.0,2025-09-13 11:49:15.702053
462,Customer_462,customer462@example.com,63,USA,2024-08-06 11:49:09.860952,51+,54653.52,9108.92,6.0,2025-09-18 11:49:11.507374
463,Customer_463,customer463@example.com,28,Australia,2025-01-01 11:49:09.860952,26-35,41641.91,8328.382000000001,5.0,2025-09-28 11:49:12.119095
464,Customer_464,customer464@example.com,75,USA,2025-09-17 11:49:09.860952,51+,80951.88,11564.554285714286,7.0,2025-08-19 11:49:10.656124
465,Customer_465,customer465@example.com,38,USA,2025-01-07 11:49:09.860952,36-50,84352.96,9372.551111111112,9.0,2025-10-12 11:49:14.933584
466,Customer_466,customer466@example.com,40,Canada,2024-08-19 11:49:09.860952,36-50,17611.43,5870.4766666666665,3.0,2025-09-01 11:49:16.169776
467,Customer_467,customer467@example.com,27,UK,2024-05-09 11:49:09.860952,26-35,150196.97,9387.310625,16.0,2025-09-05 11:49:15.758174
468,Customer_468,customer468@example.com,44,France,2023-12-06 11:49:09.860952,36-50,66021.69,8252.71125,8.0,2025-06-12 11:49:15.295391
469,Customer_469,customer469@example.com,68,UK,2025-05-13 11:49:09.860952,51+,26272.45,8757.483333333334,3.0,2025-07-26 11:49:11.544208
470,Customer_470,customer470@example.com,29,USA,2024-02-18 11:49:09.860952,26-35,42435.95,8487.189999999999,5.0,2025-08-20 11:49:16.502409
471,Customer_471,customer471@example.com,73,Germany,2024-02-08 11:49:09.860952,51+,30676.61,6135.322,5.0,2025-10-30 11:49:13.720585
472,Customer_472,customer472@example.com,61,UK,2024-06-12 11:49:09.860952,51+,12217.509999999998,6108.754999999999,2.0,2025-02-08 11:49:13.702575
473,Customer_473,customer473@example.com,76,France,2025-06-10 11:49:09.860952,51+,15612.060000000001,5204.02,3.0,2025-09-04 11:49:15.076072
474,Customer_474,customer474@example.com,32,Germany,2024-01-20 11:49:09.860952,26-35,36401.22,9100.305,4.0,2025-10-05 11:49:16.557433
475,Customer_475,customer475@example.com,34,Germany,2025-02-15 11:49:09.860952,26-35,75820.06999999999,8424.452222222222,9.0,2025-10-21 11:49:12.140097
476,Customer_476,customer476@example.com,60,USA,2024-07-15 11:49:09.860952,51+,63313.57,6331.357,10.0,2025-07-30 11:49:13.001002
477,Customer_477,customer477@example.com,75,Canada,2023-12-11 11:49:09.860952,51+,32326.07,16163.035,2.0,2025-09-23 11:49:10.190520
478,Customer_478,customer478@example.com,52,UK,2025-08-20 11:49:09.860952,51+,93485.87,11685.73375,8.0,2025-09-04 11:49:13.762179
479,Customer_479,customer479@example.com,46,Canada,2024-03-12 11:49:09.860952,36-50,44877.56,7479.593333333333,6.0,2025-10-05 11:49:16.120610
480,Customer_480,customer480@example.com,37,Australia,2024-08-26 11:49:09.860952,36-50,15193.830000000002,5064.610000000001,3.0,2025-07-16 11:49:16.325206
481,Customer_481,customer481@example.com,62,Canada,2024-07-24 11:49:09.860952,51+,43040.5,8608.1,5.0,2025-10-17 11:49:14.576763
482,Customer_482,customer482@example.com,72,Canada,2025-04-14 11:49:09.860952,51+,87279.95,10909.99375,8.0,2025-08-30 11:49:14.377385
483,Customer_483,customer483@example.com,42,Germany,2025-07-17 11:49:09.860952,36-50,29416.15,7354.0375,4.0,2025-09-18 11:49:15.239814
484,Customer_484,customer484@example.com,33,Germany,2024-03-28 11:49:09.860952,26-35,96751.59999999999,12093.949999999999,8.0,2025-10-02 11:49:14.085688
485,Customer_485,customer485@example.com,40,France,2025-01-05 11:49:09.860952,36-50,50629.35,10125.869999999999,5.0,2025-08-15 11:49:12.611222
486,Customer_486,customer486@example.com,62,Canada,2025-10-12 11:49:09.860952,51+,16891.989999999998,8445.994999999999,2.0,2025-09-23 11:49:16.327207
487,Customer_487,customer487@example.com,80,Australia,2024-09-24 11:49:09.860952,51+,43774.75,7295.791666666667,6.0,2025-08-05 11:49:11.711835
488,Customer_488,customer488@example.com,35,USA,2024-04-03 11:49:09.860952,26-35,24345.3,12172.65,2.0,2025-09-30 11:49:15.910926
489,Customer_489,customer489@example.com,73,Australia,2025-09-14 11:49:09.860952,51+,16456.710000000003,5485.570000000001,3.0,2025-08-30 11:49:15.217723
490,Customer_490,customer490@example.com,76,France,2024-06-13 11:49:09.860952,51+,34906.32,6981.264,5.0,2025-03-20 11:49:14.262099
491,Customer_491,customer491@example.com,71,Canada,2025-03-13 11:49:09.860952,51+,31391.2,10463.733333333334,3.0,2025-07-02 11:49:13.606758
492,Customer_492,customer492@example.com,56,Canada,2025-03-24 11:49:09.860952,51+,54456.11,10891.222,5.0,2025-07-31 11:49:11.039799
493,Customer_493,customer493@example.com,58,UK,2024-02-07 11:49:09.860952,51+,52138.45,10427.689999999999,5.0,2025-10-20 11:49:12.141106
494,Customer_494,customer494@example.com,34,Australia,2023-12-29 11:49:09.860952,26-35,10459.25,5229.625,2.0,2025-08-22 11:49:15.646571
495,Customer_495,customer495@example.com,61,UK,2024-01-30 11:49:09.860952,51+,29072.63,5814.526,5.0,2025-11-01 11:49:11.938488
496,Customer_496,customer496@example.com,24,Australia,2024-01-12 11:49:09.860952,18-25,9321.68,3107.226666666667,3.0,2025-10-17 11:49:11.239633
497,Customer_497,customer497@example.com,20,Canada,2024-08-09 11:49:09.860952,18-25,40596.630000000005,10149.157500000001,4.0,2025-09-24 11:49:12.954389
498,Customer_498,customer498@example.com,20,France,2024-10-26 11:49:09.860952,18-25,25077.05,8359.016666666666,3.0,2025-06-24 11:49:11.215545
499,Customer_499,customer499@example.com,64,UK,2025-08-03 11:49:09.860952,51+,17202.54,4300.635,4.0,2025-09-18 11:49:10.236887
500,Customer_500,customer500@example.com,76,Canada,2024-12-04 11:49:09.860952,51+,39374.01,6562.335,6.0,2025-10-27 11:49:13.598759
501,Customer_501,customer501@example.com,65,Germany,2025-05-08 11:49:09.860952,51+,47762.55,11940.6375,4.0,2025-10-20 11:49:12.618331
502,Customer_502,customer502@example.com,30,UK,2024-04-30 11:49:09.860952,26-35,54803.76,10960.752,5.0,2025-10-27 11:49:13.323874
503,Customer_503,customer503@example.com,74,Canada,2024-05-09 11:49:09.860952,51+,24940.5,8313.5,3.0,2025-05-25 11:49:14.310998
504,Customer_504,customer504@example.com,50,Canada,2025-05-19 11:49:09.860952,36-50,33974.32,8493.58,4.0,2025-08-11 11:49:12.979088
505,Customer_505,customer505@example.com,34,Germany,2025-01-05 11:49:09.860952,26-35,26267.33,8755.776666666667,3.0,2025-09-20 11:49:13.699575
506,Customer_506,customer506@example.com,65,Canada,2025-07-09 11:49:09.860952,51+,11814.630000000001,5907.3150000000005,2.0,2025-03-21 11:49:16.723138
507,Customer_507,customer507@example.com,47,USA,2025-06-12 11:49:09.860952,36-50,31713.21,10571.07,3.0,2025-01-22 11:49:12.569011
508,Customer_508,customer508@example.com,66,UK,2023-12-12 11:49:09.860952,51+,18354.77,9177.385,2.0,2025-01-05 11:49:16.219792
509,Customer_509,customer509@example.com,64,Australia,2024-09-23 11:49:09.860952,51+,32009.07,6401.814,5.0,2025-10-18 11:49:09.989808
510,Customer_510,customer510@example.com,79,France,2024-10-25 11:49:09.860952,51+,58110.14,9685.023333333333,6.0,2025-09-02 11:49:15.804711
511,Customer_511,customer511@example.com,23,Germany,2025-10-20 11:49:09.860952,18-25,20115.3,6705.099999999999,3.0,2025-10-21 11:49:15.792797
512,Customer_512,customer512@example.com,34,France,2025-06-30 11:49:09.860952,26-35,2666.5,2666.5,1.0,2025-01-22 11:49:14.623763
513,Customer_513,customer513@example.com,47,Canada,2023-12-16 11:49:09.860952,36-50,40678.49,10169.6225,4.0,2025-07-09 11:49:11.604079
514,Customer_514,customer514@example.com,65,Australia,2025-02-08 11:49:09.860952,51+,12983.73,6491.865,2.0,2025-01-18 11:49:12.941278
515,Customer_515,customer515@example.com,55,Germany,2024-01-20 11:49:09.860952,51+,53484.14,7640.591428571429,7.0,2025-09-13 11:49:10.904243
516,Customer_516,customer516@example.com,78,Canada,2025-07-16 11:49:09.860952,51+,19240.260000000002,6413.420000000001,3.0,2025-07-05 11:49:15.274395
517,Customer_517,customer517@example.com,61,UK,2024-07-09 11:49:09.860952,51+,28124.85,4687.474999999999,6.0,2025-11-01 11:49:13.792449
518,Customer_518,customer518@example.com,19,France,2024-04-08 11:49:09.860952,18-25,31126.45,7781.6125,4.0,2025-10-07 11:49:15.674136
519,Customer_519,customer519@example.com,38,France,2025-03-22 11:49:09.860952,36-50,19677.870000000003,9838.935000000001,2.0,2025-10-03 11:49:13.503445
520,Customer_520,customer520@example.com,59,USA,2024-01-23 11:49:09.860952,51+,35517.45,8879.3625,4.0,2025-10-21 11:49:12.189643
521,Customer_521,customer521@example.com,70,Germany,2023-11-17 11:49:09.860952,51+,47320.49,9464.098,5.0,2025-10-30 11:49:16.673913
522,Customer_522,customer522@example.com,37,Australia,2024-09-11 11:49:09.860952,36-50,42946.79,8589.358,5.0,2025-11-03 11:49:09.922965
523,Customer_523,customer523@example.com,25,UK,2025-09-18 11:49:09.860952,18-25,25859.08,8619.693333333335,3.0,2025-04-28 11:49:10.806682
524,Customer_524,customer524@example.com,78,USA,2024-12-27 11:49:09.860952,51+,48172.89,8028.815,6.0,2025-09-16 11:49:10.712911
525,Customer_525,customer525@example.com,49,USA,2025-07-27 11:49:09.860952,36-50,48576.4,9715.28,5.0,2025-06-13 11:49:16.670916
526,Customer_526,customer526@example.com,33,France,2025-06-18 11:49:09.860952,26-35,32400.91,5400.151666666667,6.0,2025-08-15 11:49:11.329276
527,Customer_527,customer527@example.com,42,Germany,2024-10-20 11:49:09.860952,36-50,8792.88,2930.9599999999996,3.0,2025-08-23 11:49:12.674597
528,Customer_528,customer528@example.com,60,Australia,2023-11-21 11:49:09.860952,51+,23849.25,4769.85,5.0,2025-06-22 11:49:14.585776
529,Customer_529,customer529@example.com,78,France,2024-08-31 11:49:09.860952,51+,7984.52,7984.52,1.0,2024-12-21 11:49:14.512202
530,Customer_530,customer530@example.com,55,Australia,2025-05-29 11:49:09.860952,51+,24690.66,12345.33,2.0,2025-06-29 11:49:12.492706
531,Customer_531,customer531@example.com,74,Germany,2024-01-03 11:49:09.860952,51+,66431.88,8303.985,8.0,2025-10-25 11:49:14.969308
532,Customer_532,customer532@example.com,24,Germany,2024-02-12 11:49:09.860952,18-25,10032.130000000001,5016.0650000000005,2.0,2025-04-20 11:49:13.537536
533,Customer_533,customer533@example.com,44,Canada,2025-10-01 11:49:09.860952,36-50,68944.0,11490.666666666666,6.0,2025-10-18 11:49:11.889484
534,Customer_534,customer534@example.com,62,Canada,2025-03-26 11:49:09.860952,51+,3608.24,3608.24,1.0,2025-10-28 11:49:14.542108
535,Customer_535,customer535@example.com,46,Germany,2025-03-07 11:49:09.860952,36-50,33899.79,6779.9580000000005,5.0,2025-10-13 11:49:16.561433
536,Customer_536,customer536@example.com,72,Canada,2025-07-25 11:49:09.860952,51+,25039.760000000002,6259.9400000000005,4.0,2025-06-07 11:49:14.294099
537,Customer_537,customer537@example.com,80,Australia,2024-10-23 11:49:09.860952,51+,45434.08,6490.582857142857,7.0,2025-10-25 11:49:12.454744
538,Customer_538,customer538@example.com,52,Australia,2024-11-01 11:49:09.860952,51+,42387.18,7064.53,6.0,2025-07-19 11:49:14.773198
539,Customer_539,customer539@example.com,21,Germany,2025-01-25 11:49:09.860952,18-25,19262.980000000003,9631.490000000002,2.0,2025-04-20 11:49:13.973037
540,Customer_540,customer540@example.com,30,USA,2024-07-26 11:49:09.860952,26-35,38358.0,7671.6,5.0,2025-10-14 11:49:12.970002
541,Customer_541,customer541@example.com,23,Australia,2025-03-31 11:49:09.860952,18-25,21248.21,7082.736666666667,3.0,2025-08-23 11:49:10.394273
542,Customer_542,customer542@example.com,59,Australia,2024-03-02 11:49:09.860952,51+,87623.22,10952.9025,8.0,2025-09-09 11:49:11.470278
543,Customer_543,customer543@example.com,80,USA,2025-09-13 11:49:09.860952,51+,24935.09,6233.7725,4.0,2025-08-07 11:49:13.774178
544,Customer_544,customer544@example.com,68,Canada,2025-02-27 11:49:09.860952,51+,40386.62,13462.206666666667,3.0,2025-08-07 11:49:13.074934
545,Customer_545,customer545@example.com,26,France,2025-04-07 11:49:09.860952,26-35,7429.82,2476.6066666666666,3.0,2025-10-31 11:49:11.475274
546,Customer_546,customer546@example.com,22,France,2025-04-05 11:49:09.860952,18-25,56805.32,14201.33,4.0,2025-08-28 11:49:14.940669
547,Customer_547,customer547@example.com,55,UK,2025-03-10 11:49:09.860952,51+,30887.95,5147.991666666667,6.0,2025-08-29 11:49:12.891285
548,Customer_548,customer548@example.com,39,UK,2024-03-03 11:49:09.860952,36-50,25017.449999999997,8339.15,3.0,2025-07-05 11:49:11.165072
549,Customer_549,customer549@example.com,18,Canada,2025-06-08 11:49:09.860952,18-25,36204.42,6034.07,6.0,2025-08-16 11:49:15.791808
550,Customer_550,customer550@example.com,26,France,2025-02-20 11:49:09.860952,26-35,55319.68,11063.936,5.0,2025-02-28 11:49:10.918255
551,Customer_551,customer551@example.com,69,UK,2025-07-14 11:49:09.860952,51+,80955.16,10119.395,8.0,2025-10-27 11:49:14.627766
552,Customer_552,customer552@example.com,60,USA,2025-06-22 11:49:09.860952,51+,30092.95,6018.59,5.0,2025-06-28 11:49:12.096010
553,Customer_553,customer553@example.com,18,Canada,2025-03-05 11:49:09.860952,18-25,56077.98,11215.596000000001,5.0,2025-09-16 11:49:12.310507
554,Customer_554,customer554@example.com,55,Canada,2025-10-18 11:49:09.860952,51+,17671.61,4417.9025,4.0,2025-10-24 11:49:11.649000
555,Customer_555,customer555@example.com,29,Canada,2025-09-11 11:49:09.860952,26-35,27109.65,6777.4125,4.0,2025-09-22 11:49:11.580092
556,Customer_556,customer556@example.com,26,Australia,2024-08-29 11:49:09.860952,26-35,52360.5,13090.125,4.0,2025-11-02 11:49:13.343875
557,Customer_557,customer557@example.com,51,USA,2025-08-30 11:49:09.860952,51+,39884.3,9971.075,4.0,2025-07-20 11:49:14.169262
558,Customer_558,customer558@example.com,48,Germany,2024-10-29 11:49:09.860952,36-50,31482.78,10494.26,3.0,2025-04-16 11:49:10.423585
559,Customer_559,customer559@example.com,50,France,2025-07-15 11:49:09.860952,36-50,21928.51,3654.7516666666666,6.0,2025-09-22 11:49:13.489432
560,Customer_560,customer560@example.com,46,France,2025-03-22 11:49:09.860952,36-50,80604.05,11514.864285714286,7.0,2025-10-26 11:49:14.883961
561,Customer_561,customer561@example.com,78,France,2025-09-20 11:49:09.860952,51+,83502.45999999999,9278.05111111111,9.0,2025-08-21 11:49:14.772196
562,Customer_562,customer562@example.com,64,Australia,2024-05-19 11:49:09.860952,51+,13819.86,6909.93,2.0,2025-09-11 11:49:12.829446
563,Customer_563,customer563@example.com,37,Germany,2024-01-15 11:49:09.860952,36-50,,,,
564,Customer_564,customer564@example.com,79,USA,2025-09-02 11:49:09.860952,51+,17739.79,5913.263333333333,3.0,2025-11-01 11:49:14.042041
565,Customer_565,customer565@example.com,48,Germany,2024-08-24 11:49:09.860952,36-50,9887.7,9887.7,1.0,2025-01-19 11:49:11.719833
566,Customer_566,customer566@example.com,61,USA,2024-06-19 11:49:09.860952,51+,63821.86,7091.317777777778,9.0,2025-09-07 11:49:13.428744
567,Customer_567,customer567@example.com,63,Germany,2025-08-20 11:49:09.860952,51+,31768.92,5294.82,6.0,2025-06-28 11:49:16.725199
568,Customer_568,customer568@example.com,75,USA,2024-12-09 11:49:09.860952,51+,33857.22,8464.305,4.0,2025-05-24 11:49:12.887274
569,Customer_569,customer569@example.com,56,UK,2025-08-28 11:49:09.860952,51+,35837.939999999995,7167.587999999999,5.0,2025-04-12 11:49:15.080977
570,Customer_570,customer570@example.com,26,Canada,2024-02-03 11:49:09.860952,26-35,13505.52,2701.1040000000003,5.0,2025-10-28 11:49:12.688598
571,Customer_571,customer571@example.com,58,France,2024-04-21 11:49:09.860952,51+,40214.58,6702.43,6.0,2025-09-03 11:49:12.756608
572,Customer_572,customer572@example.com,63,Canada,2024-10-09 11:49:09.860952,51+,64432.5,9204.642857142857,7.0,2025-09-17 11:49:15.499751
573,Customer_573,customer573@example.com,56,France,2025-01-06 11:49:09.860952,51+,43364.71,7227.451666666667,6.0,2025-09-28 11:49:14.852702
574,Customer_574,customer574@example.com,47,France,2024-02-23 11:49:09.861952,36-50,56692.43,8098.918571428571,7.0,2025-09-10 11:49:13.244448
575,Customer_575,customer575@example.com,45,USA,2023-11-16 11:49:09.861952,36-50,92164.7,15360.783333333333,6.0,2025-10-01 11:49:12.036603
576,Customer_576,customer576@example.com,25,Australia,2024-01-07 11:49:09.861952,18-25,19196.11,6398.703333333334,3.0,2025-06-27 11:49:10.928255
577,Customer_577,customer577@example.com,74,France,2025-03-28 11:49:09.861952,51+,46976.08,7829.346666666667,6.0,2025-10-31 11:49:10.222011
578,Customer_578,customer578@example.com,45,Germany,2025-03-15 11:49:09.861952,36-50,54239.340000000004,6779.9175000000005,8.0,2025-10-11 11:49:10.094867
579,Customer_579,customer579@example.com,44,Canada,2024-07-27 11:49:09.861952,36-50,32195.989999999998,8048.9974999999995,4.0,2025-10-05 11:49:14.739981
580,Customer_580,customer580@example.com,43,Germany,2025-07-29 11:49:09.861952,36-50,77202.42,12867.07,6.0,2025-09-15 11:49:12.051636
581,Customer_581,customer581@example.com,38,Germany,2024-12-18 11:49:09.861952,36-50,68783.70999999999,8597.963749999999,8.0,2025-10-31 11:49:14.045116
582,Customer_582,customer582@example.com,60,Canada,2024-10-16 11:49:09.861952,51+,61418.17,7677.27125,8.0,2025-10-29 11:49:12.336510
583,Customer_583,customer583@example.com,79,UK,2023-12-01 11:49:09.861952,51+,83298.86,11899.837142857143,7.0,2025-09-23 11:49:13.136843
584,Customer_584,customer584@example.com,77,Germany,2025-08-27 11:49:09.861952,51+,20064.47,4012.8940000000002,5.0,2025-11-01 11:49:15.958470
585,Customer_585,customer585@example.com,23,USA,2025-07-31 11:49:09.861952,18-25,64078.04,8009.755,8.0,2025-10-25 11:49:14.038045
586,Customer_586,customer586@example.com,45,USA,2024-10-18 11:49:09.861952,36-50,33034.39,16517.195,2.0,2025-10-29 11:49:16.156659
587,Customer_587,customer587@example.com,69,UK,2024-04-13 11:49:09.861952,51+,46059.200000000004,11514.800000000001,4.0,2025-10-24 11:49:16.252770
588,Customer_588,customer588@example.com,21,France,2024-04-07 11:49:09.861952,18-25,25614.17,6403.5425,4.0,2025-10-17 11:49:10.927253
589,Customer_589,customer589@example.com,53,Canada,2023-12-18 11:49:09.861952,51+,16598.29,5532.763333333333,3.0,2025-09-06 11:49:14.937585
590,Customer_590,customer590@example.com,25,Germany,2024-11-06 11:49:09.861952,18-25,57392.71,6376.967777777778,9.0,2025-10-03 11:49:14.189254
591,Customer_591,customer591@example.com,73,Australia,2024-08-27 11:49:09.861952,51+,24560.36,6140.09,4.0,2025-09-19 11:49:14.056128
592,Customer_592,customer592@example.com,73,Australia,2025-09-12 11:49:09.861952,51+,44607.82,11151.955,4.0,2025-09-13 11:49:14.799131
593,Customer_593,customer593@example.com,79,Canada,2024-02-28 11:49:09.861952,51+,38979.29,7795.858,5.0,2025-10-09 11:49:09.946077
594,Customer_594,customer594@example.com,37,Canada,2025-07-20 11:49:09.861952,36-50,72354.27,12059.045,6.0,2025-09-28 11:49:12.806343
595,Customer_595,customer595@example.com,54,France,2025-03-31 11:49:09.861952,51+,34167.64,8541.91,4.0,2025-06-25 11:49:16.622441
596,Customer_596,customer596@example.com,27,Australia,2024-06-28 11:49:09.861952,26-35,41976.92,6996.153333333333,6.0,2025-06-29 11:49:13.873294
597,Customer_597,customer597@example.com,32,USA,2024-11-10 11:49:09.861952,26-35,30536.879999999997,10178.96,3.0,2025-10-22 11:49:12.421820
598,Customer_598,customer598@example.com,72,France,2024-10-23 11:49:09.861952,51+,53839.270000000004,7691.324285714286,7.0,2025-09-21 11:49:14.307092
599,Customer_599,customer599@example.com,25,Canada,2024-03-26 11:49:09.861952,18-25,46786.26,5848.2825,8.0,2025-10-26 11:49:13.788454
600,Customer_600,customer600@example.com,32,Germany,2024-04-08 11:49:09.861952,26-35,62974.92,10495.82,6.0,2025-10-30 11:49:11.627040
601,Customer_601,customer601@example.com,80,France,2024-02-14 11:49:09.861952,51+,14960.960000000001,7480.4800000000005,2.0,2025-08-15 11:49:14.844697
602,Customer_602,customer602@example.com,61,Australia,2024-04-12 11:49:09.861952,51+,22670.51,7556.836666666666,3.0,2025-08-11 11:49:13.823462
603,Customer_603,customer603@example.com,19,France,2023-12-31 11:49:09.861952,18-25,39170.56,9792.64,4.0,2025-11-01 11:49:10.061456
604,Customer_604,customer604@example.com,71,Australia,2025-02-03 11:49:09.861952,51+,56619.28,11323.856,5.0,2025-11-03 11:49:13.643436
605,Customer_605,customer605@example.com,19,UK,2025-01-28 11:49:09.861952,18-25,26135.23,5227.046,5.0,2025-08-07 11:49:13.807457
606,Customer_606,customer606@example.com,62,Canada,2024-11-21 11:49:09.861952,51+,42090.08,7015.013333333333,6.0,2025-10-19 11:49:13.487443
607,Customer_607,customer607@example.com,40,USA,2025-05-02 11:49:09.861952,36-50,30115.829999999998,10038.609999999999,3.0,2025-09-26 11:49:12.988003
608,Customer_608,customer608@example.com,73,UK,2024-04-03 11:49:09.861952,51+,26940.11,8980.036666666667,3.0,2025-10-02 11:49:15.590566
609,Customer_609,customer609@example.com,60,Germany,2025-08-24 11:49:09.861952,51+,74700.55,9337.56875,8.0,2025-08-04 11:49:13.460430
610,Customer_610,customer610@example.com,27,Australia,2024-01-25 11:49:09.861952,26-35,21409.8,5352.45,4.0,2025-06-19 11:49:15.457182
611,Customer_611,customer611@example.com,80,USA,2025-08-02 11:49:09.861952,51+,92623.2,11577.9,8.0,2025-07-20 11:49:12.466677
612,Customer_612,customer612@example.com,65,France,2025-03-28 11:49:09.861952,51+,47746.96,15915.653333333334,3.0,2025-10-29 11:49:13.028996
613,Customer_613,customer613@example.com,42,Germany,2024-07-27 11:49:09.861952,36-50,63536.12,12707.224,5.0,2025-11-01 11:49:14.952682
614,Customer_614,customer614@example.com,39,UK,2024-10-21 11:49:09.861952,36-50,63196.89,9028.127142857144,7.0,2025-09-26 11:49:16.518416
615,Customer_615,customer615@example.com,37,Australia,2024-12-06 11:49:09.861952,36-50,18418.02,4604.505,4.0,2025-08-13 11:49:10.845722
616,Customer_616,customer616@example.com,67,France,2024-03-03 11:49:09.861952,51+,23352.29,5838.0725,4.0,2025-05-31 11:49:10.390245
617,Customer_617,customer617@example.com,23,USA,2025-05-28 11:49:09.861952,18-25,35865.4,8966.35,4.0,2025-09-17 11:49:13.562374
618,Customer_618,customer618@example.com,28,France,2025-09-14 11:49:09.861952,26-35,51965.42,12991.355,4.0,2025-04-23 11:49:16.194784
619,Customer_619,customer619@example.com,61,USA,2025-01-29 11:49:09.861952,51+,50798.340000000004,8466.390000000001,6.0,2025-10-23 11:49:10.335271
620,Customer_620,customer620@example.com,46,Australia,2024-08-26 11:49:09.861952,36-50,87375.24,12482.177142857143,7.0,2025-09-22 11:49:13.258863
621,Customer_621,customer621@example.com,49,France,2024-08-08 11:49:09.861952,36-50,37015.229999999996,7403.045999999999,5.0,2025-10-02 11:49:12.535091
622,Customer_622,customer622@example.com,44,Canada,2025-03-28 11:49:09.861952,36-50,17804.23,8902.115,2.0,2025-09-16 11:49:16.378872
623,Customer_623,customer623@example.com,66,France,2025-07-10 11:49:09.861952,51+,55383.02,7911.86,7.0,2025-10-24 11:49:14.543107
624,Customer_624,customer624@example.com,40,Germany,2025-07-13 11:49:09.861952,36-50,61698.48,10283.08,6.0,2025-09-18 11:49:13.519445
625,Customer_625,customer625@example.com,36,Australia,2023-12-10 11:49:09.861952,36-50,36271.8,9067.95,4.0,2025-09-11 11:49:15.577601
626,Customer_626,customer626@example.com,55,Germany,2024-05-13 11:49:09.861952,51+,35428.22,8857.055,4.0,2025-08-18 11:49:12.972096
627,Customer_627,customer627@example.com,60,Canada,2025-09-18 11:49:09.861952,51+,67319.93,9617.132857142857,7.0,2025-10-16 11:49:12.231558
628,Customer_628,customer628@example.com,32,Germany,2024-02-29 11:49:09.861952,26-35,39650.08,6608.346666666667,6.0,2025-06-30 11:49:13.734586
629,Customer_629,customer629@example.com,21,USA,2025-04-08 11:49:09.861952,18-25,14744.259999999998,4914.753333333333,3.0,2025-07-12 11:49:10.193515
630,Customer_630,customer630@example.com,37,UK,2025-06-16 11:49:09.861952,36-50,35422.03,11807.343333333332,3.0,2025-09-06 11:49:14.262099
631,Customer_631,customer631@example.com,66,Canada,2025-01-11 11:49:09.861952,51+,18109.219999999998,9054.609999999999,2.0,2025-07-16 11:49:12.987002
632,Customer_632,customer632@example.com,38,USA,2025-10-27 11:49:09.861952,36-50,38166.0,4240.666666666667,9.0,2025-10-16 11:49:12.121101
633,Customer_633,customer633@example.com,49,Australia,2024-08-20 11:49:09.861952,36-50,22969.940000000002,4593.988,5.0,2025-08-15 11:49:12.955384
634,Customer_634,customer634@example.com,29,UK,2024-10-10 11:49:09.861952,26-35,65848.53,8231.06625,8.0,2025-09-29 11:49:16.412873
635,Customer_635,customer635@example.com,52,Australia,2025-03-13 11:49:09.861952,51+,15747.95,5249.316666666667,3.0,2025-08-03 11:49:11.711835
636,Customer_636,customer636@example.com,50,France,2023-12-20 11:49:09.861952,36-50,63282.47,10547.078333333333,6.0,2025-09-25 11:49:15.040317
637,Customer_637,customer637@example.com,69,Canada,2025-08-22 11:49:09.861952,51+,51373.21,8562.201666666666,6.0,2025-09-23 11:49:14.143677
638,Customer_638,customer638@example.com,43,Australia,2025-09-21 11:49:09.861952,36-50,43789.43,8757.886,5.0,2025-08-19 11:49:13.814357
639,Customer_639,customer639@example.com,45,USA,2024-07-21 11:49:09.861952,36-50,49022.97,8170.495,6.0,2025-10-10 11:49:13.545648
640,Customer_640,customer640@example.com,76,USA,2024-12-18 11:49:09.861952,51+,71707.63,10243.947142857143,7.0,2025-09-01 11:49:10.991805
641,Customer_641,customer641@example.com,54,Germany,2024-03-26 11:49:09.861952,51+,32528.11,6505.622,5.0,2025-08-31 11:49:10.836695
642,Customer_642,customer642@example.com,43,Australia,2024-01-18 11:49:09.861952,36-50,27989.23,4664.871666666667,6.0,2025-10-05 11:49:13.251444
643,Customer_643,customer643@example.com,44,Canada,2025-07-09 11:49:09.861952,36-50,11665.5,3888.5,3.0,2025-10-22 11:49:16.268433
644,Customer_644,customer644@example.com,43,USA,2024-12-06 11:49:09.861952,36-50,11255.0,5627.5,2.0,2025-05-25 11:49:14.326998
645,Customer_645,customer645@example.com,28,France,2024-07-20 11:49:09.861952,26-35,52957.09,6619.63625,8.0,2025-10-21 11:49:11.357851
646,Customer_646,customer646@example.com,71,Australia,2024-10-29 11:49:09.861952,51+,28883.14,7220.785,4.0,2025-10-14 11:49:15.211817
647,Customer_647,customer647@example.com,23,Germany,2025-07-18 11:49:09.861952,18-25,16803.8,3360.7599999999998,5.0,2025-06-10 11:49:15.639566
648,Customer_648,customer648@example.com,33,Germany,2024-03-10 11:49:09.861952,26-35,32251.760000000002,6450.352000000001,5.0,2025-09-25 11:49:11.354729
649,Customer_649,customer649@example.com,43,France,2025-08-15 11:49:09.861952,36-50,51528.1,10305.619999999999,5.0,2025-08-23 11:49:14.036041
650,Customer_650,customer650@example.com,43,Canada,2024-11-21 11:49:09.861952,36-50,31591.14,6318.228,5.0,2025-08-15 11:49:10.206697
651,Customer_651,customer651@example.com,32,Canada,2025-05-15 11:49:09.861952,26-35,20208.42,6736.139999999999,3.0,2025-10-22 11:49:13.896204
652,Customer_652,customer652@example.com,22,France,2024-01-25 11:49:09.861952,18-25,73267.53,8140.836666666666,9.0,2025-10-25 11:49:11.399593
653,Customer_653,customer653@example.com,25,France,2024-05-30 11:49:09.861952,18-25,33105.509999999995,6621.101999999999,5.0,2025-08-17 11:49:15.441156
654,Customer_654,customer654@example.com,30,Canada,2024-11-09 11:49:09.861952,26-35,64971.82,9281.68857142857,7.0,2025-10-05 11:49:13.889203
655,Customer_655,customer655@example.com,64,Australia,2025-06-05 11:49:09.861952,51+,20808.4,4161.68,5.0,2025-10-26 11:49:15.180731
656,Customer_656,customer656@example.com,33,USA,2025-06-07 11:49:09.861952,26-35,33506.75,6701.35,5.0,2025-06-05 11:49:10.739117
657,Customer_657,customer657@example.com,34,UK,2025-05-10 11:49:09.861952,26-35,22820.41,22820.41,1.0,2024-11-07 11:49:12.728601
658,Customer_658,customer658@example.com,56,UK,2024-01-02 11:49:09.861952,51+,19385.2,6461.733333333334,3.0,2025-10-10 11:49:11.670815
659,Customer_659,customer659@example.com,22,UK,2024-01-30 11:49:09.861952,18-25,18035.37,4508.8425,4.0,2025-07-22 11:49:13.462429
660,Customer_660,customer660@example.com,49,Germany,2024-04-05 11:49:09.861952,36-50,7763.51,7763.51,1.0,2025-03-31 11:49:11.423687
661,Customer_661,customer661@example.com,66,France,2024-08-01 11:49:09.861952,51+,58531.32,11706.264,5.0,2025-07-03 11:49:13.566767
662,Customer_662,customer662@example.com,61,France,2024-01-15 11:49:09.861952,51+,19609.53,4902.3825,4.0,2025-10-04 11:49:12.779437
663,Customer_663,customer663@example.com,58,France,2024-12-08 11:49:09.861952,51+,18495.2,9247.6,2.0,2025-09-24 11:49:09.961806
664,Customer_664,customer664@example.com,73,Australia,2024-12-15 11:49:09.861952,51+,50404.67,7200.667142857143,7.0,2025-10-24 11:49:16.682909
665,Customer_665,customer665@example.com,27,Germany,2025-08-26 11:49:09.861952,26-35,52797.509999999995,10559.501999999999,5.0,2025-11-01 11:49:16.206787
666,Customer_666,customer666@example.com,48,Germany,2024-01-27 11:49:09.861952,36-50,55288.47,9214.745,6.0,2025-10-14 11:49:10.668026
667,Customer_667,customer667@example.com,37,Canada,2024-03-08 11:49:09.861952,36-50,62156.689999999995,10359.448333333332,6.0,2025-06-17 11:49:12.678594
668,Customer_668,customer668@example.com,21,Canada,2024-06-02 11:49:09.861952,18-25,42623.729999999996,8524.746,5.0,2025-07-03 11:49:13.443906
669,Customer_669,customer669@example.com,22,Canada,2024-07-19 11:49:09.861952,18-25,24065.45,12032.725,2.0,2025-09-30 11:49:12.668600
670,Customer_670,customer670@example.com,46,USA,2025-09-06 11:49:09.861952,36-50,39459.159999999996,6576.526666666666,6.0,2025-10-04 11:49:16.569969
671,Customer_671,customer671@example.com,41,Canada,2025-08-17 11:49:09.861952,36-50,33447.729999999996,6689.545999999999,5.0,2025-09-24 11:49:16.500417
672,Customer_672,customer672@example.com,59,USA,2024-02-13 11:49:09.861952,51+,36645.03999999999,12215.01333333333,3.0,2025-10-02 11:49:12.151216
673,Customer_673,customer673@example.com,56,France,2024-10-06 11:49:09.861952,51+,40570.74,8114.147999999999,5.0,2025-10-21 11:49:10.998807
674,Customer_674,customer674@example.com,47,France,2024-04-15 11:49:09.861952,36-50,27894.37,13947.185,2.0,2025-02-02 11:49:10.495286
675,Customer_675,customer675@example.com,79,Australia,2025-09-22 11:49:09.861952,51+,27881.34,9293.78,3.0,2025-01-08 11:49:11.956581
676,Customer_676,customer676@example.com,46,France,2024-01-06 11:49:09.861952,36-50,41601.33,6933.555,6.0,2025-08-06 11:49:12.095010
677,Customer_677,customer677@example.com,30,Canada,2024-02-23 11:49:09.861952,26-35,12873.6,6436.8,2.0,2025-09-09 11:49:11.804564
678,Customer_678,customer678@example.com,48,France,2025-06-02 11:49:09.861952,36-50,66051.05,16512.7625,4.0,2025-07-29 11:49:14.268996
679,Customer_679,customer679@example.com,79,USA,2024-07-30 11:49:09.861952,51+,59609.96,9934.993333333334,6.0,2025-09-19 11:49:15.728044
680,Customer_680,customer680@example.com,24,Canada,2025-08-09 11:49:09.861952,18-25,59458.479999999996,11891.696,5.0,2025-09-17 11:49:13.228295
681,Customer_681,customer681@example.com,50,Australia,2025-05-11 11:49:09.861952,36-50,54192.56,10838.511999999999,5.0,2025-10-23 11:49:14.016048
682,Customer_682,customer682@example.com,20,UK,2023-11-10 11:49:09.861952,18-25,54478.229999999996,6809.7787499999995,8.0,2025-09-20 11:49:13.037094
683,Customer_683,customer683@example.com,46,Germany,2024-05-16 11:49:09.861952,36-50,22410.050000000003,7470.016666666667,3.0,2025-07-06 11:49:12.991998
684,Customer_684,customer684@example.com,51,France,2025-05-25 11:49:09.861952,51+,37830.37,7566.0740000000005,5.0,2025-08-04 11:49:16.559436
685,Customer_685,customer685@example.com,41,Canada,2025-01-18 11:49:09.861952,36-50,48026.8,9605.36,5.0,2025-10-15 11:49:14.580684
686,Customer_686,customer686@example.com,42,Germany,2024-11-22 11:49:09.861952,36-50,712.41,712.41,1.0,2024-11-16 11:49:15.638569
687,Customer_687,customer687@example.com,61,France,2025-09-11 11:49:09.861952,51+,48287.64,8047.94,6.0,2025-06-22 11:49:10.356987
688,Customer_688,customer688@example.com,68,Australia,2024-01-11 11:49:09.861952,51+,71316.25,11886.041666666666,6.0,2025-08-13 11:49:13.576875
689,Customer_689,customer689@example.com,39,USA,2024-12-01 11:49:09.861952,36-50,7864.16,7864.16,1.0,2025-02-13 11:49:11.609080
690,Customer_690,customer690@example.com,24,France,2023-12-10 11:49:09.861952,18-25,17559.74,8779.87,2.0,2025-09-19 11:49:11.158181
691,Customer_691,customer691@example.com,42,Canada,2025-02-18 11:49:09.861952,36-50,37801.06,7560.2119999999995,5.0,2025-09-14 11:49:16.574974
692,Customer_692,customer692@example.com,64,Australia,2024-02-25 11:49:09.861952,51+,45167.72,15055.906666666668,3.0,2025-07-30 11:49:12.778442
693,Customer_693,customer693@example.com,73,UK,2024-11-27 11:49:09.861952,51+,103170.14,11463.34888888889,9.0,2025-06-23 11:49:12.761355
694,Customer_694,customer694@example.com,23,France,2023-12-25 11:49:09.861952,18-25,81313.31,8131.331,10.0,2025-09-11 11:49:15.556849
695,Customer_695,customer695@example.com,27,Canada,2024-12-21 11:49:09.861952,26-35,55028.05,9171.341666666667,6.0,2025-10-21 11:49:13.765167
696,Customer_696,customer696@example.com,79,Australia,2023-11-19 11:49:09.861952,51+,66774.55,8346.81875,8.0,2025-07-19 11:49:10.179511
697,Customer_697,customer697@example.com,60,Germany,2025-06-24 11:49:09.861952,51+,71003.89,10143.412857142857,7.0,2025-09-08 11:49:14.994311
698,Customer_698,customer698@example.com,56,Australia,2025-08-09 11:49:09.861952,51+,39875.54,7975.108,5.0,2025-10-18 11:49:12.160924
699,Customer_699,customer699@example.com,37,France,2024-10-14 11:49:09.861952,36-50,59956.59,11991.318,5.0,2025-10-22 11:49:12.784433
700,Customer_700,customer700@example.com,59,Canada,2025-06-26 11:49:09.861952,51+,54735.58,7819.368571428572,7.0,2025-09-10 11:49:13.854568
701,Customer_701,customer701@example.com,60,Australia,2023-12-03 11:49:09.861952,51+,64209.14,9172.734285714285,7.0,2025-11-03 11:49:14.226263
702,Customer_702,customer702@example.com,76,France,2025-07-31 11:49:09.861952,51+,23649.7,7883.233333333334,3.0,2025-10-06 11:49:11.760668
703,Customer_703,customer703@example.com,59,Australia,2024-08-27 11:49:09.861952,51+,25955.99,8651.996666666668,3.0,2025-07-27 11:49:13.516432
704,Customer_704,customer704@example.com,50,Canada,2025-10-16 11:49:09.861952,36-50,22733.07,7577.69,3.0,2025-09-04 11:49:12.645997
705,Customer_705,customer705@example.com,41,Canada,2025-05-03 11:49:09.861952,36-50,48053.95,16017.983333333332,3.0,2025-10-19 11:49:11.319272
706,Customer_706,customer706@example.com,78,UK,2024-11-19 11:49:09.861952,51+,26337.34,5267.468,5.0,2025-09-29 11:49:11.818656
707,Customer_707,customer707@example.com,78,Germany,2025-04-21 11:49:09.861952,51+,43115.51,8623.102,5.0,2025-07-17 11:49:12.200560
708,Customer_708,customer708@example.com,32,UK,2025-05-29 11:49:09.861952,26-35,13822.05,4607.349999999999,3.0,2025-08-24 11:49:11.949889
709,Customer_709,customer709@example.com,22,Canada,2025-07-23 11:49:09.861952,18-25,44348.08,8869.616,5.0,2025-07-16 11:49:16.629440
710,Customer_710,customer710@example.com,50,France,2024-05-13 11:49:09.861952,36-50,43840.39,7306.731666666667,6.0,2025-05-21 11:49:13.433394
711,Customer_711,customer711@example.com,20,Australia,2024-11-24 11:49:09.861952,18-25,20175.379999999997,6725.126666666666,3.0,2025-10-13 11:49:12.966997
712,Customer_712,customer712@example.com,74,France,2025-06-22 11:49:09.861952,51+,22461.44,5615.36,4.0,2025-10-17 11:49:14.636681
713,Customer_713,customer713@example.com,56,Germany,2025-05-30 11:49:09.861952,51+,32715.57,8178.8925,4.0,2025-10-14 11:49:10.801684
714,Customer_714,customer714@example.com,28,UK,2023-11-25 11:49:09.861952,26-35,52910.42,7558.631428571428,7.0,2025-08-08 11:49:14.646697
715,Customer_715,customer715@example.com,67,France,2025-05-18 11:49:09.861952,51+,20417.08,5104.27,4.0,2025-08-25 11:49:12.194647
716,Customer_716,customer716@example.com,64,Germany,2025-09-20 11:49:09.861952,51+,45042.810000000005,11260.702500000001,4.0,2025-06-02 11:49:15.769712
717,Customer_717,customer717@example.com,44,Canada,2023-12-12 11:49:09.861952,36-50,62736.92,12547.384,5.0,2025-11-02 11:49:15.361425
718,Customer_718,customer718@example.com,64,UK,2024-08-06 11:49:09.861952,51+,85962.8,10745.35,8.0,2025-09-23 11:49:16.529410
719,Customer_719,customer719@example.com,57,Canada,2024-08-01 11:49:09.861952,51+,15287.4,7643.7,2.0,2025-07-22 11:49:14.648706
720,Customer_720,customer720@example.com,32,France,2025-03-04 11:49:09.861952,26-35,59219.03,11843.806,5.0,2025-08-18 11:49:12.661594
721,Customer_721,customer721@example.com,37,Germany,2025-04-19 11:49:09.862953,36-50,7743.5199999999995,2581.173333333333,3.0,2025-09-18 11:49:12.224653
722,Customer_722,customer722@example.com,41,Australia,2024-03-29 11:49:09.862953,36-50,63397.62,12679.524000000001,5.0,2025-06-13 11:49:13.923507
723,Customer_723,customer723@example.com,46,Germany,2025-01-19 11:49:09.862953,36-50,11624.720000000001,5812.360000000001,2.0,2025-04-22 11:49:10.883282
724,Customer_724,customer724@example.com,67,Germany,2024-06-07 11:49:09.862953,51+,27790.989999999998,5558.197999999999,5.0,2025-10-02 11:49:10.173517
725,Customer_725,customer725@example.com,51,Germany,2025-05-22 11:49:09.862953,51+,54453.14,6050.348888888889,9.0,2025-10-12 11:49:13.982051
726,Customer_726,customer726@example.com,70,UK,2024-02-23 11:49:09.862953,51+,17938.88,5979.626666666667,3.0,2025-08-27 11:49:14.284997
727,Customer_727,customer727@example.com,26,Canada,2025-09-11 11:49:09.862953,26-35,12135.35,6067.675,2.0,2025-07-27 11:49:10.823693
728,Customer_728,customer728@example.com,59,Germany,2024-10-19 11:49:09.862953,51+,34359.19,6871.838000000001,5.0,2025-09-17 11:49:13.171229
729,Customer_729,customer729@example.com,53,USA,2023-11-06 11:49:09.862953,51+,40301.0,8060.2,5.0,2025-09-23 11:49:10.059455
730,Customer_730,customer730@example.com,72,France,2025-06-29 11:49:09.862953,51+,34820.85,8705.2125,4.0,2025-08-27 11:49:12.625237
731,Customer_731,customer731@example.com,36,USA,2025-05-23 11:49:09.862953,36-50,49630.14,8271.69,6.0,2025-08-24 11:49:13.203233
732,Customer_732,customer732@example.com,35,Germany,2024-05-27 11:49:09.862953,26-35,23080.08,4616.0160000000005,5.0,2025-10-02 11:49:13.985086
733,Customer_733,customer733@example.com,27,Germany,2025-08-02 11:49:09.862953,26-35,46989.76,9397.952000000001,5.0,2025-09-24 11:49:11.774564
734,Customer_734,customer734@example.com,78,UK,2024-07-30 11:49:09.862953,51+,54970.29,7852.898571428572,7.0,2025-10-11 11:49:15.110070
735,Customer_735,customer735@example.com,74,Canada,2025-10-07 11:49:09.862953,51+,34671.89,4953.127142857143,7.0,2025-08-10 11:49:16.549408
736,Customer_736,customer736@example.com,44,USA,2024-09-24 11:49:09.862953,36-50,33842.88,8460.72,4.0,2025-10-10 11:49:15.743142
737,Customer_737,customer737@example.com,50,Canada,2025-03-07 11:49:09.862953,36-50,49126.409999999996,8187.735,6.0,2025-10-25 11:49:10.191522
738,Customer_738,customer738@example.com,42,USA,2024-10-16 11:49:09.862953,36-50,41590.009999999995,13863.336666666664,3.0,2025-04-26 11:49:12.378363
739,Customer_739,customer739@example.com,32,USA,2024-12-12 11:49:09.862953,26-35,27315.809999999998,9105.269999999999,3.0,2025-06-22 11:49:12.283412
740,Customer_740,customer740@example.com,77,USA,2024-01-08 11:49:09.862953,51+,5572.389999999999,2786.1949999999997,2.0,2025-07-17 11:49:15.861825
741,Customer_741,customer741@example.com,39,UK,2025-06-16 11:49:09.862953,36-50,67973.64,9710.52,7.0,2025-10-27 11:49:12.934280
742,Customer_742,customer742@example.com,20,Canada,2024-07-08 11:49:09.862953,18-25,63707.62,10617.936666666666,6.0,2025-08-10 11:49:13.708585
743,Customer_743,customer743@example.com,62,UK,2023-11-12 11:49:09.862953,51+,39615.19,9903.7975,4.0,2025-07-22 11:49:15.088033
744,Customer_744,customer744@example.com,48,Germany,2024-02-12 11:49:09.862953,36-50,42537.9,6076.842857142858,7.0,2025-10-01 11:49:14.127675
745,Customer_745,customer745@example.com,18,USA,2025-10-15 11:49:09.862953,18-25,37839.7,9459.925,4.0,2025-07-14 11:49:10.176521
746,Customer_746,customer746@example.com,34,UK,2025-06-03 11:49:09.862953,26-35,30265.53,4323.647142857143,7.0,2025-10-08 11:49:11.163174
747,Customer_747,customer747@example.com,53,Australia,2024-02-19 11:49:09.862953,51+,57604.479999999996,9600.746666666666,6.0,2025-09-12 11:49:12.281413
748,Customer_748,customer748@example.com,51,Germany,2025-07-13 11:49:09.862953,51+,94097.54000000001,10455.282222222224,9.0,2025-10-23 11:49:11.153466
749,Customer_749,customer749@example.com,67,Canada,2025-03-05 11:49:09.862953,51+,23363.239999999998,7787.746666666666,3.0,2025-10-12 11:49:13.875305
750,Customer_750,customer750@example.com,37,USA,2025-09-16 11:49:09.862953,36-50,76221.93,8469.103333333333,9.0,2025-08-23 11:49:14.735812
751,Customer_751,customer751@example.com,33,Germany,2024-01-19 11:49:09.862953,26-35,84150.45999999999,10518.807499999999,8.0,2025-10-18 11:49:14.084697
752,Customer_752,customer752@example.com,68,France,2024-07-23 11:49:09.862953,51+,34568.119999999995,4321.014999999999,8.0,2025-10-03 11:49:15.753172
753,Customer_753,customer753@example.com,22,USA,2024-06-10 11:49:09.862953,18-25,39608.92,7921.784,5.0,2025-07-02 11:49:12.054733
754,Customer_754,customer754@example.com,56,France,2025-10-18 11:49:09.862953,51+,34424.14,6884.8279999999995,5.0,2025-09-26 11:49:12.577134
755,Customer_755,customer755@example.com,58,France,2024-03-25 11:49:09.862953,51+,11588.11,3862.7033333333334,3.0,2025-10-03 11:49:14.801131
756,Customer_756,customer756@example.com,33,Australia,2025-06-09 11:49:09.862953,26-35,14520.86,7260.43,2.0,2025-10-30 11:49:14.284997
757,Customer_757,customer757@example.com,36,Germany,2025-11-02 11:49:09.862953,36-50,82239.23000000001,9137.692222222224,9.0,2025-11-02 11:49:13.444931
758,Customer_758,customer758@example.com,57,Canada,2025-03-02 11:49:09.862953,51+,13030.12,13030.12,1.0,2025-06-05 11:49:11.785663
759,Customer_759,customer759@example.com,54,Germany,2025-04-26 11:49:09.862953,51+,42357.46,6051.065714285714,7.0,2025-10-18 11:49:11.861574
760,Customer_760,customer760@example.com,60,Australia,2025-08-08 11:49:09.862953,51+,15484.67,5161.556666666666,3.0,2025-11-03 11:49:14.241265
761,Customer_761,customer761@example.com,51,Canada,2025-08-26 11:49:09.862953,51+,7809.88,7809.88,1.0,2024-12-11 11:49:16.487411
762,Customer_762,customer762@example.com,79,France,2024-04-25 11:49:09.862953,51+,42439.88,7073.313333333333,6.0,2025-09-26 11:49:10.091864
763,Customer_763,customer763@example.com,50,France,2024-04-15 11:49:09.862953,36-50,54273.28,6784.16,8.0,2025-10-10 11:49:12.703596
764,Customer_764,customer764@example.com,19,Germany,2024-07-10 11:49:09.862953,18-25,18960.7,6320.233333333334,3.0,2025-05-23 11:49:10.162518
765,Customer_765,customer765@example.com,20,Australia,2024-10-03 11:49:09.862953,18-25,41962.86,8392.572,5.0,2025-10-20 11:49:11.376843
766,Customer_766,customer766@example.com,80,Canada,2025-02-17 11:49:09.862953,51+,42627.68,8525.536,5.0,2025-09-28 11:49:13.832358
767,Customer_767,customer767@example.com,65,USA,2024-11-03 11:49:09.862953,51+,26746.01,5349.201999999999,5.0,2025-10-19 11:49:14.433295
768,Customer_768,customer768@example.com,68,USA,2024-11-15 11:49:09.862953,51+,6145.09,6145.09,1.0,2025-09-23 11:49:16.236691
769,Customer_769,customer769@example.com,33,Australia,2024-01-01 11:49:09.862953,26-35,44799.590000000004,11199.897500000001,4.0,2025-06-16 11:49:12.276408
770,Customer_770,customer770@example.com,58,USA,2024-03-18 11:49:09.862953,51+,59471.9,7433.9875,8.0,2025-09-25 11:49:16.394783
771,Customer_771,customer771@example.com,65,Canada,2025-06-20 11:49:09.862953,51+,18764.65,6254.883333333334,3.0,2025-04-18 11:49:11.737837
772,Customer_772,customer772@example.com,20,Canada,2024-04-23 11:49:09.862953,18-25,37500.009999999995,9375.002499999999,4.0,2025-07-16 11:49:15.165834
773,Customer_773,customer773@example.com,39,Australia,2025-05-08 11:49:09.862953,36-50,12084.99,6042.495,2.0,2025-09-01 11:49:13.889203
774,Customer_774,customer774@example.com,71,Australia,2024-07-16 11:49:09.862953,51+,9993.33,4996.665,2.0,2025-08-17 11:49:10.143890
775,Customer_775,customer775@example.com,80,Australia,2024-07-01 11:49:09.862953,51+,17083.14,4270.785,4.0,2025-10-26 11:49:13.204325
776,Customer_776,customer776@example.com,58,UK,2025-06-18 11:49:09.862953,51+,22149.510000000002,11074.755000000001,2.0,2025-03-11 11:49:12.846558
777,Customer_777,customer777@example.com,22,Australia,2024-07-23 11:49:09.862953,18-25,21903.95,4380.79,5.0,2025-09-06 11:49:10.095867
778,Customer_778,customer778@example.com,20,Canada,2025-04-11 11:49:09.862953,18-25,34258.31,6851.661999999999,5.0,2025-08-16 11:49:14.372391
779,Customer_779,customer779@example.com,20,UK,2025-09-22 11:49:09.862953,18-25,27237.49,13618.745,2.0,2025-11-02 11:49:09.947976
780,Customer_780,customer780@example.com,38,Canada,2024-05-25 11:49:09.862953,36-50,43034.54,10758.635,4.0,2025-10-12 11:49:10.840723
781,Customer_781,customer781@example.com,43,France,2024-07-07 11:49:09.862953,36-50,31907.53,4558.2185714285715,7.0,2025-10-19 11:49:11.279180
782,Customer_782,customer782@example.com,34,USA,2024-01-11 11:49:09.862953,26-35,72647.96,10378.28,7.0,2025-09-13 11:49:12.622239
783,Customer_783,customer783@example.com,30,Canada,2024-11-03 11:49:09.862953,26-35,53376.48,7625.211428571429,7.0,2025-09-25 11:49:10.366237
784,Customer_784,customer784@example.com,73,USA,2024-01-02 11:49:09.862953,51+,36568.57,7313.714,5.0,2025-05-27 11:49:10.188529
785,Customer_785,customer785@example.com,39,Canada,2025-06-29 11:49:09.862953,36-50,73177.31,10453.901428571427,7.0,2025-09-02 11:49:10.273516
786,Customer_786,customer786@example.com,69,Canada,2024-08-13 11:49:09.862953,51+,41429.79,8285.958,5.0,2025-06-15 11:49:14.066675
787,Customer_787,customer787@example.com,74,Germany,2024-08-10 11:49:09.862953,51+,79499.95999999999,8833.328888888887,9.0,2025-10-19 11:49:13.252433
788,Customer_788,customer788@example.com,75,Germany,2024-11-21 11:49:09.862953,51+,32021.0,8005.25,4.0,2025-09-03 11:49:12.652887
789,Customer_789,customer789@example.com,80,UK,2024-06-13 11:49:09.862953,51+,11093.599999999999,2218.72,5.0,2025-05-22 11:49:16.658372
790,Customer_790,customer790@example.com,62,Germany,2024-10-23 11:49:09.862953,51+,68608.35,11434.725,6.0,2025-09-24 11:49:14.248286
791,Customer_791,customer791@example.com,77,France,2025-02-03 11:49:09.862953,51+,64571.34,8071.4175,8.0,2025-10-13 11:49:14.570763
792,Customer_792,customer792@example.com,69,USA,2024-08-26 11:49:09.862953,51+,60557.81,7569.72625,8.0,2025-08-09 11:49:14.227264
793,Customer_793,customer793@example.com,23,Germany,2024-02-26 11:49:09.862953,18-25,40134.59,6689.098333333332,6.0,2025-05-27 11:49:12.708602
794,Customer_794,customer794@example.com,70,UK,2024-04-24 11:49:09.862953,51+,44060.68,11015.17,4.0,2025-08-20 11:49:13.561160
795,Customer_795,customer795@example.com,36,Canada,2025-07-21 11:49:09.862953,36-50,53064.29,10612.858,5.0,2025-10-24 11:49:13.324969
796,Customer_796,customer796@example.com,23,Canada,2023-12-28 11:49:09.862953,18-25,12778.73,6389.365,2.0,2025-06-29 11:49:16.567974
797,Customer_797,customer797@example.com,36,Canada,2024-08-04 11:49:09.862953,36-50,51018.67,8503.111666666666,6.0,2025-09-13 11:49:09.975812
798,Customer_798,customer798@example.com,56,Australia,2024-08-24 11:49:09.862953,51+,57622.61,6402.512222222223,9.0,2025-11-03 11:49:10.217869
799,Customer_799,customer799@example.com,28,Australia,2024-08-06 11:49:09.862953,26-35,113017.84,11301.784,10.0,2025-10-07 11:49:13.784642
800,Customer_800,customer800@example.com,40,Germany,2025-09-21 11:49:09.862953,36-50,70168.94,7016.894,10.0,2025-09-09 11:49:16.004080
801,Customer_801,customer801@example.com,64,Canada,2024-02-13 11:49:09.862953,51+,35409.07,5901.511666666666,6.0,2025-10-12 11:49:13.740585
802,Customer_802,customer802@example.com,45,Canada,2024-01-19 11:49:09.862953,36-50,6764.32,6764.32,1.0,2024-12-09 11:49:11.089371
803,Customer_803,customer803@example.com,80,USA,2025-08-19 11:49:09.862953,51+,50307.899999999994,12576.974999999999,4.0,2025-10-20 11:49:14.404348
804,Customer_804,customer804@example.com,60,Australia,2024-09-14 11:49:09.862953,51+,80181.15000000001,11454.45,7.0,2025-07-06 11:49:10.575992
805,Customer_805,customer805@example.com,41,France,2023-12-09 11:49:09.862953,36-50,57283.54,11456.708,5.0,2025-10-16 11:49:14.129769
806,Customer_806,customer806@example.com,28,USA,2025-06-10 11:49:09.862953,26-35,5413.780000000001,2706.8900000000003,2.0,2025-03-10 11:49:11.923573
807,Customer_807,customer807@example.com,72,France,2023-12-10 11:49:09.862953,51+,79586.54,8842.948888888888,9.0,2025-07-18 11:49:11.388438
808,Customer_808,customer808@example.com,68,Germany,2025-09-29 11:49:09.862953,51+,61119.6,10186.6,6.0,2025-06-03 11:49:13.396451
809,Customer_809,customer809@example.com,26,USA,2025-03-07 11:49:09.862953,26-35,63215.99,7023.998888888888,9.0,2025-07-26 11:49:15.969117
810,Customer_810,customer810@example.com,67,Australia,2024-10-24 11:49:09.862953,51+,68554.31,11425.718333333332,6.0,2025-08-04 11:49:15.962471
811,Customer_811,customer811@example.com,41,Germany,2024-04-02 11:49:09.862953,36-50,58715.14,11743.028,5.0,2025-09-06 11:49:13.425578
812,Customer_812,customer812@example.com,20,France,2025-05-30 11:49:09.862953,18-25,97815.48999999999,13973.641428571427,7.0,2025-07-10 11:49:14.368385
813,Customer_813,customer813@example.com,61,Germany,2024-10-20 11:49:09.862953,51+,33776.2,11258.733333333332,3.0,2025-06-15 11:49:13.121946
814,Customer_814,customer814@example.com,41,Germany,2025-08-17 11:49:09.862953,36-50,59999.81,9999.968333333332,6.0,2025-10-04 11:49:13.078938
815,Customer_815,customer815@example.com,54,UK,2024-05-10 11:49:09.862953,51+,27546.85,9182.283333333333,3.0,2025-10-12 11:49:13.230257
816,Customer_816,customer816@example.com,41,Germany,2024-12-17 11:49:09.862953,36-50,39890.61,7978.122,5.0,2025-10-21 11:49:13.522443
817,Customer_817,customer817@example.com,59,Canada,2025-02-21 11:49:09.862953,51+,7847.62,3923.81,2.0,2025-08-30 11:49:11.569100
818,Customer_818,customer818@example.com,79,USA,2025-10-08 11:49:09.862953,51+,65509.19,10918.198333333334,6.0,2025-10-23 11:49:16.577974
819,Customer_819,customer819@example.com,65,UK,2024-06-10 11:49:09.862953,51+,64023.22,9146.174285714285,7.0,2025-10-31 11:49:14.936669
820,Customer_820,customer820@example.com,51,Germany,2024-04-07 11:49:09.862953,51+,24661.480000000003,6165.370000000001,4.0,2025-06-09 11:49:16.095689
821,Customer_821,customer821@example.com,25,Canada,2025-02-10 11:49:09.862953,18-25,60920.76,8702.965714285714,7.0,2025-08-30 11:49:16.562433
822,Customer_822,customer822@example.com,63,Germany,2025-03-29 11:49:09.862953,51+,25605.42,5121.084,5.0,2025-08-22 11:49:15.806713
823,Customer_823,customer823@example.com,57,Canada,2023-11-24 11:49:09.862953,51+,90454.65,12922.092857142856,7.0,2025-07-01 11:49:14.257389
824,Customer_824,customer824@example.com,76,Germany,2025-04-13 11:49:09.862953,51+,47337.01,9467.402,5.0,2025-10-11 11:49:15.626570
825,Customer_825,customer825@example.com,25,UK,2025-08-20 11:49:09.862953,18-25,48965.899999999994,9793.179999999998,5.0,2025-07-08 11:49:14.987266
826,Customer_826,customer826@example.com,46,UK,2024-08-05 11:49:09.862953,36-50,55278.83,9213.138333333334,6.0,2025-08-06 11:49:13.538530
827,Customer_827,customer827@example.com,23,Australia,2024-12-11 11:49:09.862953,18-25,74709.81,12451.635,6.0,2025-10-11 11:49:13.987041
828,Customer_828,customer828@example.com,60,Canada,2023-11-08 11:49:09.862953,51+,53753.270000000004,7679.038571428572,7.0,2025-10-13 11:49:15.019311
829,Customer_829,customer829@example.com,22,France,2024-04-27 11:49:09.862953,18-25,41961.49,10490.3725,4.0,2025-08-01 11:49:12.570014
830,Customer_830,customer830@example.com,36,Canada,2025-05-26 11:49:09.862953,36-50,62745.16,10457.526666666667,6.0,2025-10-24 11:49:12.866339
831,Customer_831,customer831@example.com,63,Australia,2023-11-17 11:49:09.862953,51+,50870.99,6358.87375,8.0,2025-11-01 11:49:10.067453
832,Customer_832,customer832@example.com,58,UK,2024-10-29 11:49:09.862953,51+,50969.62,6371.2025,8.0,2025-10-18 11:49:16.523415
833,Customer_833,customer833@example.com,50,UK,2025-07-02 11:49:09.862953,36-50,32467.47,4058.43375,8.0,2025-05-26 11:49:12.593220
834,Customer_834,customer834@example.com,30,UK,2025-03-06 11:49:09.862953,26-35,61999.27,10333.211666666666,6.0,2025-10-16 11:49:12.894288
835,Customer_835,customer835@example.com,68,Germany,2025-10-08 11:49:09.862953,51+,51616.520000000004,8602.753333333334,6.0,2025-09-23 11:49:12.170929
836,Customer_836,customer836@example.com,41,France,2024-03-27 11:49:09.862953,36-50,19010.05,6336.683333333333,3.0,2025-07-06 11:49:10.896242
837,Customer_837,customer837@example.com,41,Germany,2024-04-18 11:49:09.862953,36-50,43913.17,10978.2925,4.0,2025-06-11 11:49:13.852563
838,Customer_838,customer838@example.com,26,France,2025-08-07 11:49:09.862953,26-35,51594.990000000005,12898.747500000001,4.0,2025-09-24 11:49:12.909292
839,Customer_839,customer839@example.com,22,Canada,2024-09-22 11:49:09.862953,18-25,46172.89,9234.578,5.0,2025-10-26 11:49:16.275016
840,Customer_840,customer840@example.com,63,Australia,2024-07-01 11:49:09.862953,51+,74902.69,9362.83625,8.0,2025-09-27 11:49:15.156092
841,Customer_841,customer841@example.com,51,Germany,2024-09-10 11:49:09.862953,51+,35894.93,11964.976666666667,3.0,2025-10-15 11:49:10.507293
842,Customer_842,customer842@example.com,70,France,2025-08-20 11:49:09.862953,51+,89542.71,14923.785000000002,6.0,2025-09-11 11:49:15.686139
843,Customer_843,customer843@example.com,26,Canada,2024-01-16 11:49:09.862953,26-35,28020.660000000003,5604.1320000000005,5.0,2025-07-20 11:49:12.449745
844,Customer_844,customer844@example.com,22,Germany,2024-07-14 11:49:09.862953,18-25,25819.09,4303.181666666666,6.0,2025-10-18 11:49:10.736013
845,Customer_845,customer845@example.com,61,France,2024-11-16 11:49:09.862953,51+,30807.25,5134.541666666667,6.0,2025-09-07 11:49:12.424828
846,Customer_846,customer846@example.com,26,France,2024-01-18 11:49:09.862953,26-35,29759.6,9919.866666666667,3.0,2025-11-01 11:49:10.851721
847,Customer_847,customer847@example.com,55,UK,2025-06-24 11:49:09.862953,51+,21264.809999999998,7088.2699999999995,3.0,2025-07-30 11:49:15.999025
848,Customer_848,customer848@example.com,45,France,2025-09-08 11:49:09.862953,36-50,17025.07,8512.535,2.0,2025-10-22 11:49:10.672028
849,Customer_849,customer849@example.com,71,USA,2024-05-22 11:49:09.862953,51+,477.18,477.18,1.0,2025-02-10 11:49:15.760168
850,Customer_850,customer850@example.com,27,Canada,2025-05-19 11:49:09.862953,26-35,33225.1,8306.275,4.0,2025-01-25 11:49:15.137983
851,Customer_851,customer851@example.com,28,Canada,2023-11-08 11:49:09.862953,26-35,23649.45,5912.3625,4.0,2025-08-27 11:49:13.526442
852,Customer_852,customer852@example.com,32,Canada,2024-05-21 11:49:09.862953,26-35,65974.09,9424.869999999999,7.0,2025-07-31 11:49:14.049135
853,Customer_853,customer853@example.com,75,Canada,2025-08-15 11:49:09.862953,51+,15265.13,5088.376666666666,3.0,2025-08-27 11:49:11.705830
854,Customer_854,customer854@example.com,34,UK,2024-01-23 11:49:09.862953,26-35,53.94,53.94,1.0,2025-07-29 11:49:13.563482
855,Customer_855,customer855@example.com,79,France,2025-01-26 11:49:09.862953,51+,49694.01,8282.335000000001,6.0,2025-08-10 11:49:12.171928
856,Customer_856,customer856@example.com,26,Australia,2024-12-28 11:49:09.862953,26-35,73098.81,8122.09,9.0,2025-09-21 11:49:14.733423
857,Customer_857,customer857@example.com,57,France,2025-07-31 11:49:09.862953,51+,46562.6,9312.52,5.0,2025-09-07 11:49:13.752609
858,Customer_858,customer858@example.com,50,Australia,2025-05-15 11:49:09.863952,36-50,8586.66,2862.22,3.0,2025-09-25 11:49:14.340098
859,Customer_859,customer859@example.com,55,France,2025-05-30 11:49:09.863952,51+,23092.65,5773.1625,4.0,2025-10-07 11:49:10.046929
860,Customer_860,customer860@example.com,28,Australia,2024-02-03 11:49:09.863952,26-35,29767.100000000002,4961.183333333333,6.0,2025-08-25 11:49:11.752948
861,Customer_861,customer861@example.com,64,France,2024-11-23 11:49:09.863952,51+,61622.54,10270.423333333334,6.0,2025-05-10 11:49:14.902999
862,Customer_862,customer862@example.com,71,France,2025-09-22 11:49:09.863952,51+,14191.0,4730.333333333333,3.0,2025-05-15 11:49:11.074365
863,Customer_863,customer863@example.com,70,USA,2025-08-12 11:49:09.863952,51+,68328.92,8541.115,8.0,2025-08-15 11:49:13.169239
864,Customer_864,customer864@example.com,20,Australia,2024-03-23 11:49:09.863952,18-25,19898.13,4974.5325,4.0,2025-09-14 11:49:13.246435
865,Customer_865,customer865@example.com,34,Australia,2025-04-02 11:49:09.863952,26-35,48722.54,12180.635,4.0,2025-02-23 11:49:10.108876
866,Customer_866,customer866@example.com,67,France,2024-09-03 11:49:09.863952,51+,23152.65,5788.1625,4.0,2025-07-06 11:49:13.256348
867,Customer_867,customer867@example.com,57,Australia,2025-10-03 11:49:09.863952,51+,40402.57,8080.514,5.0,2025-09-18 11:49:12.868244
868,Customer_868,customer868@example.com,49,Australia,2024-04-24 11:49:09.863952,36-50,59756.840000000004,11951.368,5.0,2025-10-12 11:49:12.139102
869,Customer_869,customer869@example.com,36,Australia,2024-12-29 11:49:09.863952,36-50,24124.22,12062.11,2.0,2025-01-29 11:49:13.637760
870,Customer_870,customer870@example.com,48,UK,2023-12-03 11:49:09.863952,36-50,19990.24,6663.413333333334,3.0,2025-10-28 11:49:10.755685
871,Customer_871,customer871@example.com,43,Canada,2024-07-27 11:49:09.863952,36-50,31339.65,6267.93,5.0,2025-09-05 11:49:11.042694
872,Customer_872,customer872@example.com,22,Australia,2025-09-03 11:49:09.863952,18-25,42826.55,7137.758333333334,6.0,2025-10-13 11:49:16.018086
873,Customer_873,customer873@example.com,28,Germany,2024-09-04 11:49:09.863952,26-35,24669.0,8223.0,3.0,2025-08-24 11:49:10.808682
874,Customer_874,customer874@example.com,48,Germany,2025-04-09 11:49:09.863952,36-50,36499.0,7299.8,5.0,2025-10-18 11:49:15.746140
875,Customer_875,customer875@example.com,39,France,2025-06-09 11:49:09.863952,36-50,58363.17,9727.195,6.0,2025-10-10 11:49:13.315875
876,Customer_876,customer876@example.com,38,Australia,2024-12-12 11:49:09.863952,36-50,14752.17,14752.17,1.0,2025-08-15 11:49:15.091068
877,Customer_877,customer877@example.com,64,Canada,2024-09-21 11:49:09.863952,51+,46449.52,7741.586666666666,6.0,2025-10-07 11:49:10.530286
878,Customer_878,customer878@example.com,26,Canada,2024-05-25 11:49:09.863952,26-35,23514.4,4702.88,5.0,2025-09-05 11:49:13.021997
879,Customer_879,customer879@example.com,53,USA,2024-12-12 11:49:09.863952,51+,33441.71,6688.342,5.0,2025-06-05 11:49:13.209327
880,Customer_880,customer880@example.com,33,Germany,2025-07-01 11:49:09.863952,26-35,,,,
881,Customer_881,customer881@example.com,35,Germany,2025-02-23 11:49:09.863952,26-35,35070.02,8767.505,4.0,2025-09-09 11:49:10.560090
882,Customer_882,customer882@example.com,27,USA,2025-09-13 11:49:09.863952,26-35,2830.39,1415.195,2.0,2025-10-08 11:49:11.671839
883,Customer_883,customer883@example.com,36,Germany,2024-02-12 11:49:09.863952,36-50,39254.58,7850.916,5.0,2025-09-01 11:49:13.423729
884,Customer_884,customer884@example.com,44,UK,2025-05-24 11:49:09.863952,36-50,26917.05,5383.41,5.0,2025-08-17 11:49:15.652502
885,Customer_885,customer885@example.com,70,Canada,2024-03-22 11:49:09.863952,51+,46066.19,7677.698333333334,6.0,2025-10-31 11:49:16.050051
886,Customer_886,customer886@example.com,64,Canada,2025-04-23 11:49:09.863952,51+,32166.79,6433.358,5.0,2025-09-13 11:49:15.548769
887,Customer_887,customer887@example.com,66,UK,2024-06-11 11:49:09.863952,51+,28907.149999999998,7226.787499999999,4.0,2025-10-18 11:49:14.696441
888,Customer_888,customer888@example.com,50,Germany,2024-06-11 11:49:09.863952,36-50,40638.090000000004,10159.522500000001,4.0,2025-08-25 11:49:15.269397
889,Customer_889,customer889@example.com,74,Canada,2024-06-12 11:49:09.863952,51+,60791.1,10131.85,6.0,2025-07-22 11:49:11.872574
890,Customer_890,customer890@example.com,19,USA,2024-09-27 11:49:09.863952,18-25,46847.659999999996,11711.914999999999,4.0,2025-10-27 11:49:14.711491
891,Customer_891,customer891@example.com,50,Germany,2025-03-02 11:49:09.863952,36-50,68782.11,8597.76375,8.0,2025-08-23 11:49:12.939188
892,Customer_892,customer892@example.com,31,France,2024-11-07 11:49:09.863952,26-35,98215.29,10912.81,9.0,2025-10-18 11:49:14.407393
893,Customer_893,customer893@example.com,21,USA,2025-01-19 11:49:09.863952,18-25,53441.24,8906.873333333333,6.0,2025-11-03 11:49:14.122775
894,Customer_894,customer894@example.com,49,France,2024-01-04 11:49:09.863952,36-50,16614.73,4153.6825,4.0,2025-07-25 11:49:13.995049
895,Customer_895,customer895@example.com,61,Germany,2025-01-15 11:49:09.863952,51+,46891.57000000001,6698.795714285715,7.0,2025-09-18 11:49:16.566976
896,Customer_896,customer896@example.com,52,USA,2025-07-16 11:49:09.863952,51+,23996.86,3999.476666666667,6.0,2025-08-01 11:49:11.673803
897,Customer_897,customer897@example.com,45,UK,2025-02-06 11:49:09.863952,36-50,40092.34,6682.056666666666,6.0,2025-10-20 11:49:16.229778
898,Customer_898,customer898@example.com,64,Canada,2024-09-17 11:49:09.863952,51+,17457.7,8728.85,2.0,2025-01-25 11:49:11.701801
899,Customer_899,customer899@example.com,41,USA,2024-09-19 11:49:09.863952,36-50,12204.36,6102.18,2.0,2025-08-15 11:49:12.234554
900,Customer_900,customer900@example.com,21,France,2024-04-07 11:49:09.863952,18-25,26983.77,3854.824285714286,7.0,2025-10-21 11:49:13.765167
901,Customer_901,customer901@example.com,30,Canada,2024-04-16 11:49:09.863952,26-35,11283.18,5641.59,2.0,2025-09-28 11:49:15.440164
902,Customer_902,customer902@example.com,36,USA,2024-10-04 11:49:09.863952,36-50,35182.39,11727.463333333333,3.0,2025-10-09 11:49:16.365867
903,Customer_903,customer903@example.com,50,Germany,2024-04-19 11:49:09.863952,36-50,24730.6,6182.65,4.0,2025-11-01 11:49:14.718144
904,Customer_904,customer904@example.com,35,France,2023-12-08 11:49:09.863952,26-35,28951.68,4825.28,6.0,2025-10-11 11:49:11.491370
905,Customer_905,customer905@example.com,57,USA,2025-06-25 11:49:09.863952,51+,75378.43,10768.347142857141,7.0,2025-10-22 11:49:12.966997
906,Customer_906,customer906@example.com,80,USA,2024-09-26 11:49:09.863952,51+,30314.700000000004,6062.9400000000005,5.0,2025-09-17 11:49:11.900482
907,Customer_907,customer907@example.com,41,Canada,2024-04-11 11:49:09.863952,36-50,55594.23,13898.5575,4.0,2025-08-18 11:49:11.828176
908,Customer_908,customer908@example.com,78,Canada,2025-06-09 11:49:09.863952,51+,15763.240000000002,7881.620000000001,2.0,2025-06-29 11:49:14.304997
909,Customer_909,customer909@example.com,30,France,2024-05-31 11:49:09.863952,26-35,53929.35,8988.225,6.0,2025-10-02 11:49:15.096984
910,Customer_910,customer910@example.com,43,France,2025-09-23 11:49:09.863952,36-50,35787.16,7157.432000000001,5.0,2025-08-12 11:49:12.613315
911,Customer_911,customer911@example.com,20,USA,2025-06-16 11:49:09.863952,18-25,22553.96,5638.49,4.0,2025-10-31 11:49:14.615697
912,Customer_912,customer912@example.com,63,Canada,2024-07-06 11:49:09.863952,51+,40195.32,10048.83,4.0,2025-09-30 11:49:11.690842
913,Customer_913,customer913@example.com,51,Germany,2025-06-04 11:49:09.863952,51+,24640.43,8213.476666666667,3.0,2025-10-24 11:49:12.224653
914,Customer_914,customer914@example.com,56,France,2025-06-13 11:49:09.863952,51+,43010.47,14336.823333333334,3.0,2025-09-29 11:49:14.638678
915,Customer_915,customer915@example.com,38,France,2024-12-12 11:49:09.863952,36-50,54243.369999999995,9040.561666666666,6.0,2025-10-07 11:49:16.568971
916,Customer_916,customer916@example.com,28,Germany,2024-02-11 11:49:09.863952,26-35,54896.09,7842.2985714285705,7.0,2025-09-29 11:49:14.755047
917,Customer_917,customer917@example.com,65,Canada,2024-03-06 11:49:09.863952,51+,43061.78,10765.445,4.0,2025-06-07 11:49:15.568574
918,Customer_918,customer918@example.com,39,France,2024-05-31 11:49:09.863952,36-50,7868.13,3934.065,2.0,2025-01-18 11:49:10.106873
919,Customer_919,customer919@example.com,52,Germany,2023-11-09 11:49:09.863952,51+,15962.26,5320.753333333333,3.0,2025-06-24 11:49:10.209543
920,Customer_920,customer920@example.com,54,Canada,2024-07-05 11:49:09.863952,51+,24090.78,12045.39,2.0,2025-09-17 11:49:14.991311
921,Customer_921,customer921@example.com,70,USA,2024-10-22 11:49:09.863952,51+,79853.18,9981.6475,8.0,2025-10-23 11:49:14.671355
922,Customer_922,customer922@example.com,39,Australia,2025-07-14 11:49:09.863952,36-50,18835.04,3767.0080000000003,5.0,2025-05-03 11:49:12.976095
923,Customer_923,customer923@example.com,80,Germany,2024-03-16 11:49:09.863952,51+,17878.17,4469.5425,4.0,2025-07-28 11:49:11.687841
924,Customer_924,customer924@example.com,37,Australia,2023-11-30 11:49:09.863952,36-50,43887.3,7314.55,6.0,2025-10-14 11:49:10.860248
925,Customer_925,customer925@example.com,58,USA,2024-03-02 11:49:09.863952,51+,41502.9,10375.725,4.0,2025-07-01 11:49:10.456190
926,Customer_926,customer926@example.com,48,Canada,2024-01-02 11:49:09.863952,36-50,53979.48,7711.354285714287,7.0,2025-09-13 11:49:15.641473
927,Customer_927,customer927@example.com,68,France,2024-03-22 11:49:09.863952,51+,1107.54,1107.54,1.0,2025-08-26 11:49:15.063988
928,Customer_928,customer928@example.com,32,Australia,2025-09-12 11:49:09.863952,26-35,12867.1,3216.775,4.0,2025-06-23 11:49:11.447708
929,Customer_929,customer929@example.com,55,Germany,2025-05-13 11:49:09.863952,51+,27420.35,5484.07,5.0,2025-10-12 11:49:11.283181
930,Customer_930,customer930@example.com,51,Australia,2024-02-08 11:49:09.863952,51+,30530.06,10176.686666666666,3.0,2025-03-24 11:49:13.490435
931,Customer_931,customer931@example.com,67,Germany,2025-06-05 11:49:09.863952,51+,29859.71,9953.236666666666,3.0,2025-09-18 11:49:10.932245
932,Customer_932,customer932@example.com,70,Australia,2025-02-28 11:49:09.863952,51+,41546.84,10386.71,4.0,2025-08-04 11:49:12.411817
933,Customer_933,customer933@example.com,20,France,2023-11-17 11:49:09.863952,18-25,16845.05,2807.508333333333,6.0,2025-10-13 11:49:16.681915
934,Customer_934,customer934@example.com,25,UK,2025-10-15 11:49:09.863952,18-25,9344.22,9344.22,1.0,2025-08-25 11:49:13.412446
935,Customer_935,customer935@example.com,46,Canada,2024-09-01 11:49:09.863952,36-50,39100.61,9775.1525,4.0,2025-08-17 11:49:13.861299
936,Customer_936,customer936@example.com,27,Germany,2023-11-27 11:49:09.863952,26-35,35232.520000000004,4404.0650000000005,8.0,2025-09-22 11:49:15.794794
937,Customer_937,customer937@example.com,31,Germany,2024-06-08 11:49:09.863952,26-35,126848.97,11531.724545454546,11.0,2025-06-30 11:49:12.531997
938,Customer_938,customer938@example.com,67,France,2024-07-09 11:49:09.863952,51+,81290.2,10161.275,8.0,2025-10-13 11:49:10.417640
939,Customer_939,customer939@example.com,73,Australia,2025-09-01 11:49:09.863952,51+,26554.49,8851.496666666668,3.0,2025-09-30 11:49:15.175724
940,Customer_940,customer940@example.com,63,UK,2024-05-21 11:49:09.863952,51+,56281.58,8040.225714285714,7.0,2025-10-28 11:49:12.145222
941,Customer_941,customer941@example.com,31,France,2024-12-06 11:49:09.863952,26-35,24086.77,6021.6925,4.0,2025-09-12 11:49:13.978087
942,Customer_942,customer942@example.com,60,Germany,2024-05-14 11:49:09.863952,51+,60228.65,10038.108333333334,6.0,2025-09-19 11:49:13.004003
943,Customer_943,customer943@example.com,42,Canada,2025-05-10 11:49:09.863952,36-50,58531.4,7316.425,8.0,2025-10-06 11:49:12.059370
944,Customer_944,customer944@example.com,47,France,2024-11-18 11:49:09.863952,36-50,70714.67,7857.185555555556,9.0,2025-08-08 11:49:10.688125
945,Customer_945,customer945@example.com,52,Canada,2023-12-12 11:49:09.863952,51+,3347.37,3347.37,1.0,2025-10-22 11:49:12.157922
946,Customer_946,customer946@example.com,67,Australia,2023-12-07 11:49:09.863952,51+,80003.74,7273.067272727273,11.0,2025-10-16 11:49:15.058338
947,Customer_947,customer947@example.com,59,Australia,2025-02-06 11:49:09.863952,51+,59501.08,11900.216,5.0,2025-08-19 11:49:13.276879
948,Customer_948,customer948@example.com,57,Germany,2025-04-21 11:49:09.863952,51+,56573.770000000004,11314.754,5.0,2025-07-30 11:49:11.318273
949,Customer_949,customer949@example.com,79,UK,2025-01-22 11:49:09.863952,51+,12882.77,6441.385,2.0,2025-08-03 11:49:13.116849
950,Customer_950,customer950@example.com,53,Canada,2025-03-18 11:49:09.863952,51+,20827.8,10413.9,2.0,2025-06-14 11:49:11.927574
951,Customer_951,customer951@example.com,78,Canada,2025-01-12 11:49:09.863952,51+,10558.509999999998,3519.5033333333326,3.0,2025-09-07 11:49:14.186253
952,Customer_952,customer952@example.com,63,UK,2023-11-28 11:49:09.863952,51+,52683.369999999995,8780.561666666666,6.0,2025-06-25 11:49:10.220932
953,Customer_953,customer953@example.com,63,Germany,2024-12-14 11:49:09.863952,51+,62722.48,7840.31,8.0,2025-10-03 11:49:12.216557
954,Customer_954,customer954@example.com,48,Canada,2024-04-09 11:49:09.863952,36-50,56822.46,14205.615,4.0,2025-10-01 11:49:16.456850
955,Customer_955,customer955@example.com,77,Australia,2025-01-27 11:49:09.863952,51+,63350.25,10558.375,6.0,2025-09-18 11:49:14.044138
956,Customer_956,customer956@example.com,36,USA,2024-03-26 11:49:09.863952,36-50,61349.17,10224.861666666666,6.0,2025-10-25 11:49:10.077716
957,Customer_957,customer957@example.com,61,France,2024-10-11 11:49:09.863952,51+,20412.91,6804.303333333333,3.0,2025-10-08 11:49:13.645060
958,Customer_958,customer958@example.com,75,Germany,2024-11-15 11:49:09.863952,51+,,,,
959,Customer_959,customer959@example.com,79,UK,2025-01-10 11:49:09.863952,51+,56144.909999999996,8020.701428571428,7.0,2025-10-29 11:49:14.322998
960,Customer_960,customer960@example.com,20,Canada,2025-08-15 11:49:09.863952,18-25,82659.08,11808.44,7.0,2025-08-20 11:49:12.010694
961,Customer_961,customer961@example.com,40,Germany,2024-01-02 11:49:09.863952,36-50,50156.9,10031.380000000001,5.0,2025-10-23 11:49:14.535722
962,Customer_962,customer962@example.com,34,Australia,2024-07-01 11:49:09.863952,26-35,51355.41,7336.487142857143,7.0,2025-09-02 11:49:11.922584
963,Customer_963,customer963@example.com,31,UK,2024-05-01 11:49:09.863952,26-35,8418.189999999999,2806.063333333333,3.0,2025-10-19 11:49:14.795127
964,Customer_964,customer964@example.com,35,France,2023-11-22 11:49:09.863952,26-35,34239.09,8559.7725,4.0,2025-08-23 11:49:12.796444
965,Customer_965,customer965@example.com,35,UK,2025-07-15 11:49:09.863952,26-35,71773.95,10253.421428571428,7.0,2025-09-25 11:49:15.390067
966,Customer_966,customer966@example.com,57,Australia,2024-03-13 11:49:09.863952,51+,23584.370000000003,7861.456666666668,3.0,2025-06-21 11:49:16.517401
967,Customer_967,customer967@example.com,33,UK,2025-09-13 11:49:09.863952,26-35,13422.109999999999,4474.036666666666,3.0,2025-07-19 11:49:14.954682
968,Customer_968,customer968@example.com,60,France,2025-03-17 11:49:09.863952,51+,68749.86,8593.7325,8.0,2025-07-31 11:49:14.158783
969,Customer_969,customer969@example.com,58,UK,2025-09-11 11:49:09.863952,51+,26159.97,5231.994000000001,5.0,2025-02-16 11:49:12.159924
970,Customer_970,customer970@example.com,24,Germany,2024-11-30 11:49:09.863952,18-25,35792.68,7158.536,5.0,2025-09-13 11:49:12.660596
971,Customer_971,customer971@example.com,63,Germany,2025-07-24 11:49:09.863952,51+,72048.38,9006.0475,8.0,2025-10-15 11:49:13.294877
972,Customer_972,customer972@example.com,61,UK,2025-10-29 11:49:09.863952,51+,31708.37,7927.0925,4.0,2025-03-07 11:49:10.683021
973,Customer_973,customer973@example.com,79,France,2025-05-26 11:49:09.863952,51+,10002.39,5001.195,2.0,2025-02-17 11:49:15.368166
974,Customer_974,customer974@example.com,44,Australia,2024-07-04 11:49:09.863952,36-50,64220.4,9174.342857142858,7.0,2025-10-10 11:49:11.073372
975,Customer_975,customer975@example.com,48,Australia,2025-04-13 11:49:09.863952,36-50,49272.45,12318.1125,4.0,2025-03-25 11:49:15.483739
976,Customer_976,customer976@example.com,66,Canada,2024-12-10 11:49:09.863952,51+,49015.16,5446.128888888889,9.0,2025-10-18 11:49:11.122282
977,Customer_977,customer977@example.com,36,Australia,2025-09-04 11:49:09.863952,36-50,70250.78,8781.3475,8.0,2025-08-25 11:49:14.452417
978,Customer_978,customer978@example.com,76,USA,2024-01-06 11:49:09.863952,51+,32435.03,10811.676666666666,3.0,2025-09-11 11:49:10.100864
979,Customer_979,customer979@example.com,54,UK,2024-05-05 11:49:09.863952,51+,11721.52,11721.52,1.0,2024-11-10 11:49:13.879300
980,Customer_980,customer980@example.com,65,Australia,2025-09-26 11:49:09.863952,51+,48152.91,9630.582,5.0,2025-07-06 11:49:10.917264
981,Customer_981,customer981@example.com,76,UK,2024-09-02 11:49:09.863952,51+,44876.68,8975.336,5.0,2025-09-25 11:49:14.866906
982,Customer_982,customer982@example.com,74,UK,2025-09-27 11:49:09.863952,51+,17343.71,8671.855,2.0,2025-10-14 11:49:13.311976
983,Customer_983,customer983@example.com,71,Germany,2024-06-14 11:49:09.863952,51+,40739.99,8147.998,5.0,2025-09-14 11:49:15.757166
984,Customer_984,customer984@example.com,29,Australia,2025-01-11 11:49:09.863952,26-35,95097.01,11887.12625,8.0,2025-10-12 11:49:10.208944
985,Customer_985,customer985@example.com,74,USA,2025-10-25 11:49:09.863952,51+,27413.5,9137.833333333334,3.0,2025-09-20 11:49:16.656369
986,Customer_986,customer986@example.com,37,France,2024-02-25 11:49:09.863952,36-50,52988.84,8831.473333333333,6.0,2025-10-28 11:49:12.404818
987,Customer_987,customer987@example.com,24,Canada,2025-01-16 11:49:09.863952,18-25,35235.73,5872.621666666667,6.0,2025-07-16 11:49:14.881913
988,Customer_988,customer988@example.com,47,Australia,2024-04-26 11:49:09.863952,36-50,72848.12,8094.235555555555,9.0,2025-10-06 11:49:13.536537
989,Customer_989,customer989@example.com,51,Germany,2025-06-19 11:49:09.863952,51+,27119.86,6779.965,4.0,2025-10-19 11:49:16.591506
990,Customer_990,customer990@example.com,72,France,2024-07-12 11:49:09.863952,51+,32807.89,10935.963333333333,3.0,2025-07-15 11:49:14.843698
991,Customer_991,customer991@example.com,35,UK,2025-07-11 11:49:09.863952,26-35,10491.869999999999,5245.9349999999995,2.0,2025-06-26 11:49:10.271028
992,Customer_992,customer992@example.com,39,UK,2024-07-22 11:49:09.863952,36-50,28075.54,7018.885,4.0,2025-08-11 11:49:14.815772
993,Customer_993,customer993@example.com,59,Canada,2025-04-27 11:49:09.863952,51+,53381.77,8896.961666666666,6.0,2025-09-22 11:49:14.057127
994,Customer_994,customer994@example.com,18,Australia,2024-11-23 11:49:09.863952,18-25,11116.93,3705.6433333333334,3.0,2025-09-28 11:49:15.219824
995,Customer_995,customer995@example.com,68,Canada,2024-04-01 11:49:09.863952,51+,39337.18,9834.295,4.0,2025-10-10 11:49:16.006116
996,Customer_996,customer996@example.com,61,UK,2025-05-08 11:49:09.863952,51+,51982.65,12995.6625,4.0,2025-08-21 11:49:11.260181
997,Customer_997,customer997@example.com,57,Australia,2024-09-14 11:49:09.863952,51+,11898.67,5949.335,2.0,2025-08-18 11:49:13.124939
998,Customer_998,customer998@example.com,70,Germany,2024-05-25 11:49:09.863952,51+,9019.529999999999,3006.5099999999998,3.0,2025-09-02 11:49:14.549215
999,Customer_999,customer999@example.com,38,USA,2024-09-19 11:49:09.864961,36-50,50722.86,7246.122857142857,7.0,2025-09-07 11:49:13.940612
1000,Customer_1000,customer1000@example.com,60,USA,2025-04-28 11:49:09.864961,51+,28739.640000000003,7184.910000000001,4.0,2025-09-24 11:49:16.525415
