order_id,product_id,quantity,unit_price,item_total
1,71,5,478.78,2393.9
1,167,5,450.29,2251.4500000000003
1,87,3,126.14,378.42
1,168,3,111.21,333.63
2,37,7,964.14,6748.98
2,495,10,949.21,9492.1
2,307,1,329.64,329.64
2,338,3,754.92,2264.76
2,225,10,786.43,7864.299999999999
3,398,10,954.54,9545.4
3,19,2,368.17,736.34
4,494,2,145.09,290.18
4,221,4,487.94,1951.76
4,75,6,561.71,3370.26
5,217,6,584.71,3508.26
6,37,4,964.14,3856.56
6,82,4,196.28,785.12
6,195,2,371.37,742.74
7,95,1,764.01,764.01
8,162,7,800.07,5600.490000000001
8,270,3,554.23,1662.69
8,236,7,437.81,3064.67
8,428,8,455.07,3640.56
9,53,7,675.3,4727.099999999999
9,430,2,457.4,914.8
9,471,8,660.3,5282.4
9,35,10,294.22,2942.2000000000003
9,88,4,915.3,3661.2
10,218,1,451.32,451.32
11,275,5,111.39,556.95
11,200,2,832.97,1665.94
11,102,2,835.03,1670.06
12,364,3,921.72,2765.16
12,234,2,239.54,479.08
12,71,9,478.78,4309.02
12,462,2,796.9,1593.8
13,48,8,282.89,2263.12
13,208,1,704.62,704.62
13,149,7,680.26,4761.82
13,148,3,568.32,1704.96
13,356,10,26.52,265.2
14,116,2,69.85,139.7
15,429,7,129.53,906.71
15,3,9,452.27,4070.43
16,449,5,131.3,656.5
16,208,4,704.62,2818.48
16,82,2,196.28,392.56
17,288,9,985.63,8870.67
17,401,8,17.89,143.12
17,227,3,724.77,2174.31
17,209,1,597.88,597.88
17,287,6,577.01,3462.06
18,406,5,159.06,795.3
19,253,8,149.94,1199.52
19,198,4,953.47,3813.88
19,246,2,398.62,797.24
19,83,1,727.06,727.06
19,287,4,577.01,2308.04
20,386,2,677.38,1354.76
20,412,8,983.28,7866.24
20,497,2,182.46,364.92
21,294,8,398.77,3190.16
21,237,5,617.97,3089.8500000000004
21,297,2,796.65,1593.3
21,26,9,451.03,4059.27
22,449,7,131.3,919.1
22,126,6,531.19,3187.1400000000003
22,390,3,921.02,2763.06
23,123,8,436.27,3490.16
23,448,8,906.03,7248.24
23,298,5,408.82,2044.1
24,261,1,952.32,952.32
24,291,3,135.62,406.86
24,50,2,425.05,850.1
24,177,2,386.92,773.84
24,346,6,610.86,3665.16
25,414,4,714.54,2858.16
25,84,9,484.6,4361.400000000001
25,263,1,510.38,510.38
25,262,7,203.18,1422.26
25,230,9,651.49,5863.41
26,263,10,510.38,5103.8
26,134,4,65.55,262.2
26,40,8,875.81,7006.48
26,498,5,696.62,3483.1
27,142,9,926.33,8336.970000000001
28,308,10,551.84,5518.400000000001
28,339,3,390.19,1170.57
28,321,2,434.94,869.88
28,8,8,411.36,3290.88
28,10,3,642.32,1926.96
29,475,3,361.26,1083.78
29,56,1,756.84,756.84
30,472,4,818.12,3272.48
30,19,3,368.17,1104.51
30,220,10,505.46,5054.599999999999
30,385,5,775.6,3878.0
31,127,2,274.65,549.3
32,175,9,727.6,6548.400000000001
32,215,6,20.44,122.64
32,429,5,129.53,647.65
32,488,9,68.96,620.64
33,427,10,117.88,1178.8
33,363,9,92.76,834.84
33,288,7,985.63,6899.41
33,348,2,785.96,1571.92
33,367,7,684.25,4789.75
34,244,10,864.01,8640.1
34,202,10,309.8,3098.0
34,436,2,402.28,804.56
34,301,2,586.14,1172.28
34,108,10,723.11,7231.1
35,297,6,796.65,4779.9
35,113,7,146.12,1022.84
35,456,5,617.97,3089.8500000000004
35,371,7,64.48,451.36
35,374,8,21.24,169.92
36,222,1,921.34,921.34
36,382,3,501.19,1503.57
36,204,5,83.23,416.15
36,318,7,91.6,641.1999999999999
37,55,7,444.57,3111.99
37,304,1,851.61,851.61
37,54,7,252.29,1766.03
37,371,6,64.48,386.88
37,413,4,961.57,3846.28
38,472,5,818.12,4090.6
38,101,6,336.57,2019.42
38,373,1,22.54,22.54
38,210,6,118.28,709.6800000000001
39,427,8,117.88,943.04
39,110,2,957.66,1915.32
39,98,4,154.46,617.84
40,371,6,64.48,386.88
40,70,5,382.7,1913.5
40,68,7,787.95,5515.650000000001
40,432,10,809.52,8095.2
41,140,8,888.68,7109.44
41,321,4,434.94,1739.76
42,223,9,833.0,7497.0
42,82,6,196.28,1177.68
42,128,1,379.32,379.32
42,118,9,662.69,5964.210000000001
43,420,9,595.98,5363.82
43,64,7,880.92,6166.44
43,341,3,284.2,852.5999999999999
44,162,3,800.07,2400.21
45,216,4,515.57,2062.28
46,58,6,817.63,4905.78
47,83,6,727.06,4362.36
47,198,8,953.47,7627.76
47,241,9,581.57,5234.13
48,396,1,676.59,676.59
49,276,10,753.83,7538.3
49,122,8,507.19,4057.52
49,310,3,895.21,2685.63
49,65,8,629.73,5037.84
50,486,6,209.45,1256.6999999999998
50,18,3,530.25,1590.75
50,14,5,421.69,2108.45
51,152,1,87.64,87.64
51,379,7,341.66,2391.6200000000003
51,245,1,320.27,320.27
52,412,4,983.28,3933.12
52,71,4,478.78,1915.12
53,243,7,462.97,3240.79
53,262,9,203.18,1828.62
53,154,1,840.29,840.29
54,140,3,888.68,2666.04
54,4,3,308.93,926.79
54,225,10,786.43,7864.299999999999
54,371,1,64.48,64.48
55,493,5,110.02,550.1
55,394,5,326.74,1633.7
55,65,7,629.73,4408.110000000001
55,107,7,797.03,5579.21
55,392,6,743.26,4459.56
56,135,8,179.67,1437.36
56,345,5,877.07,4385.35
57,85,7,310.16,2171.1200000000003
57,19,10,368.17,3681.7
57,43,2,136.07,272.14
57,411,1,314.44,314.44
57,371,9,64.48,580.32
58,209,10,597.88,5978.8
58,201,10,676.25,6762.5
58,437,5,305.85,1529.25
58,99,5,935.41,4677.05
58,76,2,250.43,500.86
59,148,5,568.32,2841.6000000000004
59,500,6,593.06,3558.36
59,406,5,159.06,795.3
60,254,4,600.46,2401.84
60,496,3,961.06,2883.18
60,181,9,367.51,3307.59
61,187,7,341.39,2389.73
61,303,6,638.49,3830.94
61,337,3,95.82,287.46
61,181,1,367.51,367.51
61,99,8,935.41,7483.28
62,460,7,425.04,2975.28
62,231,7,930.62,6514.34
62,208,1,704.62,704.62
62,412,10,983.28,9832.8
63,24,6,683.49,4100.9400000000005
63,109,4,917.73,3670.92
64,281,6,614.16,3684.96
64,335,9,750.79,6757.11
64,40,5,875.81,4379.049999999999
64,86,3,219.69,659.0699999999999
65,316,5,875.68,4378.4
65,121,2,540.38,1080.76
66,212,9,616.55,5548.95
66,308,3,551.84,1655.52
66,18,6,530.25,3181.5
67,9,6,772.14,4632.84
67,149,4,680.26,2721.04
68,331,6,645.16,3870.96
68,416,5,418.93,2094.65
68,337,10,95.82,958.2
69,346,8,610.86,4886.88
70,1,10,482.68,4826.8
70,125,10,157.41,1574.1
70,255,2,428.81,857.62
70,482,8,546.7,4373.6
70,179,4,72.63,290.52
71,90,9,556.56,5009.039999999999
71,142,5,926.33,4631.650000000001
71,97,7,566.9,3968.3
71,409,1,951.48,951.48
72,140,6,888.68,5332.08
72,112,7,58.03,406.21
73,406,6,159.06,954.36
73,289,3,144.23,432.69
74,343,3,611.52,1834.56
74,31,6,748.35,4490.1
74,183,1,620.5,620.5
75,296,4,381.42,1525.68
75,15,3,759.78,2279.34
75,144,10,929.48,9294.8
76,359,3,293.62,880.86
77,71,7,478.78,3351.46
77,37,7,964.14,6748.98
77,383,8,64.88,519.04
77,318,7,91.6,641.1999999999999
78,374,4,21.24,84.96
78,401,6,17.89,107.34
78,205,1,586.42,586.42
78,191,6,964.93,5789.58
78,366,9,637.95,5741.55
79,337,4,95.82,383.28
80,361,5,408.25,2041.25
80,457,3,650.81,1952.43
80,107,2,797.03,1594.06
81,491,5,960.95,4804.75
81,439,3,560.39,1681.17
81,128,2,379.32,758.64
81,434,1,837.57,837.57
81,325,5,17.98,89.9
82,152,10,87.64,876.4
82,351,9,533.0,4797.0
82,326,6,988.27,5929.62
82,381,7,975.3,6827.099999999999
82,105,3,966.84,2900.52
83,165,4,742.26,2969.04
83,348,3,785.96,2357.88
83,312,7,26.12,182.84
84,356,3,26.52,79.56
84,307,4,329.64,1318.56
85,225,3,786.43,2359.29
85,44,2,758.62,1517.24
85,353,6,862.21,5173.26
85,366,1,637.95,637.95
85,10,7,642.32,4496.240000000001
86,255,10,428.81,4288.1
86,279,1,217.78,217.78
86,297,10,796.65,7966.5
86,194,1,332.63,332.63
86,227,2,724.77,1449.54
87,358,2,949.19,1898.38
88,106,2,495.69,991.38
88,161,9,94.84,853.5600000000001
88,121,5,540.38,2701.9
88,21,8,903.86,7230.88
89,495,1,949.21,949.21
89,241,5,581.57,2907.8500000000004
90,347,9,397.83,3580.47
91,181,3,367.51,1102.53
91,296,7,381.42,2669.94
91,242,2,195.09,390.18
91,433,9,699.91,6299.19
91,443,10,378.52,3785.2
92,306,2,826.6,1653.2
93,472,4,818.12,3272.48
93,288,5,985.63,4928.15
93,435,9,100.3,902.7
93,318,4,91.6,366.4
93,176,6,576.24,3457.44
94,67,3,942.17,2826.51
94,83,1,727.06,727.06
94,398,9,954.54,8590.86
95,96,6,377.0,2262.0
95,313,4,446.87,1787.48
95,54,1,252.29,252.29
95,66,1,500.66,500.66
96,27,10,140.62,1406.2
97,14,2,421.69,843.38
97,115,9,226.53,2038.77
98,418,5,584.96,2924.8
99,333,5,614.22,3071.1000000000004
99,366,5,637.95,3189.75
99,437,8,305.85,2446.8
99,339,1,390.19,390.19
100,215,5,20.44,102.2
101,353,7,862.21,6035.47
101,498,2,696.62,1393.24
101,388,2,860.1,1720.2
102,82,3,196.28,588.84
102,369,6,67.33,403.98
103,180,5,426.89,2134.45
103,85,2,310.16,620.32
103,471,6,660.3,3961.8
103,39,6,381.89,2291.34
103,165,3,742.26,2226.78
104,277,8,455.24,3641.92
104,449,5,131.3,656.5
104,234,7,239.54,1676.78
104,59,8,325.71,2605.68
105,58,2,817.63,1635.26
105,346,3,610.86,1832.58
106,182,3,723.69,2171.07
107,227,8,724.77,5798.16
107,61,10,877.5,8775.0
107,36,8,768.17,6145.36
107,167,3,450.29,1350.87
107,320,10,312.45,3124.5
108,201,1,676.25,676.25
108,438,3,40.77,122.31
108,231,8,930.62,7444.96
108,155,8,771.32,6170.56
108,154,2,840.29,1680.58
109,308,2,551.84,1103.68
110,252,1,125.78,125.78
110,93,9,517.69,4659.210000000001
110,234,10,239.54,2395.4
111,184,9,144.13,1297.17
111,105,9,966.84,8701.56
111,477,10,808.15,8081.5
112,213,8,680.7,5445.6
112,199,6,217.55,1305.3000000000002
113,176,3,576.24,1728.72
113,388,9,860.1,7740.900000000001
113,273,10,824.38,8243.8
113,61,1,877.5,877.5
114,140,9,888.68,7998.12
114,331,8,645.16,5161.28
115,357,8,269.56,2156.48
116,66,5,500.66,2503.3
116,282,1,619.99,619.99
116,150,9,390.01,3510.09
117,142,7,926.33,6484.31
117,300,4,460.15,1840.6
117,205,2,586.42,1172.84
117,346,8,610.86,4886.88
118,338,2,754.92,1509.84
118,481,8,838.33,6706.64
118,303,8,638.49,5107.92
118,245,6,320.27,1921.62
119,108,2,723.11,1446.22
120,160,9,682.9,6146.099999999999
121,228,10,76.5,765.0
122,498,9,696.62,6269.58
122,97,9,566.9,5102.099999999999
122,336,4,619.92,2479.68
123,190,6,208.84,1253.04
123,215,6,20.44,122.64
123,169,1,436.67,436.67
123,432,4,809.52,3238.08
124,453,10,432.4,4324.0
124,371,10,64.48,644.8000000000001
124,3,8,452.27,3618.16
124,69,6,422.16,2532.96
124,165,8,742.26,5938.08
125,79,1,727.34,727.34
125,183,6,620.5,3723.0
126,104,9,264.75,2382.75
126,258,9,175.2,1576.8
126,27,6,140.62,843.72
127,370,3,124.83,374.49
128,395,2,575.82,1151.64
128,483,5,47.58,237.9
128,47,10,255.04,2550.4
128,209,4,597.88,2391.52
129,280,4,692.24,2768.96
129,412,8,983.28,7866.24
129,231,4,930.62,3722.48
129,264,6,687.85,4127.1
130,211,10,668.05,6680.5
131,131,10,657.2,6572.0
131,303,9,638.49,5746.41
131,24,3,683.49,2050.4700000000003
131,317,8,102.41,819.28
132,131,9,657.2,5914.8
133,479,9,703.56,6332.039999999999
133,129,3,569.35,1708.0500000000002
133,27,10,140.62,1406.2
133,307,3,329.64,988.92
134,127,10,274.65,2746.5
134,149,10,680.26,6802.6
134,191,6,964.93,5789.58
134,104,9,264.75,2382.75
135,295,4,636.08,2544.32
135,153,5,63.16,315.79999999999995
135,186,7,806.04,5642.28
135,86,6,219.69,1318.14
135,90,5,556.56,2782.8
136,74,7,566.76,3967.32
136,258,10,175.2,1752.0
137,182,5,723.69,3618.45
137,336,9,619.92,5579.28
137,274,6,446.95,2681.7
137,289,9,144.23,1298.07
137,224,4,354.85,1419.4
138,447,5,449.0,2245.0
138,183,6,620.5,3723.0
138,476,3,184.34,553.02
138,330,3,145.76,437.28
138,253,9,149.94,1349.46
139,5,2,21.32,42.64
139,498,6,696.62,4179.72
139,243,9,462.97,4166.7300000000005
140,413,7,961.57,6730.990000000001
140,188,9,974.48,8770.32
140,306,5,826.6,4133.0
140,236,7,437.81,3064.67
140,292,1,257.18,257.18
141,68,7,787.95,5515.650000000001
142,108,4,723.11,2892.44
143,130,5,306.97,1534.85
143,433,3,699.91,2099.73
143,91,1,386.86,386.86
144,291,9,135.62,1220.58
144,417,1,463.87,463.87
145,76,10,250.43,2504.3
146,195,4,371.37,1485.48
146,372,9,661.47,5953.2300000000005
146,237,7,617.97,4325.79
146,379,4,341.66,1366.64
146,331,9,645.16,5806.44
147,318,7,91.6,641.1999999999999
148,212,9,616.55,5548.95
148,388,1,860.1,860.1
148,30,1,31.55,31.55
149,247,8,358.47,2867.76
149,438,4,40.77,163.08
149,473,6,65.35,392.1
149,490,10,848.02,8480.2
149,307,9,329.64,2966.76
150,488,5,68.96,344.79999999999995
150,495,8,949.21,7593.68
151,105,3,966.84,2900.52
152,38,2,454.05,908.1
152,345,7,877.07,6139.490000000001
152,178,1,308.12,308.12
152,385,7,775.6,5429.2
152,380,5,528.62,2643.1
153,366,3,637.95,1913.85
153,248,10,180.8,1808.0
154,5,8,21.32,170.56
154,418,3,584.96,1754.88
154,53,1,675.3,675.3
155,248,1,180.8,180.8
155,466,10,35.8,358.0
155,337,5,95.82,479.1
155,32,8,54.84,438.72
155,461,10,256.66,2566.6000000000004
156,103,6,658.06,3948.36
157,207,9,424.12,3817.08
157,125,2,157.41,314.82
158,386,9,677.38,6096.42
158,381,9,975.3,8777.699999999999
158,101,7,336.57,2355.99
158,330,2,145.76,291.52
159,450,6,60.13,360.78
159,127,6,274.65,1647.9
160,422,10,298.76,2987.6
160,29,9,676.04,6084.36
161,85,2,310.16,620.32
162,458,4,883.95,3535.8
162,36,10,768.17,7681.7
162,143,10,567.87,5678.7
162,282,4,619.99,2479.96
163,67,7,942.17,6595.19
163,291,2,135.62,271.24
163,313,7,446.87,3128.09
164,145,1,961.85,961.85
164,460,9,425.04,3825.36
164,348,6,785.96,4715.76
165,464,8,350.59,2804.72
165,188,1,974.48,974.48
165,69,5,422.16,2110.8
165,444,4,93.2,372.8
166,249,2,802.61,1605.22
167,490,1,848.02,848.02
167,232,2,520.83,1041.66
167,44,4,758.62,3034.48
167,321,4,434.94,1739.76
167,196,7,207.8,1454.6
168,365,7,541.03,3787.21
168,21,2,903.86,1807.72
168,395,3,575.82,1727.46
168,268,1,542.23,542.23
168,230,8,651.49,5211.92
169,130,2,306.97,613.94
170,27,9,140.62,1265.58
170,339,2,390.19,780.38
170,213,10,680.7,6807.0
171,426,7,944.12,6608.84
171,11,8,373.87,2990.96
171,125,7,157.41,1101.87
171,437,7,305.85,2140.9500000000003
172,320,2,312.45,624.9
172,405,9,735.14,6616.26
172,153,1,63.16,63.16
172,235,10,192.61,1926.1
173,228,1,76.5,76.5
173,98,2,154.46,308.92
173,431,6,853.96,5123.76
173,254,9,600.46,5404.14
173,269,2,569.99,1139.98
174,25,10,493.94,4939.4
174,437,2,305.85,611.7
174,421,5,665.82,3329.1000000000004
175,361,1,408.25,408.25
175,272,8,825.05,6600.4
175,133,3,385.47,1156.41
175,219,9,774.62,6971.58
176,384,9,175.21,1576.89
176,114,5,77.29,386.4500000000001
176,205,3,586.42,1759.2599999999998
176,94,5,107.62,538.1
177,352,1,934.59,934.59
177,28,9,568.27,5114.43
177,61,9,877.5,7897.5
178,492,1,942.5,942.5
179,397,9,230.95,2078.55
179,95,9,764.01,6876.09
179,150,2,390.01,780.02
179,288,5,985.63,4928.15
180,403,4,626.49,2505.96
180,265,7,841.49,5890.43
180,426,9,944.12,8497.08
181,61,4,877.5,3510.0
181,262,10,203.18,2031.8
182,103,3,658.06,1974.18
183,473,9,65.35,588.15
184,69,2,422.16,844.32
184,295,5,636.08,3180.4
184,121,2,540.38,1080.76
184,485,5,483.21,2416.05
184,286,2,979.21,1958.42
185,364,8,921.72,7373.76
185,363,6,92.76,556.5600000000001
185,390,6,921.02,5526.12
185,421,3,665.82,1997.46
185,163,4,91.22,364.88
186,335,2,750.79,1501.58
186,355,4,765.1,3060.4
186,225,6,786.43,4718.58
186,267,8,299.17,2393.36
186,178,8,308.12,2464.96
187,56,10,756.84,7568.400000000001
187,151,3,792.59,2377.77
187,216,10,515.57,5155.700000000001
188,476,7,184.34,1290.38
188,445,3,918.25,2754.75
188,7,1,127.04,127.04
189,155,7,771.32,5399.240000000001
189,298,5,408.82,2044.1
190,259,8,195.23,1561.84
190,212,8,616.55,4932.4
190,159,8,941.73,7533.84
191,284,9,574.37,5169.33
191,97,2,566.9,1133.8
191,23,3,855.94,2567.82
191,253,10,149.94,1499.4
192,262,9,203.18,1828.62
192,217,4,584.71,2338.84
193,303,2,638.49,1276.98
194,458,10,883.95,8839.5
195,201,4,676.25,2705.0
195,4,1,308.93,308.93
195,278,9,444.68,4002.12
195,381,5,975.3,4876.5
195,260,9,623.22,5608.9800000000005
196,92,6,365.67,2194.02
196,376,7,266.65,1866.55
197,67,3,942.17,2826.51
197,328,8,389.24,3113.92
197,62,9,228.83,2059.4700000000003
198,13,6,460.43,2762.58
198,104,9,264.75,2382.75
198,477,1,808.15,808.15
198,179,4,72.63,290.52
199,290,9,919.58,8276.220000000001
199,16,3,827.35,2482.05
200,357,10,269.56,2695.6
200,339,10,390.19,3901.9
201,216,6,515.57,3093.42
201,179,1,72.63,72.63
201,262,4,203.18,812.72
201,268,8,542.23,4337.84
202,350,6,504.59,3027.54
202,344,4,36.56,146.24
202,295,1,636.08,636.08
203,234,6,239.54,1437.24
203,193,7,496.1,3472.7000000000003
203,219,8,774.62,6196.96
203,393,8,328.58,2628.64
203,322,1,104.23,104.23
204,432,2,809.52,1619.04
204,202,9,309.8,2788.2000000000003
204,299,5,697.76,3488.8
205,294,10,398.77,3987.7
205,458,3,883.95,2651.8500000000004
205,25,7,493.94,3457.58
205,476,7,184.34,1290.38
205,194,6,332.63,1995.78
206,155,9,771.32,6941.88
207,177,9,386.92,3482.28
207,333,7,614.22,4299.54
208,419,8,640.84,5126.72
208,137,10,977.56,9775.6
208,189,1,327.46,327.46
208,145,9,961.85,8656.65
209,337,4,95.82,383.28
209,358,2,949.19,1898.38
210,119,4,536.89,2147.56
210,123,3,436.27,1308.81
210,490,3,848.02,2544.06
211,67,2,942.17,1884.34
211,231,4,930.62,3722.48
211,218,7,451.32,3159.24
211,85,6,310.16,1860.96
211,57,2,148.73,297.46
212,428,8,455.07,3640.56
212,218,4,451.32,1805.28
212,141,10,56.1,561.0
212,473,3,65.35,196.05
213,204,4,83.23,332.92
214,391,10,557.34,5573.400000000001
214,57,3,148.73,446.19
214,183,3,620.5,1861.5
214,210,9,118.28,1064.52
214,450,1,60.13,60.13
215,299,3,697.76,2093.28
216,186,7,806.04,5642.28
216,230,10,651.49,6514.9
216,115,10,226.53,2265.3
216,154,1,840.29,840.29
216,70,5,382.7,1913.5
217,218,10,451.32,4513.2
217,209,8,597.88,4783.04
217,207,8,424.12,3392.96
217,157,3,39.33,117.99
218,182,3,723.69,2171.07
218,271,10,123.06,1230.6
218,369,3,67.33,201.99
218,333,10,614.22,6142.200000000001
218,81,9,606.89,5462.01
219,231,8,930.62,7444.96
219,467,10,39.01,390.1
219,167,10,450.29,4502.900000000001
220,415,7,922.06,6454.42
220,49,3,767.84,2303.52
220,347,2,397.83,795.66
220,68,1,787.95,787.95
221,397,7,230.95,1616.65
221,273,3,824.38,2473.14
221,480,10,567.97,5679.700000000001
221,39,2,381.89,763.78
221,465,3,328.39,985.17
222,176,1,576.24,576.24
222,277,9,455.24,4097.16
222,339,9,390.19,3511.71
222,284,2,574.37,1148.74
222,7,2,127.04,254.08
223,315,10,883.33,8833.300000000001
223,287,9,577.01,5193.09
224,396,9,676.59,6089.31
224,426,7,944.12,6608.84
224,169,6,436.67,2620.02
224,317,1,102.41,102.41
225,88,4,915.3,3661.2
225,261,8,952.32,7618.56
225,224,7,354.85,2483.9500000000003
225,6,6,695.84,4175.04
226,261,2,952.32,1904.64
226,23,7,855.94,5991.58
226,328,3,389.24,1167.72
226,23,5,855.94,4279.700000000001
226,295,8,636.08,5088.64
227,120,10,26.56,265.6
227,396,9,676.59,6089.31
227,446,7,997.19,6980.33
228,315,1,883.33,883.33
229,240,9,754.8,6793.2
230,476,6,184.34,1106.04
230,376,7,266.65,1866.55
231,267,7,299.17,2094.19
231,119,10,536.89,5368.9
232,135,7,179.67,1257.6899999999998
232,85,10,310.16,3101.6000000000004
232,245,6,320.27,1921.62
232,227,10,724.77,7247.7
232,279,5,217.78,1088.9
233,361,7,408.25,2857.75
233,185,9,338.9,3050.1
234,125,6,157.41,944.46
234,477,9,808.15,7273.349999999999
235,54,5,252.29,1261.45
235,342,10,557.86,5578.6
235,118,6,662.69,3976.14
236,309,2,853.9,1707.8
236,439,4,560.39,2241.56
237,361,2,408.25,816.5
237,179,4,72.63,290.52
238,54,9,252.29,2270.61
238,155,10,771.32,7713.200000000001
238,410,1,382.51,382.51
239,368,2,701.69,1403.38
240,303,7,638.49,4469.43
240,429,2,129.53,259.06
240,239,2,707.69,1415.38
240,416,5,418.93,2094.65
240,358,4,949.19,3796.76
241,476,1,184.34,184.34
241,465,7,328.39,2298.73
241,203,7,162.6,1138.2
241,121,10,540.38,5403.8
241,134,9,65.55,589.9499999999999
242,467,1,39.01,39.01
242,194,3,332.63,997.89
242,226,8,354.82,2838.56
242,459,8,96.84,774.72
242,77,1,650.24,650.24
243,219,5,774.62,3873.1
243,251,4,320.05,1280.2
243,377,1,752.28,752.28
243,59,10,325.71,3257.1
243,121,9,540.38,4863.42
244,282,10,619.99,6199.9
244,395,3,575.82,1727.46
245,246,4,398.62,1594.48
245,320,1,312.45,312.45
245,201,3,676.25,2028.75
246,236,6,437.81,2626.86
246,462,7,796.9,5578.3
246,398,7,954.54,6681.78
246,79,10,727.34,7273.400000000001
247,440,2,103.78,207.56
248,49,9,767.84,6910.56
248,411,10,314.44,3144.4
248,218,6,451.32,2707.92
249,83,10,727.06,7270.599999999999
249,469,4,363.86,1455.44
250,484,1,605.65,605.65
250,248,5,180.8,904.0
250,162,3,800.07,2400.21
250,418,7,584.96,4094.72
250,213,9,680.7,6126.3
251,116,9,69.85,628.65
252,470,9,974.24,8768.16
253,321,5,434.94,2174.7
253,72,8,307.73,2461.84
253,282,7,619.99,4339.93
253,24,10,683.49,6834.9
253,440,8,103.78,830.24
254,271,8,123.06,984.48
254,111,10,840.68,8406.8
254,360,1,769.44,769.44
254,468,8,68.01,544.08
255,51,7,248.26,1737.82
256,7,6,127.04,762.24
256,321,7,434.94,3044.58
257,234,1,239.54,239.54
257,99,5,935.41,4677.05
257,94,4,107.62,430.48
257,169,5,436.67,2183.35
257,262,2,203.18,406.36
258,447,2,449.0,898.0
258,350,9,504.59,4541.31
258,17,3,683.54,2050.62
259,328,4,389.24,1556.96
259,361,10,408.25,4082.5
259,258,5,175.2,876.0
260,239,8,707.69,5661.52
260,272,4,825.05,3300.2
261,286,5,979.21,4896.05
261,158,4,495.7,1982.8
262,115,10,226.53,2265.3
262,320,6,312.45,1874.7
263,222,2,921.34,1842.68
264,13,10,460.43,4604.3
264,264,1,687.85,687.85
264,231,9,930.62,8375.58
264,12,1,957.79,957.79
265,308,6,551.84,3311.04
265,318,8,91.6,732.8
265,187,10,341.39,3413.9
265,150,5,390.01,1950.05
265,191,8,964.93,7719.44
266,400,7,334.03,2338.21
266,84,4,484.6,1938.4
266,404,10,595.77,5957.7
267,497,7,182.46,1277.22
267,346,8,610.86,4886.88
267,252,9,125.78,1132.02
267,164,1,714.56,714.56
267,225,9,786.43,7077.87
268,398,8,954.54,7636.32
268,478,2,914.84,1829.68
269,102,6,835.03,5010.18
269,105,1,966.84,966.84
269,6,1,695.84,695.84
269,450,4,60.13,240.52
270,47,6,255.04,1530.24
271,230,3,651.49,1954.47
271,115,9,226.53,2038.77
271,89,5,706.73,3533.65
272,406,10,159.06,1590.6
272,185,6,338.9,2033.4
272,499,6,789.12,4734.72
272,112,3,58.03,174.09
273,89,7,706.73,4947.110000000001
273,396,6,676.59,4059.54
274,448,8,906.03,7248.24
274,469,3,363.86,1091.58
274,37,10,964.14,9641.4
275,309,2,853.9,1707.8
275,361,5,408.25,2041.25
276,324,7,524.25,3669.75
276,413,4,961.57,3846.28
276,48,3,282.89,848.67
276,157,3,39.33,117.99
277,94,7,107.62,753.34
277,10,8,642.32,5138.56
278,265,9,841.49,7573.41
278,156,6,402.74,2416.44
278,167,8,450.29,3602.32
278,84,5,484.6,2423.0
278,147,5,929.59,4647.95
279,11,7,373.87,2617.09
280,347,1,397.83,397.83
280,317,4,102.41,409.64
281,71,8,478.78,3830.24
282,49,6,767.84,4607.04
282,174,9,419.67,3777.03
282,424,9,833.58,7502.22
283,236,7,437.81,3064.67
284,159,4,941.73,3766.92
284,442,10,139.41,1394.1
284,156,10,402.74,4027.4
284,143,9,567.87,5110.83
284,498,3,696.62,2089.86
285,255,9,428.81,3859.29
285,224,8,354.85,2838.8
285,67,8,942.17,7537.36
286,318,5,91.6,458.0
286,337,8,95.82,766.56
286,200,3,832.97,2498.91
286,407,3,33.67,101.01
286,448,6,906.03,5436.18
287,92,10,365.67,3656.7
287,62,7,228.83,1601.8100000000002
287,104,2,264.75,529.5
287,152,2,87.64,175.28
287,86,3,219.69,659.0699999999999
288,479,6,703.56,4221.36
288,151,5,792.59,3962.95
288,124,5,115.95,579.75
289,430,5,457.4,2287.0
289,210,8,118.28,946.24
289,370,6,124.83,748.98
289,140,10,888.68,8886.8
290,413,3,961.57,2884.71
290,341,3,284.2,852.5999999999999
290,450,1,60.13,60.13
290,199,3,217.55,652.6500000000001
291,361,2,408.25,816.5
291,319,4,173.87,695.48
291,401,3,17.89,53.67
292,342,2,557.86,1115.72
293,264,1,687.85,687.85
294,36,2,768.17,1536.34
295,225,2,786.43,1572.86
295,175,7,727.6,5093.2
296,399,5,867.37,4336.85
296,58,8,817.63,6541.04
297,103,9,658.06,5922.539999999999
297,350,3,504.59,1513.77
298,474,6,579.94,3479.6400000000003
298,464,8,350.59,2804.72
298,388,8,860.1,6880.8
299,490,8,848.02,6784.16
299,35,3,294.22,882.6600000000001
299,19,9,368.17,3313.53
299,459,3,96.84,290.52
299,409,10,951.48,9514.8
300,346,7,610.86,4276.02
300,297,9,796.65,7169.849999999999
300,35,9,294.22,2647.9800000000005
300,489,5,707.65,3538.25
300,268,6,542.23,3253.38
301,35,2,294.22,588.44
301,118,8,662.69,5301.52
302,427,5,117.88,589.4
302,325,3,17.98,53.94
302,343,5,611.52,3057.6
302,213,1,680.7,680.7
303,97,6,566.9,3401.4
303,177,5,386.92,1934.6
304,340,8,321.36,2570.88
305,312,7,26.12,182.84
306,296,1,381.42,381.42
306,247,9,358.47,3226.2300000000005
307,281,9,614.16,5527.44
307,480,7,567.97,3975.79
307,252,7,125.78,880.46
307,95,4,764.01,3056.04
308,249,7,802.61,5618.27
308,269,4,569.99,2279.96
308,472,5,818.12,4090.6
308,346,2,610.86,1221.72
309,356,9,26.52,238.68
309,302,10,102.21,1022.1
310,181,5,367.51,1837.55
310,290,9,919.58,8276.220000000001
310,51,5,248.26,1241.3
311,282,3,619.99,1859.97
312,241,8,581.57,4652.56
313,351,10,533.0,5330.0
313,461,8,256.66,2053.28
313,407,4,33.67,134.68
314,120,1,26.56,26.56
314,149,9,680.26,6122.34
315,44,5,758.62,3793.1
316,76,1,250.43,250.43
316,194,4,332.63,1330.52
316,197,2,684.9,1369.8
316,496,3,961.06,2883.18
317,361,6,408.25,2449.5
317,167,7,450.29,3152.03
318,431,8,853.96,6831.68
318,346,1,610.86,610.86
318,277,6,455.24,2731.44
319,479,5,703.56,3517.8
320,439,8,560.39,4483.12
320,203,3,162.6,487.8
320,268,4,542.23,2168.92
320,104,5,264.75,1323.75
320,350,7,504.59,3532.13
321,83,7,727.06,5089.42
321,63,8,70.35,562.8
322,150,4,390.01,1560.04
323,11,9,373.87,3364.83
324,449,7,131.3,919.1
324,77,5,650.24,3251.2
324,358,6,949.19,5695.14
324,275,3,111.39,334.17
325,437,9,305.85,2752.65
326,192,8,298.53,2388.24
326,364,5,921.72,4608.6
326,34,4,986.28,3945.12
327,179,2,72.63,145.26
327,291,4,135.62,542.48
328,261,1,952.32,952.32
328,144,3,929.48,2788.44
328,320,5,312.45,1562.25
329,96,4,377.0,1508.0
329,481,1,838.33,838.33
329,343,1,611.52,611.52
329,33,10,73.12,731.2
330,9,3,772.14,2316.42
330,458,6,883.95,5303.700000000001
330,340,2,321.36,642.72
330,110,4,957.66,3830.64
330,373,3,22.54,67.62
331,230,6,651.49,3908.94
331,242,1,195.09,195.09
331,485,1,483.21,483.21
331,134,6,65.55,393.3
331,378,3,735.61,2206.83
332,435,3,100.3,300.9
333,220,9,505.46,4549.139999999999
333,11,6,373.87,2243.2200000000003
333,457,8,650.81,5206.48
334,474,6,579.94,3479.6400000000003
334,242,3,195.09,585.27
334,216,5,515.57,2577.8500000000004
334,220,1,505.46,505.46
335,15,9,759.78,6838.02
335,12,5,957.79,4788.95
335,363,9,92.76,834.84
335,61,8,877.5,7020.0
336,444,9,93.2,838.8000000000001
336,472,6,818.12,4908.72
337,317,5,102.41,512.05
337,391,10,557.34,5573.400000000001
337,419,9,640.84,5767.56
337,178,3,308.12,924.36
338,85,8,310.16,2481.28
338,41,5,861.68,4308.4
339,500,8,593.06,4744.48
339,169,1,436.67,436.67
339,465,9,328.39,2955.51
340,230,1,651.49,651.49
340,365,10,541.03,5410.299999999999
341,240,6,754.8,4528.799999999999
341,243,2,462.97,925.94
342,250,4,594.27,2377.08
342,310,9,895.21,8056.89
342,167,8,450.29,3602.32
342,98,9,154.46,1390.14
343,34,6,986.28,5917.68
343,202,7,309.8,2168.6
343,96,6,377.0,2262.0
344,386,2,677.38,1354.76
344,12,1,957.79,957.79
344,333,3,614.22,1842.66
344,201,3,676.25,2028.75
344,97,1,566.9,566.9
345,446,4,997.19,3988.76
345,163,2,91.22,182.44
345,100,1,423.4,423.4
345,493,10,110.02,1100.2
346,266,9,91.84,826.5600000000001
346,334,10,357.68,3576.8
346,224,10,354.85,3548.5
346,346,5,610.86,3054.3
347,420,10,595.98,5959.8
347,380,2,528.62,1057.24
348,117,2,934.56,1869.12
348,7,8,127.04,1016.32
348,251,1,320.05,320.05
348,391,6,557.34,3344.04
349,435,6,100.3,601.8
349,362,1,542.28,542.28
349,46,10,536.61,5366.1
349,227,5,724.77,3623.85
350,171,5,98.72,493.6
351,424,2,833.58,1667.16
351,437,2,305.85,611.7
351,6,4,695.84,2783.36
351,412,9,983.28,8849.52
351,204,7,83.23,582.61
352,197,4,684.9,2739.6
352,427,10,117.88,1178.8
352,2,3,16.76,50.28
352,38,9,454.05,4086.45
352,286,9,979.21,8812.89
353,362,10,542.28,5422.799999999999
354,435,7,100.3,702.1
354,491,2,960.95,1921.9
354,397,3,230.95,692.8499999999999
354,280,3,692.24,2076.7200000000003
355,190,6,208.84,1253.04
355,412,3,983.28,2949.84
355,411,9,314.44,2829.96
355,222,10,921.34,9213.4
355,439,8,560.39,4483.12
356,18,6,530.25,3181.5
356,61,6,877.5,5265.0
356,211,7,668.05,4676.349999999999
356,295,7,636.08,4452.56
356,266,6,91.84,551.04
357,82,9,196.28,1766.52
357,180,4,426.89,1707.56
357,341,7,284.2,1989.4
357,199,9,217.55,1957.95
357,289,5,144.23,721.15
358,289,7,144.23,1009.61
358,448,1,906.03,906.03
358,241,1,581.57,581.57
358,327,5,140.85,704.25
359,390,3,921.02,2763.06
359,157,5,39.33,196.65
359,112,1,58.03,58.03
359,342,5,557.86,2789.3
359,30,4,31.55,126.2
360,356,5,26.52,132.6
361,386,10,677.38,6773.8
361,423,10,926.78,9267.8
361,404,3,595.77,1787.31
361,107,2,797.03,1594.06
361,238,1,596.28,596.28
362,333,3,614.22,1842.66
362,54,5,252.29,1261.45
363,72,4,307.73,1230.92
363,357,5,269.56,1347.8
364,145,7,961.85,6732.95
364,165,10,742.26,7422.6
364,295,4,636.08,2544.32
364,481,2,838.33,1676.66
364,297,6,796.65,4779.9
365,217,10,584.71,5847.1
365,78,2,848.66,1697.32
365,336,10,619.92,6199.2
365,491,5,960.95,4804.75
366,53,7,675.3,4727.099999999999
366,167,2,450.29,900.58
366,240,1,754.8,754.8
366,461,6,256.66,1539.96
366,286,6,979.21,5875.26
367,127,4,274.65,1098.6
368,405,7,735.14,5145.98
369,449,1,131.3,131.3
369,100,6,423.4,2540.4
369,421,9,665.82,5992.38
369,223,10,833.0,8330.0
369,146,3,754.73,2264.19
370,306,3,826.6,2479.8
370,196,1,207.8,207.8
371,195,8,371.37,2970.96
371,131,10,657.2,6572.0
371,39,10,381.89,3818.9
371,414,9,714.54,6430.86
372,282,5,619.99,3099.95
372,277,7,455.24,3186.6800000000003
372,118,3,662.69,1988.07
372,404,3,595.77,1787.31
373,470,10,974.24,9742.4
373,494,1,145.09,145.09
373,82,9,196.28,1766.52
373,89,7,706.73,4947.110000000001
374,418,9,584.96,5264.64
374,196,7,207.8,1454.6
374,249,3,802.61,2407.83
374,52,3,598.0,1794.0
375,114,8,77.29,618.32
375,41,7,861.68,6031.759999999999
376,458,9,883.95,7955.55
376,269,10,569.99,5699.9
377,222,2,921.34,1842.68
377,270,5,554.23,2771.15
378,283,2,815.39,1630.78
378,176,2,576.24,1152.48
378,101,7,336.57,2355.99
378,273,7,824.38,5770.66
378,299,6,697.76,4186.56
379,322,6,104.23,625.38
379,164,10,714.56,7145.599999999999
379,409,1,951.48,951.48
380,431,10,853.96,8539.6
380,152,8,87.64,701.12
380,375,10,527.78,5277.799999999999
381,6,4,695.84,2783.36
382,272,3,825.05,2475.15
382,344,2,36.56,73.12
382,188,2,974.48,1948.96
383,191,3,964.93,2894.79
383,170,5,517.32,2586.6000000000004
383,124,1,115.95,115.95
383,169,6,436.67,2620.02
383,294,2,398.77,797.54
384,80,1,275.78,275.78
384,334,6,357.68,2146.08
384,249,4,802.61,3210.44
384,233,9,337.68,3039.12
385,491,9,960.95,8648.550000000001
385,119,5,536.89,2684.45
385,370,9,124.83,1123.47
385,127,8,274.65,2197.2
385,210,10,118.28,1182.8
386,244,7,864.01,6048.07
387,187,1,341.39,341.39
387,215,5,20.44,102.2
387,252,3,125.78,377.34
387,243,1,462.97,462.97
387,423,5,926.78,4633.9
388,350,5,504.59,2522.95
388,388,1,860.1,860.1
388,88,8,915.3,7322.4
388,221,1,487.94,487.94
388,280,2,692.24,1384.48
389,37,6,964.14,5784.84
389,280,2,692.24,1384.48
389,357,1,269.56,269.56
390,302,4,102.21,408.84
390,167,7,450.29,3152.03
390,298,9,408.82,3679.38
390,282,2,619.99,1239.98
391,455,9,451.55,4063.95
391,303,2,638.49,1276.98
391,381,3,975.3,2925.9
391,71,4,478.78,1915.12
391,153,9,63.16,568.4399999999999
392,493,1,110.02,110.02
393,100,6,423.4,2540.4
393,39,8,381.89,3055.12
393,69,7,422.16,2955.1200000000003
394,203,6,162.6,975.6
394,341,6,284.2,1705.1999999999998
394,6,5,695.84,3479.2000000000003
395,457,1,650.81,650.81
395,216,5,515.57,2577.8500000000004
395,446,7,997.19,6980.33
396,41,4,861.68,3446.72
396,135,3,179.67,539.01
396,197,6,684.9,4109.4
397,229,2,123.93,247.86
397,11,7,373.87,2617.09
398,359,4,293.62,1174.48
398,312,7,26.12,182.84
398,4,4,308.93,1235.72
398,126,10,531.19,5311.900000000001
398,346,3,610.86,1832.58
399,43,6,136.07,816.42
399,437,8,305.85,2446.8
399,161,9,94.84,853.5600000000001
399,207,3,424.12,1272.36
399,58,4,817.63,3270.52
400,45,9,676.76,6090.84
400,159,4,941.73,3766.92
400,40,3,875.81,2627.43
400,68,5,787.95,3939.75
400,282,9,619.99,5579.91
401,191,10,964.93,9649.3
401,451,3,438.82,1316.46
402,94,9,107.62,968.58
402,364,2,921.72,1843.44
402,215,3,20.44,61.32000000000001
402,206,6,924.26,5545.56
402,200,3,832.97,2498.91
403,408,7,639.58,4477.06
403,380,5,528.62,2643.1
403,302,8,102.21,817.68
403,8,5,411.36,2056.8
404,354,3,371.76,1115.28
405,87,10,126.14,1261.4
405,268,5,542.23,2711.15
405,422,10,298.76,2987.6
405,67,10,942.17,9421.7
405,246,10,398.62,3986.2
406,387,4,743.37,2973.48
406,340,1,321.36,321.36
407,458,3,883.95,2651.8500000000004
407,439,9,560.39,5043.51
407,184,10,144.13,1441.3
407,273,8,824.38,6595.04
408,457,3,650.81,1952.43
408,133,7,385.47,2698.29
408,62,8,228.83,1830.64
409,342,4,557.86,2231.44
409,230,4,651.49,2605.96
410,241,5,581.57,2907.8500000000004
411,167,4,450.29,1801.16
411,406,2,159.06,318.12
412,337,8,95.82,766.56
412,18,6,530.25,3181.5
412,127,8,274.65,2197.2
412,68,4,787.95,3151.8
412,257,7,931.39,6519.73
413,8,7,411.36,2879.52
413,364,6,921.72,5530.32
413,312,7,26.12,182.84
413,326,10,988.27,9882.7
413,180,10,426.89,4268.9
414,398,1,954.54,954.54
414,239,9,707.69,6369.210000000001
414,452,2,501.17,1002.34
414,55,8,444.57,3556.56
414,495,8,949.21,7593.68
415,119,9,536.89,4832.01
415,123,7,436.27,3053.89
415,88,1,915.3,915.3
415,67,9,942.17,8479.529999999999
415,398,7,954.54,6681.78
416,152,4,87.64,350.56
417,268,5,542.23,2711.15
417,279,5,217.78,1088.9
417,7,8,127.04,1016.32
417,8,3,411.36,1234.08
418,57,1,148.73,148.73
418,233,9,337.68,3039.12
418,388,3,860.1,2580.3
418,35,8,294.22,2353.76
418,442,8,139.41,1115.28
419,102,2,835.03,1670.06
419,215,3,20.44,61.32000000000001
419,258,10,175.2,1752.0
419,27,9,140.62,1265.58
419,132,3,761.99,2285.9700000000003
420,85,8,310.16,2481.28
420,176,1,576.24,576.24
420,68,3,787.95,2363.8500000000004
421,157,8,39.33,314.64
421,81,2,606.89,1213.78
422,239,2,707.69,1415.38
422,109,2,917.73,1835.46
423,21,6,903.86,5423.16
423,155,2,771.32,1542.64
423,96,9,377.0,3393.0
423,247,7,358.47,2509.29
424,320,7,312.45,2187.15
424,165,9,742.26,6680.34
425,450,6,60.13,360.78
425,187,10,341.39,3413.9
426,422,3,298.76,896.28
426,150,3,390.01,1170.03
427,37,5,964.14,4820.7
427,280,5,692.24,3461.2
427,90,8,556.56,4452.48
427,253,5,149.94,749.7
428,127,3,274.65,823.9499999999999
429,389,5,55.52,277.6
429,469,1,363.86,363.86
429,38,8,454.05,3632.4
429,114,8,77.29,618.32
429,355,8,765.1,6120.8
430,372,8,661.47,5291.76
430,20,4,121.09,484.36
430,99,4,935.41,3741.64
430,103,10,658.06,6580.599999999999
430,398,8,954.54,7636.32
431,379,2,341.66,683.32
431,11,10,373.87,3738.7
431,179,10,72.63,726.3
431,390,1,921.02,921.02
432,423,10,926.78,9267.8
432,32,9,54.84,493.56000000000006
432,487,4,719.77,2879.08
433,170,1,517.32,517.32
433,115,6,226.53,1359.18
434,203,10,162.6,1626.0
435,272,2,825.05,1650.1
435,405,1,735.14,735.14
435,216,2,515.57,1031.14
436,367,5,684.25,3421.25
436,174,10,419.67,4196.7
437,38,10,454.05,4540.5
437,85,9,310.16,2791.44
437,360,3,769.44,2308.32
437,488,8,68.96,551.68
437,417,10,463.87,4638.7
438,148,5,568.32,2841.6000000000004
439,391,2,557.34,1114.68
439,419,7,640.84,4485.88
439,27,9,140.62,1265.58
439,449,2,131.3,262.6
440,37,2,964.14,1928.28
440,376,5,266.65,1333.25
441,480,9,567.97,5111.7300000000005
441,442,4,139.41,557.64
441,68,4,787.95,3151.8
441,222,10,921.34,9213.4
442,336,9,619.92,5579.28
442,238,2,596.28,1192.56
442,35,8,294.22,2353.76
442,169,10,436.67,4366.7
442,500,5,593.06,2965.3
443,427,5,117.88,589.4
443,65,9,629.73,5667.57
443,59,10,325.71,3257.1
444,251,10,320.05,3200.5
444,182,10,723.69,7236.900000000001
445,157,8,39.33,314.64
445,69,3,422.16,1266.48
445,68,10,787.95,7879.5
445,235,4,192.61,770.44
446,442,1,139.41,139.41
446,254,2,600.46,1200.92
447,450,4,60.13,240.52
448,259,1,195.23,195.23
448,84,6,484.6,2907.6000000000004
448,28,6,568.27,3409.62
448,294,9,398.77,3588.93
449,19,4,368.17,1472.68
450,334,2,357.68,715.36
450,5,5,21.32,106.6
450,267,5,299.17,1495.85
451,355,1,765.1,765.1
451,7,2,127.04,254.08
451,39,6,381.89,2291.34
452,368,10,701.69,7016.900000000001
452,287,1,577.01,577.01
452,246,3,398.62,1195.86
452,488,4,68.96,275.84
452,298,6,408.82,2452.92
453,373,8,22.54,180.32
453,361,1,408.25,408.25
453,456,3,617.97,1853.91
453,271,8,123.06,984.48
454,142,9,926.33,8336.970000000001
454,358,6,949.19,5695.14
454,366,8,637.95,5103.6
454,382,7,501.19,3508.33
455,226,10,354.82,3548.2
455,266,6,91.84,551.04
455,283,9,815.39,7338.51
456,143,10,567.87,5678.7
456,187,6,341.39,2048.34
457,450,5,60.13,300.65000000000003
457,283,1,815.39,815.39
458,403,3,626.49,1879.47
458,141,10,56.1,561.0
458,229,10,123.93,1239.3000000000002
458,150,7,390.01,2730.07
458,337,3,95.82,287.46
459,12,6,957.79,5746.74
459,475,1,361.26,361.26
459,268,5,542.23,2711.15
460,440,4,103.78,415.12
460,204,6,83.23,499.38
460,271,8,123.06,984.48
460,335,5,750.79,3753.95
461,60,3,820.2,2460.6000000000004
461,113,2,146.12,292.24
461,36,6,768.17,4609.02
462,167,8,450.29,3602.32
463,468,9,68.01,612.09
463,494,3,145.09,435.27
463,244,4,864.01,3456.04
463,464,6,350.59,2103.54
464,4,5,308.93,1544.65
464,424,6,833.58,5001.4800000000005
464,105,3,966.84,2900.52
464,244,2,864.01,1728.02
464,12,9,957.79,8620.11
465,223,1,833.0,833.0
465,196,8,207.8,1662.4
466,293,2,830.2,1660.4
466,52,1,598.0,598.0
466,447,5,449.0,2245.0
466,438,1,40.77,40.77
466,485,10,483.21,4832.099999999999
467,343,1,611.52,611.52
467,469,2,363.86,727.72
467,76,9,250.43,2253.87
467,92,5,365.67,1828.35
468,84,4,484.6,1938.4
468,300,6,460.15,2760.9
468,37,4,964.14,3856.56
469,46,9,536.61,4829.49
469,170,6,517.32,3103.92
469,24,8,683.49,5467.92
470,228,3,76.5,229.5
470,35,3,294.22,882.6600000000001
470,266,5,91.84,459.2000000000001
471,98,9,154.46,1390.14
471,69,9,422.16,3799.44
471,296,2,381.42,762.84
471,183,4,620.5,2482.0
471,193,9,496.1,4464.900000000001
472,331,5,645.16,3225.8
472,349,3,499.94,1499.82
472,43,5,136.07,680.3499999999999
473,402,2,568.17,1136.34
473,77,5,650.24,3251.2
474,418,8,584.96,4679.68
474,463,1,365.52,365.52
474,473,3,65.35,196.05
474,457,1,650.81,650.81
474,173,8,865.08,6920.64
475,375,7,527.78,3694.46
476,142,7,926.33,6484.31
476,299,3,697.76,2093.28
476,350,10,504.59,5045.9
476,417,10,463.87,4638.7
477,412,10,983.28,9832.8
477,184,6,144.13,864.78
477,418,5,584.96,2924.8
477,475,6,361.26,2167.56
478,84,2,484.6,969.2
478,263,8,510.38,4083.04
478,191,10,964.93,9649.3
478,490,3,848.02,2544.06
478,345,2,877.07,1754.14
479,337,8,95.82,766.56
480,395,8,575.82,4606.56
480,335,4,750.79,3003.16
480,68,4,787.95,3151.8
480,51,3,248.26,744.78
481,110,7,957.66,6703.62
481,311,3,55.48,166.44
481,52,6,598.0,3588.0
482,196,1,207.8,207.8
482,493,2,110.02,220.04
482,104,8,264.75,2118.0
482,192,2,298.53,597.06
483,314,3,210.3,630.9000000000001
483,58,5,817.63,4088.15
483,384,6,175.21,1051.26
483,224,10,354.85,3548.5
484,325,2,17.98,35.96
484,426,7,944.12,6608.84
484,451,2,438.82,877.64
484,181,6,367.51,2205.06
484,361,9,408.25,3674.25
485,129,9,569.35,5124.150000000001
485,420,8,595.98,4767.84
485,9,7,772.14,5404.98
486,488,10,68.96,689.5999999999999
486,427,4,117.88,471.52
487,66,7,500.66,3504.6200000000003
487,127,2,274.65,549.3
487,97,6,566.9,3401.4
487,147,4,929.59,3718.36
488,72,7,307.73,2154.11
488,187,10,341.39,3413.9
488,244,6,864.01,5184.06
488,209,9,597.88,5380.92
489,422,2,298.76,597.52
489,387,10,743.37,7433.7
490,111,10,840.68,8406.8
490,45,8,676.76,5414.08
490,65,6,629.73,3778.38
490,448,9,906.03,8154.269999999999
490,109,2,917.73,1835.46
491,311,7,55.48,388.36
491,230,2,651.49,1302.98
491,375,10,527.78,5277.799999999999
492,417,7,463.87,3247.09
492,42,6,992.92,5957.52
492,493,8,110.02,880.16
492,430,1,457.4,457.4
492,125,2,157.41,314.82
493,131,1,657.2,657.2
493,373,3,22.54,67.62
493,91,3,386.86,1160.58
493,5,8,21.32,170.56
493,241,9,581.57,5234.13
494,191,10,964.93,9649.3
494,370,8,124.83,998.64
494,57,4,148.73,594.92
494,337,4,95.82,383.28
494,397,6,230.95,1385.6999999999998
495,187,7,341.39,2389.73
495,375,6,527.78,3166.68
495,452,2,501.17,1002.34
496,308,9,551.84,4966.56
496,359,7,293.62,2055.34
496,295,3,636.08,1908.24
496,171,5,98.72,493.6
496,418,1,584.96,584.96
497,466,1,35.8,35.8
498,3,2,452.27,904.54
498,212,5,616.55,3082.75
498,463,1,365.52,365.52
499,25,7,493.94,3457.58
499,60,6,820.2,4921.200000000001
499,27,7,140.62,984.34
499,334,7,357.68,2503.76
499,271,7,123.06,861.4200000000001
500,101,3,336.57,1009.71
500,89,8,706.73,5653.84
501,200,7,832.97,5830.79
501,279,6,217.78,1306.68
501,451,7,438.82,3071.74
501,373,3,22.54,67.62
501,218,5,451.32,2256.6
502,193,1,496.1,496.1
502,222,2,921.34,1842.68
503,313,8,446.87,3574.96
503,369,7,67.33,471.31
504,453,7,432.4,3026.8
504,413,8,961.57,7692.56
505,112,10,58.03,580.3
505,315,3,883.33,2649.99
505,258,8,175.2,1401.6
505,218,9,451.32,4061.88
506,232,7,520.83,3645.81
506,245,6,320.27,1921.62
506,257,4,931.39,3725.56
506,341,3,284.2,852.5999999999999
507,359,10,293.62,2936.2
508,54,9,252.29,2270.61
508,265,5,841.49,4207.45
509,488,6,68.96,413.76
509,454,1,909.22,909.22
509,54,1,252.29,252.29
509,336,10,619.92,6199.2
509,368,8,701.69,5613.52
510,46,10,536.61,5366.1
511,332,3,77.73,233.19
512,422,9,298.76,2688.84
512,474,2,579.94,1159.88
512,357,9,269.56,2426.04
512,88,10,915.3,9153.0
513,381,2,975.3,1950.6
513,58,9,817.63,7358.67
513,288,10,985.63,9856.3
513,396,5,676.59,3382.9500000000003
514,304,9,851.61,7664.49
514,21,1,903.86,903.86
514,406,8,159.06,1272.48
515,82,10,196.28,1962.8
515,329,6,112.17,673.02
515,288,7,985.63,6899.41
515,299,6,697.76,4186.56
516,399,1,867.37,867.37
516,410,10,382.51,3825.1
517,90,5,556.56,2782.8
517,235,1,192.61,192.61
517,272,8,825.05,6600.4
517,137,10,977.56,9775.6
517,161,3,94.84,284.52
518,58,10,817.63,8176.3
518,479,1,703.56,703.56
518,272,5,825.05,4125.25
519,398,9,954.54,8590.86
519,395,2,575.82,1151.64
520,78,10,848.66,8486.6
520,213,5,680.7,3403.5
521,210,2,118.28,236.56
522,413,3,961.57,2884.71
522,25,8,493.94,3951.52
522,161,6,94.84,569.04
522,39,3,381.89,1145.67
522,486,5,209.45,1047.25
523,376,3,266.65,799.9499999999999
523,434,9,837.57,7538.13
523,273,1,824.38,824.38
523,19,6,368.17,2209.02
524,149,3,680.26,2040.78
524,305,8,403.74,3229.92
524,142,7,926.33,6484.31
524,200,7,832.97,5830.79
524,51,4,248.26,993.04
525,475,4,361.26,1445.04
525,482,10,546.7,5467.0
526,146,2,754.73,1509.46
526,418,1,584.96,584.96
526,170,3,517.32,1551.96
527,441,5,130.24,651.2
527,311,8,55.48,443.84
527,331,9,645.16,5806.44
527,405,4,735.14,2940.56
528,62,8,228.83,1830.64
528,486,5,209.45,1047.25
528,487,3,719.77,2159.31
528,417,9,463.87,4174.83
529,348,8,785.96,6287.68
529,149,7,680.26,4761.82
529,246,6,398.62,2391.7200000000003
530,463,2,365.52,731.04
531,99,7,935.41,6547.87
531,102,10,835.03,8350.3
531,270,5,554.23,2771.15
532,276,2,753.83,1507.66
532,90,5,556.56,2782.8
532,97,10,566.9,5669.0
533,415,10,922.06,9220.6
533,312,4,26.12,104.48
534,152,6,87.64,525.84
534,264,9,687.85,6190.650000000001
535,338,2,754.92,1509.84
536,395,9,575.82,5182.38
537,351,6,533.0,3198.0
537,283,4,815.39,3261.56
537,399,5,867.37,4336.85
537,101,5,336.57,1682.85
538,470,10,974.24,9742.4
539,426,4,944.12,3776.48
539,346,10,610.86,6108.6
539,94,2,107.62,215.24
539,241,2,581.57,1163.14
539,24,2,683.49,1366.98
540,229,10,123.93,1239.3000000000002
540,248,3,180.8,542.4000000000001
540,330,2,145.76,291.52
540,256,3,542.01,1626.03
541,22,2,541.29,1082.58
541,294,8,398.77,3190.16
541,399,5,867.37,4336.85
541,252,7,125.78,880.46
542,188,5,974.48,4872.4
542,480,3,567.97,1703.91
542,104,2,264.75,529.5
543,245,7,320.27,2241.89
543,494,6,145.09,870.54
543,124,1,115.95,115.95
543,189,5,327.46,1637.3
544,10,2,642.32,1284.64
544,190,8,208.84,1670.72
544,241,4,581.57,2326.28
544,58,10,817.63,8176.3
545,388,2,860.1,1720.2
545,54,3,252.29,756.87
545,225,9,786.43,7077.87
545,459,7,96.84,677.88
546,146,8,754.73,6037.84
547,211,2,668.05,1336.1
548,145,8,961.85,7694.8
548,37,1,964.14,964.14
548,146,8,754.73,6037.84
549,340,1,321.36,321.36
550,337,3,95.82,287.46
550,83,6,727.06,4362.36
550,202,7,309.8,2168.6
551,236,8,437.81,3502.48
551,17,8,683.54,5468.32
551,460,7,425.04,2975.28
551,442,7,139.41,975.87
551,211,2,668.05,1336.1
552,221,7,487.94,3415.58
553,40,10,875.81,8758.099999999999
554,58,5,817.63,4088.15
554,261,7,952.32,6666.240000000001
554,376,1,266.65,266.65
555,404,6,595.77,3574.62
556,159,8,941.73,7533.84
557,315,3,883.33,2649.99
557,60,9,820.2,7381.8
558,307,5,329.64,1648.1999999999998
558,239,7,707.69,4953.83
559,356,8,26.52,212.16
559,239,2,707.69,1415.38
559,8,8,411.36,3290.88
560,284,4,574.37,2297.48
561,369,4,67.33,269.32
561,494,8,145.09,1160.72
561,257,7,931.39,6519.73
561,361,2,408.25,816.5
561,233,9,337.68,3039.12
562,132,9,761.99,6857.91
562,78,8,848.66,6789.28
562,7,1,127.04,127.04
562,166,1,115.49,115.49
563,99,1,935.41,935.41
563,488,7,68.96,482.72
563,138,2,895.84,1791.68
564,313,8,446.87,3574.96
564,202,9,309.8,2788.2000000000003
564,459,3,96.84,290.52
564,4,10,308.93,3089.3
564,208,4,704.62,2818.48
565,274,8,446.95,3575.6
565,36,1,768.17,768.17
566,252,4,125.78,503.12
567,322,1,104.23,104.23
567,244,3,864.01,2592.03
568,250,2,594.27,1188.54
568,240,8,754.8,6038.4
568,438,10,40.77,407.7000000000001
569,421,2,665.82,1331.64
570,112,10,58.03,580.3
570,21,4,903.86,3615.44
570,144,2,929.48,1858.96
570,358,4,949.19,3796.76
570,123,7,436.27,3053.89
571,279,6,217.78,1306.68
571,126,2,531.19,1062.38
571,108,10,723.11,7231.1
571,230,9,651.49,5863.41
572,461,1,256.66,256.66
572,12,10,957.79,9577.9
573,282,2,619.99,1239.98
574,405,3,735.14,2205.42
574,401,6,17.89,107.34
574,162,9,800.07,7200.63
574,129,3,569.35,1708.0500000000002
575,23,1,855.94,855.94
575,7,3,127.04,381.12
575,31,2,748.35,1496.7
575,350,10,504.59,5045.9
575,168,7,111.21,778.4699999999999
576,111,2,840.68,1681.36
576,226,1,354.82,354.82
576,309,1,853.9,853.9
576,306,3,826.6,2479.8
577,24,5,683.49,3417.45
577,160,7,682.9,4780.3
577,458,8,883.95,7071.6
577,265,3,841.49,2524.4700000000003
577,19,4,368.17,1472.68
578,317,9,102.41,921.69
578,138,8,895.84,7166.72
578,47,7,255.04,1785.28
579,213,1,680.7,680.7
579,264,10,687.85,6878.5
579,272,3,825.05,2475.15
579,318,8,91.6,732.8
579,344,10,36.56,365.6
580,484,6,605.65,3633.9
580,143,7,567.87,3975.09
580,460,1,425.04,425.04
581,228,2,76.5,153.0
581,429,9,129.53,1165.77
582,373,9,22.54,202.86
582,151,9,792.59,7133.31
582,222,4,921.34,3685.36
583,254,5,600.46,3002.3
583,499,1,789.12,789.12
584,238,8,596.28,4770.24
584,482,8,546.7,4373.6
585,418,1,584.96,584.96
586,231,4,930.62,3722.48
586,215,7,20.44,143.08
586,115,5,226.53,1132.65
587,413,1,961.57,961.57
587,325,2,17.98,35.96
587,496,1,961.06,961.06
587,289,9,144.23,1298.07
588,149,8,680.26,5442.08
589,226,4,354.82,1419.28
590,405,6,735.14,4410.84
590,135,7,179.67,1257.6899999999998
590,75,4,561.71,2246.84
590,64,6,880.92,5285.52
590,122,4,507.19,2028.76
591,135,2,179.67,359.34
591,342,4,557.86,2231.44
592,50,4,425.05,1700.2
592,308,2,551.84,1103.68
592,222,8,921.34,7370.72
592,346,10,610.86,6108.6
593,175,3,727.6,2182.8
593,397,4,230.95,923.8
593,248,10,180.8,1808.0
593,474,8,579.94,4639.52
594,436,3,402.28,1206.84
594,357,8,269.56,2156.48
594,409,4,951.48,3805.92
595,108,4,723.11,2892.44
595,66,6,500.66,3003.96
595,80,3,275.78,827.3399999999999
596,30,1,31.55,31.55
596,421,5,665.82,3329.1000000000004
596,161,3,94.84,284.52
596,387,2,743.37,1486.74
596,434,8,837.57,6700.56
597,38,6,454.05,2724.3
597,377,4,752.28,3009.12
598,199,10,217.55,2175.5
598,412,3,983.28,2949.84
599,454,2,909.22,1818.44
599,20,7,121.09,847.63
600,370,10,124.83,1248.3
600,244,8,864.01,6912.08
601,426,7,944.12,6608.84
602,194,7,332.63,2328.41
602,214,10,966.06,9660.6
602,433,4,699.91,2799.64
603,458,1,883.95,883.95
603,152,7,87.64,613.48
603,275,1,111.39,111.39
603,403,1,626.49,626.49
603,192,8,298.53,2388.24
604,410,9,382.51,3442.59
604,135,7,179.67,1257.6899999999998
604,174,8,419.67,3357.36
604,452,2,501.17,1002.34
605,274,2,446.95,893.9
605,2,9,16.76,150.84
606,494,4,145.09,580.36
606,448,3,906.03,2718.09
606,96,6,377.0,2262.0
606,201,5,676.25,3381.25
607,378,1,735.61,735.61
608,449,3,131.3,393.9
608,140,8,888.68,7109.44
608,276,10,753.83,7538.3
609,326,8,988.27,7906.16
609,267,3,299.17,897.51
609,373,7,22.54,157.78
609,101,3,336.57,1009.71
610,118,1,662.69,662.69
610,430,2,457.4,914.8
610,379,7,341.66,2391.6200000000003
610,74,6,566.76,3400.56
611,233,7,337.68,2363.76
611,35,5,294.22,1471.1
611,407,10,33.67,336.70000000000005
612,195,2,371.37,742.74
612,126,10,531.19,5311.900000000001
613,435,9,100.3,902.7
614,260,2,623.22,1246.44
615,367,10,684.25,6842.5
615,483,1,47.58,47.58
615,52,6,598.0,3588.0
615,252,6,125.78,754.6800000000001
616,387,2,743.37,1486.74
616,458,9,883.95,7955.55
616,192,4,298.53,1194.12
616,168,3,111.21,333.63
616,324,6,524.25,3145.5
617,239,8,707.69,5661.52
618,467,4,39.01,156.04
618,51,6,248.26,1489.56
619,450,7,60.13,420.91
619,194,5,332.63,1663.15
619,238,1,596.28,596.28
619,202,2,309.8,619.6
619,61,6,877.5,5265.0
620,461,9,256.66,2309.94
620,229,9,123.93,1115.37
620,447,2,449.0,898.0
620,440,8,103.78,830.24
621,437,5,305.85,1529.25
621,422,8,298.76,2390.08
621,76,10,250.43,2504.3
621,163,6,91.22,547.3199999999999
621,136,2,648.46,1296.92
622,96,2,377.0,754.0
623,158,2,495.7,991.4
623,373,2,22.54,45.08
623,237,3,617.97,1853.91
624,315,8,883.33,7066.64
624,233,3,337.68,1013.04
625,204,5,83.23,416.15
626,329,3,112.17,336.51
626,431,8,853.96,6831.68
626,167,6,450.29,2701.74
626,68,7,787.95,5515.650000000001
626,275,8,111.39,891.12
627,354,4,371.76,1487.04
627,195,2,371.37,742.74
627,401,1,17.89,17.89
628,389,7,55.52,388.64
628,171,10,98.72,987.2
628,390,6,921.02,5526.12
629,317,8,102.41,819.28
629,62,10,228.83,2288.3
629,81,9,606.89,5462.01
630,67,5,942.17,4710.849999999999
630,237,10,617.97,6179.700000000001
630,353,3,862.21,2586.63
630,196,5,207.8,1039.0
631,477,8,808.15,6465.2
631,104,6,264.75,1588.5
632,61,6,877.5,5265.0
632,15,5,759.78,3798.9
633,320,3,312.45,937.35
633,151,9,792.59,7133.31
633,153,5,63.16,315.79999999999995
633,253,3,149.94,449.82
633,473,3,65.35,196.05
634,294,3,398.77,1196.31
634,398,4,954.54,3818.16
635,3,10,452.27,4522.7
635,24,3,683.49,2050.4700000000003
635,170,8,517.32,4138.56
636,455,4,451.55,1806.2
636,123,9,436.27,3926.43
637,491,6,960.95,5765.700000000001
637,482,3,546.7,1640.1
637,195,6,371.37,2228.2200000000003
638,129,9,569.35,5124.150000000001
638,419,5,640.84,3204.2000000000003
639,62,8,228.83,1830.64
639,485,3,483.21,1449.63
639,458,8,883.95,7071.6
639,329,6,112.17,673.02
640,250,9,594.27,5348.43
640,420,6,595.98,3575.88
640,56,5,756.84,3784.2
640,477,8,808.15,6465.2
640,377,5,752.28,3761.4
641,299,10,697.76,6977.6
641,477,8,808.15,6465.2
642,484,8,605.65,4845.2
643,23,2,855.94,1711.88
643,337,5,95.82,479.1
643,206,1,924.26,924.26
643,225,7,786.43,5505.009999999999
643,355,10,765.1,7651.0
644,456,2,617.97,1235.94
644,496,6,961.06,5766.36
644,122,1,507.19,507.19
645,433,10,699.91,6999.099999999999
645,434,9,837.57,7538.13
646,25,1,493.94,493.94
646,306,2,826.6,1653.2
647,313,9,446.87,4021.83
648,89,6,706.73,4240.38
648,129,10,569.35,5693.5
648,181,10,367.51,3675.1
648,447,9,449.0,4041.0
649,486,7,209.45,1466.15
649,314,3,210.3,630.9000000000001
649,196,7,207.8,1454.6
650,291,1,135.62,135.62
650,117,5,934.56,4672.799999999999
650,443,6,378.52,2271.12
651,142,9,926.33,8336.970000000001
651,2,2,16.76,33.52
651,114,4,77.29,309.16
651,470,8,974.24,7793.92
652,323,3,87.16,261.48
652,377,7,752.28,5265.96
652,159,7,941.73,6592.110000000001
653,95,2,764.01,1528.02
653,153,3,63.16,189.48
653,40,4,875.81,3503.24
653,115,5,226.53,1132.65
653,381,8,975.3,7802.4
654,311,10,55.48,554.8
655,329,7,112.17,785.19
656,204,3,83.23,249.69
656,396,9,676.59,6089.31
656,446,8,997.19,7977.52
656,158,10,495.7,4957.0
657,177,7,386.92,2708.44
657,301,5,586.14,2930.7
658,371,5,64.48,322.40000000000003
659,406,9,159.06,1431.54
659,488,8,68.96,551.68
659,92,4,365.67,1462.68
659,238,1,596.28,596.28
660,423,5,926.78,4633.9
660,84,8,484.6,3876.8
660,261,2,952.32,1904.64
661,388,7,860.1,6020.7
661,275,3,111.39,334.17
661,460,8,425.04,3400.32
662,59,1,325.71,325.71
662,35,2,294.22,588.44
663,492,10,942.5,9425.0
664,153,10,63.16,631.5999999999999
664,253,7,149.94,1049.58
664,286,5,979.21,4896.05
664,116,8,69.85,558.8
665,130,9,306.97,2762.7300000000005
665,49,10,767.84,7678.400000000001
665,110,1,957.66,957.66
666,423,1,926.78,926.78
666,345,3,877.07,2631.21
666,342,6,557.86,3347.16
666,261,8,952.32,7618.56
666,31,3,748.35,2245.05
667,134,5,65.55,327.75
668,260,1,623.22,623.22
668,274,5,446.95,2234.75
668,406,5,159.06,795.3
669,224,9,354.85,3193.65
670,238,2,596.28,1192.56
670,461,10,256.66,2566.6000000000004
671,193,6,496.1,2976.6000000000004
671,363,5,92.76,463.8
671,64,5,880.92,4404.599999999999
672,456,2,617.97,1235.94
672,370,9,124.83,1123.47
672,231,10,930.62,9306.2
673,445,3,918.25,2754.75
674,491,8,960.95,7687.6
674,186,7,806.04,5642.28
674,167,6,450.29,2701.74
675,389,3,55.52,166.56
675,499,9,789.12,7102.08
676,452,10,501.17,5011.7
676,336,9,619.92,5579.28
676,111,9,840.68,7566.12
676,45,9,676.76,6090.84
676,241,2,581.57,1163.14
677,317,2,102.41,204.82
678,43,6,136.07,816.42
678,92,5,365.67,1828.35
678,142,6,926.33,5557.9800000000005
678,181,3,367.51,1102.53
679,491,6,960.95,5765.700000000001
679,447,3,449.0,1347.0
679,260,5,623.22,3116.1000000000004
679,98,1,154.46,154.46
679,345,2,877.07,1754.14
680,231,4,930.62,3722.48
680,44,5,758.62,3793.1
681,442,2,139.41,278.82
681,14,7,421.69,2951.83
682,147,1,929.59,929.59
683,498,4,696.62,2786.48
684,76,10,250.43,2504.3
684,104,1,264.75,264.75
684,88,8,915.3,7322.4
684,29,2,676.04,1352.08
684,252,5,125.78,628.9
685,400,1,334.03,334.03
685,339,2,390.19,780.38
685,280,2,692.24,1384.48
686,136,4,648.46,2593.84
686,115,3,226.53,679.59
686,475,6,361.26,2167.56
686,152,1,87.64,87.64
686,4,2,308.93,617.86
687,72,10,307.73,3077.3
687,79,6,727.34,4364.04
687,275,6,111.39,668.34
688,220,4,505.46,2021.84
688,383,9,64.88,583.92
688,250,10,594.27,5942.7
688,465,2,328.39,656.78
688,291,2,135.62,271.24
689,133,4,385.47,1541.88
689,255,4,428.81,1715.24
689,491,5,960.95,4804.75
689,419,3,640.84,1922.52
689,287,9,577.01,5193.09
690,279,4,217.78,871.12
691,385,6,775.6,4653.6
691,143,10,567.87,5678.7
691,46,3,536.61,1609.83
691,262,8,203.18,1625.44
692,9,6,772.14,4632.84
692,477,7,808.15,5657.05
693,240,4,754.8,3019.2
693,367,7,684.25,4789.75
693,215,2,20.44,40.88
693,268,6,542.23,3253.38
693,403,2,626.49,1252.98
694,111,3,840.68,2522.04
694,7,8,127.04,1016.32
694,366,6,637.95,3827.7
694,118,5,662.69,3313.4500000000003
694,13,9,460.43,4143.87
695,333,8,614.22,4913.76
695,376,2,266.65,533.3
695,161,7,94.84,663.88
696,330,5,145.76,728.8
696,110,8,957.66,7661.28
696,240,4,754.8,3019.2
696,216,9,515.57,4640.13
696,388,7,860.1,6020.7
697,247,2,358.47,716.94
697,19,8,368.17,2945.36
698,173,1,865.08,865.08
698,193,8,496.1,3968.8
699,76,8,250.43,2003.44
699,474,9,579.94,5219.460000000001
699,131,2,657.2,1314.4
699,470,2,974.24,1948.48
700,459,10,96.84,968.4
700,300,2,460.15,920.3
700,29,3,676.04,2028.12
700,462,2,796.9,1593.8
701,302,4,102.21,408.84
701,282,10,619.99,6199.9
701,440,7,103.78,726.46
702,133,8,385.47,3083.76
702,267,5,299.17,1495.85
702,396,10,676.59,6765.900000000001
702,452,10,501.17,5011.7
703,286,6,979.21,5875.26
703,57,8,148.73,1189.84
703,188,10,974.48,9744.8
703,121,7,540.38,3782.66
704,166,3,115.49,346.47
704,65,8,629.73,5037.84
704,317,2,102.41,204.82
705,162,8,800.07,6400.56
705,310,4,895.21,3580.84
705,261,3,952.32,2856.96
705,445,1,918.25,918.25
706,276,2,753.83,1507.66
707,478,3,914.84,2744.52
708,320,3,312.45,937.35
708,401,5,17.89,89.45
708,117,10,934.56,9345.6
709,375,9,527.78,4750.02
710,266,5,91.84,459.2000000000001
710,464,8,350.59,2804.72
711,426,9,944.12,8497.08
711,208,6,704.62,4227.72
711,255,9,428.81,3859.29
712,257,7,931.39,6519.73
713,490,6,848.02,5088.12
713,10,7,642.32,4496.240000000001
713,95,8,764.01,6112.08
713,40,8,875.81,7006.48
714,262,9,203.18,1828.62
714,263,5,510.38,2551.9
715,330,7,145.76,1020.32
715,354,3,371.76,1115.28
715,101,5,336.57,1682.85
715,205,7,586.42,4104.94
716,251,8,320.05,2560.4
716,60,9,820.2,7381.8
716,319,9,173.87,1564.83
716,477,10,808.15,8081.5
716,250,8,594.27,4754.16
717,205,9,586.42,5277.78
717,372,1,661.47,661.47
718,133,10,385.47,3854.7
718,284,7,574.37,4020.59
718,24,10,683.49,6834.9
718,82,6,196.28,1177.68
719,254,1,600.46,600.46
720,475,6,361.26,2167.56
720,474,6,579.94,3479.6400000000003
721,355,7,765.1,5355.7
721,159,2,941.73,1883.46
721,184,7,144.13,1008.91
722,361,6,408.25,2449.5
722,69,1,422.16,422.16
722,113,4,146.12,584.48
722,112,4,58.03,232.12
723,75,10,561.71,5617.1
723,352,2,934.59,1869.18
723,500,2,593.06,1186.12
724,375,3,527.78,1583.34
724,142,1,926.33,926.33
724,374,9,21.24,191.16
725,182,7,723.69,5065.83
725,325,10,17.98,179.8
725,415,9,922.06,8298.539999999999
725,208,7,704.62,4932.34
726,99,10,935.41,9354.1
726,115,1,226.53,226.53
726,315,6,883.33,5299.9800000000005
726,433,7,699.91,4899.37
727,476,10,184.34,1843.4
727,298,2,408.82,817.64
727,67,8,942.17,7537.36
728,491,6,960.95,5765.700000000001
728,94,8,107.62,860.96
729,423,3,926.78,2780.34
729,364,10,921.72,9217.2
729,104,5,264.75,1323.75
730,471,8,660.3,5282.4
730,455,2,451.55,903.1
731,3,5,452.27,2261.35
731,358,1,949.19,949.19
731,190,5,208.84,1044.2
732,251,10,320.05,3200.5
732,30,2,31.55,63.1
733,415,6,922.06,5532.36
733,17,5,683.54,3417.7
733,173,2,865.08,1730.16
733,219,10,774.62,7746.2
733,362,9,542.28,4880.52
734,495,6,949.21,5695.26
734,387,2,743.37,1486.74
735,275,5,111.39,556.95
735,186,7,806.04,5642.28
735,428,9,455.07,4095.63
735,406,6,159.06,954.36
735,21,4,903.86,3615.44
736,242,10,195.09,1950.9
736,498,9,696.62,6269.58
736,113,8,146.12,1168.96
737,261,1,952.32,952.32
737,15,9,759.78,6838.02
738,303,4,638.49,2553.96
738,203,8,162.6,1300.8
738,378,5,735.61,3678.05
738,140,9,888.68,7998.12
739,45,1,676.76,676.76
739,63,9,70.35,633.15
739,102,4,835.03,3340.12
739,72,6,307.73,1846.38
739,406,8,159.06,1272.48
740,356,5,26.52,132.6
740,159,7,941.73,6592.110000000001
741,451,4,438.82,1755.28
742,500,3,593.06,1779.1799999999998
742,387,5,743.37,3716.85
742,135,10,179.67,1796.6999999999998
743,95,2,764.01,1528.02
743,414,3,714.54,2143.62
744,393,5,328.58,1642.9
744,116,8,69.85,558.8
745,230,7,651.49,4560.43
745,117,1,934.56,934.56
745,11,4,373.87,1495.48
745,191,3,964.93,2894.79
746,333,5,614.22,3071.1000000000004
747,396,3,676.59,2029.77
747,445,1,918.25,918.25
747,408,8,639.58,5116.64
747,270,1,554.23,554.23
747,93,1,517.69,517.69
748,354,5,371.76,1858.8
748,399,2,867.37,1734.74
748,242,7,195.09,1365.63
748,154,6,840.29,5041.74
748,384,2,175.21,350.42
749,28,4,568.27,2273.08
749,46,2,536.61,1073.22
750,208,2,704.62,1409.24
750,299,9,697.76,6279.84
750,364,10,921.72,9217.2
750,60,9,820.2,7381.8
750,146,5,754.73,3773.65
751,410,10,382.51,3825.1
751,66,2,500.66,1001.32
752,438,7,40.77,285.39000000000004
752,289,4,144.23,576.92
752,469,7,363.86,2547.02
752,445,4,918.25,3673.0
752,385,3,775.6,2326.8
753,188,5,974.48,4872.4
753,31,8,748.35,5986.8
754,42,1,992.92,992.92
754,66,8,500.66,4005.28
754,5,9,21.32,191.88
754,288,6,985.63,5913.78
754,448,2,906.03,1812.06
755,343,8,611.52,4892.16
755,413,4,961.57,3846.28
755,2,5,16.76,83.80000000000001
755,439,3,560.39,1681.17
756,357,5,269.56,1347.8
756,77,1,650.24,650.24
756,307,10,329.64,3296.4
757,333,4,614.22,2456.88
758,343,5,611.52,3057.6
758,53,6,675.3,4051.8
758,286,2,979.21,1958.42
758,232,9,520.83,4687.47
759,488,1,68.96,68.96
759,194,7,332.63,2328.41
759,39,5,381.89,1909.45
759,290,5,919.58,4597.900000000001
760,432,4,809.52,3238.08
760,476,3,184.34,553.02
760,185,8,338.9,2711.2
761,489,1,707.65,707.65
761,11,5,373.87,1869.35
761,392,2,743.26,1486.52
761,330,8,145.76,1166.08
762,95,6,764.01,4584.06
762,19,7,368.17,2577.19
762,308,2,551.84,1103.68
762,418,3,584.96,1754.88
763,158,2,495.7,991.4
763,143,6,567.87,3407.2200000000003
763,384,7,175.21,1226.47
763,238,10,596.28,5962.799999999999
763,142,9,926.33,8336.970000000001
764,80,1,275.78,275.78
765,395,8,575.82,4606.56
765,294,3,398.77,1196.31
766,345,5,877.07,4385.35
766,487,6,719.77,4318.62
767,447,3,449.0,1347.0
768,499,10,789.12,7891.2
768,399,7,867.37,6071.59
769,382,3,501.19,1503.57
769,69,5,422.16,2110.8
769,103,3,658.06,1974.18
769,276,10,753.83,7538.3
770,330,2,145.76,291.52
770,199,7,217.55,1522.85
771,312,7,26.12,182.84
771,330,10,145.76,1457.6
771,24,4,683.49,2733.96
771,339,1,390.19,390.19
772,426,4,944.12,3776.48
772,364,2,921.72,1843.44
772,453,8,432.4,3459.2
772,104,4,264.75,1059.0
772,112,5,58.03,290.15
773,277,7,455.24,3186.6800000000003
774,269,5,569.99,2849.95
774,112,3,58.03,174.09
774,429,2,129.53,259.06
774,178,6,308.12,1848.72
774,429,3,129.53,388.59
775,445,9,918.25,8264.25
776,285,2,600.89,1201.78
776,60,4,820.2,3280.8
776,290,4,919.58,3678.32
776,365,4,541.03,2164.12
777,475,7,361.26,2528.82
777,233,3,337.68,1013.04
777,419,7,640.84,4485.88
777,376,4,266.65,1066.6
778,59,4,325.71,1302.84
778,108,7,723.11,5061.77
778,438,3,40.77,122.31
779,137,5,977.56,4887.799999999999
780,479,8,703.56,5628.48
780,409,4,951.48,3805.92
780,410,6,382.51,2295.06
780,398,10,954.54,9545.4
780,92,8,365.67,2925.36
781,296,3,381.42,1144.26
781,217,6,584.71,3508.26
781,77,7,650.24,4551.68
781,117,4,934.56,3738.24
782,38,10,454.05,4540.5
782,97,5,566.9,2834.5
782,430,2,457.4,914.8
782,161,2,94.84,189.68
783,494,6,145.09,870.54
784,114,10,77.29,772.9000000000001
784,441,10,130.24,1302.4
784,63,1,70.35,70.35
785,426,10,944.12,9441.2
785,457,7,650.81,4555.67
785,159,5,941.73,4708.65
785,107,7,797.03,5579.21
785,65,6,629.73,3778.38
786,156,10,402.74,4027.4
787,271,9,123.06,1107.54
787,48,8,282.89,2263.12
788,478,2,914.84,1829.68
788,264,6,687.85,4127.1
789,373,3,22.54,67.62
789,85,5,310.16,1550.8000000000002
789,137,2,977.56,1955.12
789,145,6,961.85,5771.1
790,335,5,750.79,3753.95
790,220,6,505.46,3032.76
790,72,7,307.73,2154.11
790,92,5,365.67,1828.35
791,209,9,597.88,5380.92
791,466,6,35.8,214.8
791,354,7,371.76,2602.32
792,336,3,619.92,1859.76
792,195,9,371.37,3342.33
792,122,8,507.19,4057.52
792,367,1,684.25,684.25
793,79,4,727.34,2909.36
794,385,5,775.6,3878.0
794,131,3,657.2,1971.6
794,429,8,129.53,1036.24
794,105,7,966.84,6767.88
795,171,8,98.72,789.76
796,259,8,195.23,1561.84
796,87,8,126.14,1009.12
796,19,8,368.17,2945.36
796,274,2,446.95,893.9
796,191,3,964.93,2894.79
797,311,4,55.48,221.92
798,36,9,768.17,6913.53
798,272,5,825.05,4125.25
799,298,4,408.82,1635.28
799,94,10,107.62,1076.2
799,155,1,771.32,771.32
799,61,9,877.5,7897.5
799,27,10,140.62,1406.2
800,403,4,626.49,2505.96
801,183,6,620.5,3723.0
802,425,7,458.23,3207.61
803,223,6,833.0,4998.0
804,388,8,860.1,6880.8
805,276,8,753.83,6030.64
805,27,5,140.62,703.1
805,336,10,619.92,6199.2
805,437,1,305.85,305.85
806,118,8,662.69,5301.52
806,368,6,701.69,4210.14
806,372,10,661.47,6614.700000000001
806,128,3,379.32,1137.96
806,188,4,974.48,3897.92
807,364,6,921.72,5530.32
807,484,1,605.65,605.65
807,158,2,495.7,991.4
808,324,2,524.25,1048.5
808,401,7,17.89,125.23
808,4,5,308.93,1544.65
808,384,3,175.21,525.63
809,361,1,408.25,408.25
810,132,7,761.99,5333.93
810,288,5,985.63,4928.15
810,335,3,750.79,2252.37
810,392,2,743.26,1486.52
811,387,5,743.37,3716.85
811,154,10,840.29,8402.9
811,242,3,195.09,585.27
811,423,6,926.78,5560.68
812,37,9,964.14,8677.26
812,345,4,877.07,3508.28
812,273,8,824.38,6595.04
813,53,5,675.3,3376.5
813,281,10,614.16,6141.599999999999
813,469,10,363.86,3638.6
813,290,7,919.58,6437.06
814,12,10,957.79,9577.9
814,67,3,942.17,2826.51
814,255,7,428.81,3001.67
815,449,1,131.3,131.3
816,84,4,484.6,1938.4
816,99,3,935.41,2806.23
816,309,8,853.9,6831.2
816,134,9,65.55,589.9499999999999
817,134,2,65.55,131.1
817,5,5,21.32,106.6
817,9,8,772.14,6177.12
817,469,7,363.86,2547.02
817,117,2,934.56,1869.12
818,80,3,275.78,827.3399999999999
818,79,5,727.34,3636.7
819,406,5,159.06,795.3
819,394,10,326.74,3267.4
819,219,1,774.62,774.62
819,285,9,600.89,5408.01
820,184,2,144.13,288.26
820,197,9,684.9,6164.099999999999
820,168,7,111.21,778.4699999999999
820,390,7,921.02,6447.139999999999
820,369,2,67.33,134.66
821,61,5,877.5,4387.5
821,133,6,385.47,2312.82
821,15,5,759.78,3798.9
821,447,10,449.0,4490.0
821,282,2,619.99,1239.98
822,214,8,966.06,7728.48
823,398,1,954.54,954.54
823,64,2,880.92,1761.84
823,331,7,645.16,4516.12
823,197,5,684.9,3424.5
824,238,8,596.28,4770.24
824,464,10,350.59,3505.9
824,290,5,919.58,4597.900000000001
824,3,6,452.27,2713.62
825,483,2,47.58,95.16
825,172,10,600.96,6009.6
826,26,7,451.03,3157.21
827,64,7,880.92,6166.44
828,260,8,623.22,4985.76
828,1,8,482.68,3861.44
829,75,8,561.71,4493.68
829,154,5,840.29,4201.45
829,280,10,692.24,6922.4
829,447,10,449.0,4490.0
829,271,6,123.06,738.36
830,159,5,941.73,4708.65
830,475,2,361.26,722.52
830,433,3,699.91,2099.73
830,397,3,230.95,692.8499999999999
831,11,1,373.87,373.87
832,259,4,195.23,780.92
833,278,4,444.68,1778.72
833,443,7,378.52,2649.64
834,48,2,282.89,565.78
834,63,5,70.35,351.75
835,81,7,606.89,4248.23
835,210,1,118.28,118.28
835,26,2,451.03,902.06
835,164,3,714.56,2143.68
836,154,8,840.29,6722.32
836,212,8,616.55,4932.4
836,276,1,753.83,753.83
836,152,8,87.64,701.12
837,305,5,403.74,2018.7
837,226,10,354.82,3548.2
838,78,1,848.66,848.66
838,318,2,91.6,183.2
838,437,7,305.85,2140.9500000000003
839,402,10,568.17,5681.7
839,349,9,499.94,4499.46
839,60,5,820.2,4101.0
839,207,1,424.12,424.12
839,205,8,586.42,4691.36
840,154,10,840.29,8402.9
840,136,10,648.46,6484.6
840,115,8,226.53,1812.24
840,243,4,462.97,1851.88
840,19,1,368.17,368.17
841,93,10,517.69,5176.900000000001
841,332,6,77.73,466.38
841,73,9,807.72,7269.48
841,381,2,975.3,1950.6
842,454,8,909.22,7273.76
842,371,2,64.48,128.96
842,455,8,451.55,3612.4
842,344,10,36.56,365.6
843,131,7,657.2,4600.400000000001
843,192,1,298.53,298.53
843,350,3,504.59,1513.77
843,100,5,423.4,2117.0
844,22,8,541.29,4330.32
844,26,4,451.03,1804.12
844,236,9,437.81,3940.29
845,134,10,65.55,655.5
845,365,8,541.03,4328.24
845,230,3,651.49,1954.47
846,272,7,825.05,5775.349999999999
846,339,6,390.19,2341.14
846,300,8,460.15,3681.2
846,309,3,853.9,2561.7
847,4,2,308.93,617.86
847,244,8,864.01,6912.08
847,36,3,768.17,2304.51
848,28,10,568.27,5682.7
848,315,8,883.33,7066.64
849,359,5,293.62,1468.1
849,50,4,425.05,1700.2
849,273,4,824.38,3297.52
849,144,9,929.48,8365.32
850,29,5,676.04,3380.2
850,77,6,650.24,3901.44
850,226,3,354.82,1064.46
851,295,2,636.08,1272.16
852,265,10,841.49,8414.9
853,184,4,144.13,576.52
853,466,8,35.8,286.4
853,139,5,237.47,1187.35
853,239,6,707.69,4246.14
853,237,6,617.97,3707.82
854,223,3,833.0,2499.0
854,253,9,149.94,1349.46
854,66,10,500.66,5006.6
855,149,8,680.26,5442.08
856,239,10,707.69,7076.900000000001
857,365,1,541.03,541.03
857,153,9,63.16,568.4399999999999
857,112,2,58.03,116.06
857,254,3,600.46,1801.38
857,482,2,546.7,1093.4
858,434,5,837.57,4187.85
858,89,8,706.73,5653.84
859,50,3,425.05,1275.15
860,98,3,154.46,463.38
860,78,2,848.66,1697.32
860,341,4,284.2,1136.8
861,74,4,566.76,2267.04
862,416,9,418.93,3770.37
862,386,3,677.38,2032.14
862,477,2,808.15,1616.3
863,89,6,706.73,4240.38
863,384,4,175.21,700.84
863,241,3,581.57,1744.71
863,48,9,282.89,2546.01
864,385,7,775.6,5429.2
864,33,7,73.12,511.84
865,416,6,418.93,2513.58
865,97,1,566.9,566.9
865,434,8,837.57,6700.56
865,400,3,334.03,1002.09
865,337,1,95.82,95.82
866,135,6,179.67,1078.02
867,191,7,964.93,6754.509999999999
867,9,1,772.14,772.14
868,265,10,841.49,8414.9
868,335,1,750.79,750.79
869,370,5,124.83,624.15
869,356,7,26.52,185.64
869,49,7,767.84,5374.88
869,6,9,695.84,6262.56
869,393,5,328.58,1642.9
870,234,5,239.54,1197.7
871,258,7,175.2,1226.4
871,280,8,692.24,5537.92
872,390,10,921.02,9210.2
872,48,10,282.89,2828.9
872,464,8,350.59,2804.72
872,297,6,796.65,4779.9
872,337,7,95.82,670.74
873,14,1,421.69,421.69
874,69,3,422.16,1266.48
874,465,9,328.39,2955.51
874,445,9,918.25,8264.25
874,10,5,642.32,3211.6000000000004
875,80,9,275.78,2482.0199999999995
875,241,5,581.57,2907.8500000000004
875,149,9,680.26,6122.34
875,125,6,157.41,944.46
875,469,3,363.86,1091.58
876,342,10,557.86,5578.6
876,285,5,600.89,3004.45
876,227,4,724.77,2899.08
876,107,5,797.03,3985.15
876,18,7,530.25,3711.75
877,268,6,542.23,3253.38
878,430,6,457.4,2744.4
878,305,2,403.74,807.48
878,382,1,501.19,501.19
878,397,2,230.95,461.9
878,270,8,554.23,4433.84
879,153,8,63.16,505.28
880,13,10,460.43,4604.3
880,481,9,838.33,7544.97
880,496,10,961.06,9610.6
880,231,4,930.62,3722.48
880,50,6,425.05,2550.3
881,456,3,617.97,1853.91
881,196,7,207.8,1454.6
881,444,9,93.2,838.8000000000001
881,306,4,826.6,3306.4
881,467,2,39.01,78.02
882,39,4,381.89,1527.56
882,211,6,668.05,4008.3
882,339,8,390.19,3121.52
882,115,2,226.53,453.06
882,405,3,735.14,2205.42
883,51,2,248.26,496.52
883,173,2,865.08,1730.16
883,5,1,21.32,21.32
883,231,7,930.62,6514.34
884,113,8,146.12,1168.96
884,130,2,306.97,613.94
885,293,7,830.2,5811.400000000001
885,344,10,36.56,365.6
885,395,9,575.82,5182.38
885,468,9,68.01,612.09
885,491,7,960.95,6726.650000000001
886,311,7,55.48,388.36
886,475,8,361.26,2890.08
886,497,8,182.46,1459.68
886,436,7,402.28,2815.96
887,413,3,961.57,2884.71
887,447,8,449.0,3592.0
887,385,8,775.6,6204.8
887,5,3,21.32,63.96
887,337,9,95.82,862.3799999999999
888,184,8,144.13,1153.04
888,148,8,568.32,4546.56
889,191,9,964.93,8684.369999999999
889,368,6,701.69,4210.14
890,75,2,561.71,1123.42
890,443,2,378.52,757.04
890,417,6,463.87,2783.2200000000003
890,13,10,460.43,4604.3
891,405,3,735.14,2205.42
891,380,2,528.62,1057.24
891,212,6,616.55,3699.3
891,64,5,880.92,4404.599999999999
891,480,6,567.97,3407.82
892,87,1,126.14,126.14
892,9,3,772.14,2316.42
892,47,3,255.04,765.12
892,263,10,510.38,5103.8
893,462,5,796.9,3984.5
893,19,4,368.17,1472.68
893,264,3,687.85,2063.55
894,479,9,703.56,6332.039999999999
895,178,7,308.12,2156.84
896,41,10,861.68,8616.8
896,183,8,620.5,4964.0
896,297,6,796.65,4779.9
897,164,3,714.56,2143.68
897,349,3,499.94,1499.82
897,293,9,830.2,7471.8
897,276,8,753.83,6030.64
897,141,8,56.1,448.8
898,289,6,144.23,865.3799999999999
898,461,2,256.66,513.32
899,208,7,704.62,4932.34
899,328,7,389.24,2724.6800000000003
899,199,4,217.55,870.2
899,109,7,917.73,6424.110000000001
899,349,6,499.94,2999.64
900,95,5,764.01,3820.05
900,50,2,425.05,850.1
900,9,3,772.14,2316.42
900,412,1,983.28,983.28
901,81,9,606.89,5462.01
901,10,2,642.32,1284.64
901,174,9,419.67,3777.03
902,394,9,326.74,2940.66
902,118,10,662.69,6626.900000000001
902,397,1,230.95,230.95
902,345,10,877.07,8770.7
902,357,9,269.56,2426.04
903,133,1,385.47,385.47
903,324,2,524.25,1048.5
903,46,9,536.61,4829.49
903,4,3,308.93,926.79
903,375,1,527.78,527.78
904,68,10,787.95,7879.5
904,380,8,528.62,4228.96
905,225,6,786.43,4718.58
905,351,7,533.0,3731.0
905,310,10,895.21,8952.1
905,216,1,515.57,515.57
905,474,8,579.94,4639.52
906,449,3,131.3,393.9
906,195,7,371.37,2599.59
906,116,1,69.85,69.85
906,269,9,569.99,5129.91
907,389,2,55.52,111.04
907,414,2,714.54,1429.08
907,346,2,610.86,1221.72
908,191,3,964.93,2894.79
908,429,3,129.53,388.59
908,197,5,684.9,3424.5
909,318,7,91.6,641.1999999999999
909,156,3,402.74,1208.22
909,262,1,203.18,203.18
910,301,1,586.14,586.14
910,196,1,207.8,207.8
911,2,6,16.76,100.56
912,283,5,815.39,4076.95
912,43,7,136.07,952.49
912,389,2,55.52,111.04
913,302,10,102.21,1022.1
913,270,10,554.23,5542.3
914,245,9,320.27,2882.43
914,97,7,566.9,3968.3
914,91,2,386.86,773.72
914,343,5,611.52,3057.6
914,366,1,637.95,637.95
915,426,7,944.12,6608.84
915,494,2,145.09,290.18
915,494,8,145.09,1160.72
915,404,1,595.77,595.77
915,361,7,408.25,2857.75
916,25,5,493.94,2469.7
917,240,4,754.8,3019.2
918,9,5,772.14,3860.7
918,247,10,358.47,3584.7000000000003
919,468,9,68.01,612.09
920,31,9,748.35,6735.150000000001
920,80,3,275.78,827.3399999999999
920,221,4,487.94,1951.76
921,28,8,568.27,4546.16
921,440,1,103.78,103.78
921,403,1,626.49,626.49
921,369,8,67.33,538.64
921,454,10,909.22,9092.2
922,50,1,425.05,425.05
922,244,1,864.01,864.01
923,484,5,605.65,3028.25
923,3,7,452.27,3165.89
923,175,6,727.6,4365.6
923,397,4,230.95,923.8
923,301,10,586.14,5861.4
924,347,3,397.83,1193.49
925,213,5,680.7,3403.5
926,125,3,157.41,472.23
927,222,4,921.34,3685.36
927,70,10,382.7,3827.0
927,288,9,985.63,8870.67
927,392,6,743.26,4459.56
928,362,8,542.28,4338.24
928,499,5,789.12,3945.6
928,408,4,639.58,2558.32
929,58,4,817.63,3270.52
929,478,8,914.84,7318.72
929,167,10,450.29,4502.900000000001
930,116,1,69.85,69.85
930,130,10,306.97,3069.7000000000003
931,331,3,645.16,1935.48
932,488,7,68.96,482.72
932,198,9,953.47,8581.23
932,116,2,69.85,139.7
932,62,2,228.83,457.66
933,442,2,139.41,278.82
933,387,6,743.37,4460.22
933,214,7,966.06,6762.42
933,331,10,645.16,6451.599999999999
934,76,1,250.43,250.43
934,436,2,402.28,804.56
935,208,8,704.62,5636.96
935,62,1,228.83,228.83
936,287,5,577.01,2885.05
937,50,4,425.05,1700.2
937,499,2,789.12,1578.24
937,148,10,568.32,5683.200000000001
938,214,4,966.06,3864.24
938,122,8,507.19,4057.52
939,489,8,707.65,5661.2
939,166,10,115.49,1154.9
939,306,4,826.6,3306.4
940,76,2,250.43,500.86
940,298,5,408.82,2044.1
940,42,10,992.92,9929.2
940,323,9,87.16,784.4399999999999
941,220,4,505.46,2021.84
941,444,10,93.2,932.0
941,300,10,460.15,4601.5
941,62,10,228.83,2288.3
941,74,3,566.76,1700.28
942,193,2,496.1,992.2
942,58,3,817.63,2452.89
943,464,9,350.59,3155.31
943,199,5,217.55,1087.75
944,391,9,557.34,5016.06
945,310,8,895.21,7161.68
945,162,1,800.07,800.07
945,345,7,877.07,6139.490000000001
945,10,1,642.32,642.32
945,149,6,680.26,4081.56
946,455,2,451.55,903.1
946,77,9,650.24,5852.16
946,433,8,699.91,5599.28
947,447,1,449.0,449.0
947,10,4,642.32,2569.28
947,160,1,682.9,682.9
947,123,5,436.27,2181.35
947,276,7,753.83,5276.81
948,39,1,381.89,381.89
948,118,7,662.69,4638.83
948,286,4,979.21,3916.84
949,167,1,450.29,450.29
949,416,4,418.93,1675.72
949,81,7,606.89,4248.23
949,78,2,848.66,1697.32
949,224,4,354.85,1419.4
950,432,5,809.52,4047.6
950,301,2,586.14,1172.28
950,315,2,883.33,1766.66
951,359,1,293.62,293.62
951,225,10,786.43,7864.299999999999
951,37,6,964.14,5784.84
951,460,5,425.04,2125.2000000000003
952,395,4,575.82,2303.28
952,249,6,802.61,4815.66
952,88,1,915.3,915.3
952,421,6,665.82,3994.92
953,424,10,833.58,8335.800000000001
954,189,8,327.46,2619.68
955,438,1,40.77,40.77
956,6,2,695.84,1391.68
956,107,3,797.03,2391.09
956,54,1,252.29,252.29
957,96,10,377.0,3770.0
957,462,7,796.9,5578.3
957,320,2,312.45,624.9
958,456,9,617.97,5561.7300000000005
959,177,7,386.92,2708.44
959,102,2,835.03,1670.06
959,427,10,117.88,1178.8
959,474,7,579.94,4059.58
960,189,1,327.46,327.46
960,421,8,665.82,5326.56
960,271,7,123.06,861.4200000000001
960,343,8,611.52,4892.16
960,42,7,992.92,6950.44
961,9,6,772.14,4632.84
962,32,8,54.84,438.72
963,107,4,797.03,3188.12
963,479,2,703.56,1407.12
963,275,2,111.39,222.78
963,345,1,877.07,877.07
963,153,10,63.16,631.5999999999999
964,198,10,953.47,9534.7
964,391,3,557.34,1672.02
965,498,6,696.62,4179.72
965,489,7,707.65,4953.55
965,454,8,909.22,7273.76
966,256,4,542.01,2168.04
966,3,3,452.27,1356.81
967,279,5,217.78,1088.9
967,137,10,977.56,9775.6
968,213,5,680.7,3403.5
968,21,10,903.86,9038.6
968,229,9,123.93,1115.37
969,112,5,58.03,290.15
969,174,10,419.67,4196.7
969,241,6,581.57,3489.42
969,80,5,275.78,1378.9
970,232,10,520.83,5208.3
970,365,3,541.03,1623.09
970,343,1,611.52,611.52
970,323,4,87.16,348.64
970,225,9,786.43,7077.87
971,77,6,650.24,3901.44
971,485,4,483.21,1932.84
971,259,4,195.23,780.92
971,23,4,855.94,3423.76
972,499,8,789.12,6312.96
972,206,8,924.26,7394.08
973,425,10,458.23,4582.3
973,312,10,26.12,261.2
973,209,6,597.88,3587.28
974,257,6,931.39,5588.34
974,159,3,941.73,2825.19
974,153,2,63.16,126.32
974,212,8,616.55,4932.4
975,468,1,68.01,68.01
975,70,4,382.7,1530.8
976,255,10,428.81,4288.1
976,461,4,256.66,1026.64
976,65,4,629.73,2518.92
976,54,8,252.29,2018.32
977,226,4,354.82,1419.28
977,306,7,826.6,5786.2
977,368,3,701.69,2105.07
977,182,1,723.69,723.69
978,282,6,619.99,3719.94
979,334,3,357.68,1073.04
980,70,10,382.7,3827.0
980,433,6,699.91,4199.46
981,117,4,934.56,3738.24
981,409,5,951.48,4757.4
982,166,3,115.49,346.47
982,112,6,58.03,348.18
982,231,9,930.62,8375.58
983,48,1,282.89,282.89
983,29,3,676.04,2028.12
984,19,3,368.17,1104.51
985,245,6,320.27,1921.62
986,16,4,827.35,3309.4
986,379,6,341.66,2049.96
986,323,6,87.16,522.96
986,368,3,701.69,2105.07
987,197,2,684.9,1369.8
987,210,2,118.28,236.56
987,73,3,807.72,2423.16
987,343,3,611.52,1834.56
988,83,7,727.06,5089.42
988,254,6,600.46,3602.76
988,189,6,327.46,1964.76
988,153,10,63.16,631.5999999999999
988,64,7,880.92,6166.44
989,55,10,444.57,4445.7
990,236,5,437.81,2189.05
990,477,3,808.15,2424.45
990,279,6,217.78,1306.68
990,113,4,146.12,584.48
990,55,1,444.57,444.57
991,491,9,960.95,8648.550000000001
991,489,10,707.65,7076.5
992,499,8,789.12,6312.96
993,80,3,275.78,827.3399999999999
994,247,6,358.47,2150.82
994,425,8,458.23,3665.84
994,231,9,930.62,8375.58
994,491,8,960.95,7687.6
994,395,3,575.82,1727.46
995,255,9,428.81,3859.29
995,438,8,40.77,326.16
995,284,8,574.37,4594.96
996,474,7,579.94,4059.58
996,20,10,121.09,1210.9
996,263,1,510.38,510.38
996,270,4,554.23,2216.92
996,377,4,752.28,3009.12
997,142,7,926.33,6484.31
997,132,4,761.99,3047.96
998,167,10,450.29,4502.900000000001
998,269,3,569.99,1709.97
998,29,6,676.04,4056.24
998,65,5,629.73,3148.65
999,251,2,320.05,640.1
999,485,5,483.21,2416.05
1000,89,4,706.73,2826.92
1000,303,10,638.49,6384.9
1000,447,1,449.0,449.0
1001,379,6,341.66,2049.96
1001,277,7,455.24,3186.6800000000003
1001,302,8,102.21,817.68
1001,223,8,833.0,6664.0
1001,39,7,381.89,2673.23
1002,294,6,398.77,2392.62
1002,289,5,144.23,721.15
1002,424,7,833.58,5835.06
1002,481,1,838.33,838.33
1003,245,5,320.27,1601.35
1003,441,2,130.24,260.48
1004,161,9,94.84,853.5600000000001
1004,27,9,140.62,1265.58
1004,317,9,102.41,921.69
1005,252,4,125.78,503.12
1005,56,2,756.84,1513.68
1005,284,2,574.37,1148.74
1006,447,9,449.0,4041.0
1007,426,6,944.12,5664.72
1007,392,5,743.26,3716.3
1008,103,4,658.06,2632.24
1008,183,10,620.5,6205.0
1008,4,3,308.93,926.79
1009,222,5,921.34,4606.7
1010,477,7,808.15,5657.05
1010,358,10,949.19,9491.9
1010,136,1,648.46,648.46
1010,131,8,657.2,5257.6
1011,234,7,239.54,1676.78
1011,7,4,127.04,508.16
1012,54,8,252.29,2018.32
1012,424,4,833.58,3334.32
1013,326,8,988.27,7906.16
1013,276,8,753.83,6030.64
1013,110,6,957.66,5745.96
1013,223,2,833.0,1666.0
1013,372,6,661.47,3968.82
1014,134,4,65.55,262.2
1014,353,8,862.21,6897.68
1014,304,8,851.61,6812.88
1014,205,9,586.42,5277.78
1015,378,10,735.61,7356.1
1015,45,3,676.76,2030.28
1016,480,8,567.97,4543.76
1017,196,4,207.8,831.2
1017,261,7,952.32,6666.240000000001
1017,100,7,423.4,2963.8
1018,364,5,921.72,4608.6
1018,191,6,964.93,5789.58
1018,317,10,102.41,1024.1
1018,263,1,510.38,510.38
1018,398,10,954.54,9545.4
1019,212,6,616.55,3699.3
1019,247,10,358.47,3584.7000000000003
1020,48,10,282.89,2828.9
1020,55,7,444.57,3111.99
1020,377,7,752.28,5265.96
1020,321,4,434.94,1739.76
1020,112,7,58.03,406.21
1021,410,4,382.51,1530.04
1021,176,8,576.24,4609.92
1021,102,2,835.03,1670.06
1021,211,6,668.05,4008.3
1022,258,2,175.2,350.4
1022,410,3,382.51,1147.53
1022,459,2,96.84,193.68
1023,486,1,209.45,209.45
1023,103,10,658.06,6580.599999999999
1024,210,4,118.28,473.12
1024,498,2,696.62,1393.24
1025,11,4,373.87,1495.48
1025,22,5,541.29,2706.45
1026,371,8,64.48,515.84
1027,70,1,382.7,382.7
1027,22,3,541.29,1623.87
1027,393,6,328.58,1971.48
1027,318,7,91.6,641.1999999999999
1027,233,7,337.68,2363.76
1028,358,9,949.19,8542.710000000001
1028,279,7,217.78,1524.46
1029,68,7,787.95,5515.650000000001
1030,140,5,888.68,4443.4
1030,39,7,381.89,2673.23
1031,160,3,682.9,2048.7
1031,250,10,594.27,5942.7
1031,217,10,584.71,5847.1
1031,54,5,252.29,1261.45
1032,293,8,830.2,6641.6
1032,276,5,753.83,3769.15
1032,95,4,764.01,3056.04
1032,388,1,860.1,860.1
1032,264,3,687.85,2063.55
1033,223,10,833.0,8330.0
1033,138,4,895.84,3583.36
1033,237,9,617.97,5561.7300000000005
1033,440,6,103.78,622.6800000000001
1034,175,8,727.6,5820.8
1034,206,10,924.26,9242.6
1034,346,1,610.86,610.86
1034,450,2,60.13,120.26
1035,142,6,926.33,5557.9800000000005
1035,281,5,614.16,3070.8
1035,29,7,676.04,4732.28
1035,70,10,382.7,3827.0
1036,117,3,934.56,2803.68
1036,266,10,91.84,918.4
1037,429,3,129.53,388.59
1037,201,10,676.25,6762.5
1037,122,2,507.19,1014.38
1037,271,7,123.06,861.4200000000001
1038,36,3,768.17,2304.51
1038,174,5,419.67,2098.35
1039,390,2,921.02,1842.04
1039,424,4,833.58,3334.32
1039,369,8,67.33,538.64
1040,6,6,695.84,4175.04
1041,14,6,421.69,2530.14
1041,152,7,87.64,613.48
1041,500,8,593.06,4744.48
1041,34,3,986.28,2958.84
1041,145,5,961.85,4809.25
1042,16,8,827.35,6618.8
1043,89,7,706.73,4947.110000000001
1043,476,6,184.34,1106.04
1043,204,7,83.23,582.61
1043,455,4,451.55,1806.2
1044,225,5,786.43,3932.15
1045,188,6,974.48,5846.88
1045,25,8,493.94,3951.52
1046,10,2,642.32,1284.64
1047,136,8,648.46,5187.68
1047,358,3,949.19,2847.57
1048,150,3,390.01,1170.03
1048,286,1,979.21,979.21
1049,396,5,676.59,3382.9500000000003
1049,233,2,337.68,675.36
1050,247,3,358.47,1075.41
1050,386,2,677.38,1354.76
1050,367,1,684.25,684.25
1050,15,5,759.78,3798.9
1051,137,3,977.56,2932.68
1051,116,4,69.85,279.4
1051,479,1,703.56,703.56
1052,364,8,921.72,7373.76
1052,367,1,684.25,684.25
1053,186,7,806.04,5642.28
1054,423,1,926.78,926.78
1054,263,10,510.38,5103.8
1054,321,1,434.94,434.94
1054,109,1,917.73,917.73
1055,252,6,125.78,754.6800000000001
1055,135,4,179.67,718.68
1056,314,7,210.3,1472.1
1057,63,4,70.35,281.4
1057,467,2,39.01,78.02
1057,227,4,724.77,2899.08
1058,80,3,275.78,827.3399999999999
1058,73,1,807.72,807.72
1059,172,6,600.96,3605.76
1060,140,10,888.68,8886.8
1060,326,4,988.27,3953.08
1061,382,2,501.19,1002.38
1061,286,4,979.21,3916.84
1061,129,4,569.35,2277.4
1061,73,2,807.72,1615.44
1062,188,1,974.48,974.48
1062,75,7,561.71,3931.97
1063,315,7,883.33,6183.31
1064,374,2,21.24,42.48
1064,386,5,677.38,3386.9
1065,319,1,173.87,173.87
1065,374,2,21.24,42.48
1065,471,4,660.3,2641.2
1066,390,8,921.02,7368.16
1066,360,2,769.44,1538.88
1066,89,9,706.73,6360.57
1066,163,10,91.22,912.2
1066,70,3,382.7,1148.1
1067,268,6,542.23,3253.38
1067,325,7,17.98,125.86
1067,367,3,684.25,2052.75
1067,282,6,619.99,3719.94
1067,226,3,354.82,1064.46
1068,431,8,853.96,6831.68
1068,143,2,567.87,1135.74
1068,309,6,853.9,5123.4
1069,78,8,848.66,6789.28
1069,233,7,337.68,2363.76
1069,240,9,754.8,6793.2
1069,419,4,640.84,2563.36
1069,428,9,455.07,4095.63
1070,446,4,997.19,3988.76
1071,82,5,196.28,981.4
1072,199,4,217.55,870.2
1072,75,10,561.71,5617.1
1072,202,2,309.8,619.6
1072,353,1,862.21,862.21
1073,57,5,148.73,743.65
1073,241,4,581.57,2326.28
1073,476,3,184.34,553.02
1073,402,7,568.17,3977.19
1074,72,4,307.73,1230.92
1075,246,3,398.62,1195.86
1075,490,5,848.02,4240.1
1075,227,6,724.77,4348.62
1076,96,7,377.0,2639.0
1076,459,5,96.84,484.2000000000001
1076,410,1,382.51,382.51
1076,218,4,451.32,1805.28
1076,203,6,162.6,975.6
1077,270,9,554.23,4988.07
1077,161,1,94.84,94.84
1078,321,10,434.94,4349.4
1078,327,7,140.85,985.95
1079,161,8,94.84,758.72
1079,109,1,917.73,917.73
1080,33,4,73.12,292.48
1081,151,4,792.59,3170.36
1081,47,3,255.04,765.12
1082,396,9,676.59,6089.31
1082,266,4,91.84,367.36
1082,297,4,796.65,3186.6
1082,206,9,924.26,8318.34
1082,161,2,94.84,189.68
1083,366,5,637.95,3189.75
1083,170,3,517.32,1551.96
1083,118,4,662.69,2650.76
1083,363,4,92.76,371.04
1084,416,4,418.93,1675.72
1084,411,5,314.44,1572.2
1084,24,5,683.49,3417.45
1084,125,10,157.41,1574.1
1084,79,8,727.34,5818.72
1085,282,8,619.99,4959.92
1085,33,2,73.12,146.24
1085,331,6,645.16,3870.96
1086,349,8,499.94,3999.52
1086,138,8,895.84,7166.72
1087,85,7,310.16,2171.1200000000003
1087,347,3,397.83,1193.49
1087,317,8,102.41,819.28
1087,450,1,60.13,60.13
1087,439,7,560.39,3922.73
1088,199,10,217.55,2175.5
1088,265,9,841.49,7573.41
1088,485,3,483.21,1449.63
1089,18,5,530.25,2651.25
1089,313,7,446.87,3128.09
1090,69,5,422.16,2110.8
1090,150,7,390.01,2730.07
1090,198,9,953.47,8581.23
1090,441,10,130.24,1302.4
1091,11,3,373.87,1121.61
1091,90,8,556.56,4452.48
1091,254,4,600.46,2401.84
1092,277,1,455.24,455.24
1093,454,8,909.22,7273.76
1093,454,7,909.22,6364.54
1093,467,7,39.01,273.07
1094,356,7,26.52,185.64
1094,327,8,140.85,1126.8
1094,265,5,841.49,4207.45
1095,229,7,123.93,867.51
1096,238,10,596.28,5962.799999999999
1096,108,3,723.11,2169.33
1096,426,4,944.12,3776.48
1096,402,7,568.17,3977.19
1097,416,9,418.93,3770.37
1097,339,8,390.19,3121.52
1097,376,6,266.65,1599.9
1098,154,7,840.29,5882.03
1098,8,4,411.36,1645.44
1098,5,4,21.32,85.28
1098,105,8,966.84,7734.72
1099,61,3,877.5,2632.5
1100,435,3,100.3,300.9
1100,137,5,977.56,4887.799999999999
1100,50,4,425.05,1700.2
1100,476,10,184.34,1843.4
1101,320,1,312.45,312.45
1101,400,2,334.03,668.06
1102,51,7,248.26,1737.82
1102,14,10,421.69,4216.9
1102,291,2,135.62,271.24
1102,17,9,683.54,6151.86
1103,187,7,341.39,2389.73
1103,314,5,210.3,1051.5
1104,179,9,72.63,653.67
1104,451,7,438.82,3071.74
1104,308,10,551.84,5518.400000000001
1104,106,5,495.69,2478.45
1104,171,7,98.72,691.04
1105,461,6,256.66,1539.96
1105,163,3,91.22,273.66
1105,334,5,357.68,1788.4
1105,483,4,47.58,190.32
1105,283,7,815.39,5707.73
1106,279,3,217.78,653.34
1107,397,2,230.95,461.9
1108,316,7,875.68,6129.759999999999
1108,379,5,341.66,1708.3000000000002
1108,124,7,115.95,811.65
1108,412,3,983.28,2949.84
1108,347,3,397.83,1193.49
1109,277,4,455.24,1820.96
1109,118,8,662.69,5301.52
1110,381,8,975.3,7802.4
1111,135,4,179.67,718.68
1111,420,1,595.98,595.98
1112,2,7,16.76,117.32
1112,256,8,542.01,4336.08
1112,446,10,997.19,9971.9
1113,123,2,436.27,872.54
1113,464,5,350.59,1752.9499999999998
1114,59,5,325.71,1628.55
1115,293,10,830.2,8302.0
1116,289,2,144.23,288.46
1116,329,1,112.17,112.17
1116,69,1,422.16,422.16
1116,457,5,650.81,3254.05
1117,57,1,148.73,148.73
1117,23,2,855.94,1711.88
1117,292,4,257.18,1028.72
1117,433,9,699.91,6299.19
1117,313,1,446.87,446.87
1118,3,5,452.27,2261.35
1118,400,8,334.03,2672.24
1118,177,8,386.92,3095.36
1118,162,6,800.07,4800.42
1118,207,10,424.12,4241.2
1119,70,6,382.7,2296.2
1119,391,6,557.34,3344.04
1119,142,4,926.33,3705.32
1120,309,7,853.9,5977.3
1120,357,10,269.56,2695.6
1120,326,1,988.27,988.27
1120,442,6,139.41,836.46
1121,207,8,424.12,3392.96
1122,198,1,953.47,953.47
1122,70,10,382.7,3827.0
1123,87,4,126.14,504.56
1123,467,6,39.01,234.06
1123,93,8,517.69,4141.52
1124,214,9,966.06,8694.539999999999
1124,357,7,269.56,1886.92
1124,197,4,684.9,2739.6
1124,25,1,493.94,493.94
1125,263,6,510.38,3062.28
1126,247,8,358.47,2867.76
1126,209,4,597.88,2391.52
1126,74,10,566.76,5667.6
1127,58,2,817.63,1635.26
1127,425,6,458.23,2749.38
1127,221,7,487.94,3415.58
1127,6,8,695.84,5566.72
1127,285,2,600.89,1201.78
1128,460,4,425.04,1700.16
1128,95,3,764.01,2292.03
1128,466,9,35.8,322.2
1128,487,10,719.77,7197.7
1128,94,9,107.62,968.58
1129,239,2,707.69,1415.38
1129,435,5,100.3,501.5
1129,39,9,381.89,3437.01
1129,280,8,692.24,5537.92
1130,51,8,248.26,1986.08
1131,371,4,64.48,257.92
1131,359,4,293.62,1174.48
1132,168,2,111.21,222.42
1133,186,3,806.04,2418.12
1134,415,4,922.06,3688.24
1134,332,5,77.73,388.65
1134,47,8,255.04,2040.32
1135,211,9,668.05,6012.45
1135,496,8,961.06,7688.48
1136,406,4,159.06,636.24
1136,436,10,402.28,4022.8
1136,31,10,748.35,7483.5
1137,268,7,542.23,3795.61
1137,135,7,179.67,1257.6899999999998
1137,395,9,575.82,5182.38
1138,239,5,707.69,3538.4500000000003
1138,322,2,104.23,208.46
1139,42,2,992.92,1985.84
1140,360,4,769.44,3077.76
1140,219,2,774.62,1549.24
1140,71,10,478.78,4787.799999999999
1140,49,6,767.84,4607.04
1140,147,3,929.59,2788.77
1141,129,1,569.35,569.35
1141,202,5,309.8,1549.0
1141,384,1,175.21,175.21
1141,21,10,903.86,9038.6
1141,67,9,942.17,8479.529999999999
1142,7,6,127.04,762.24
1142,25,6,493.94,2963.64
1142,474,3,579.94,1739.8200000000002
1142,468,9,68.01,612.09
1143,374,4,21.24,84.96
1143,154,2,840.29,1680.58
1143,26,7,451.03,3157.21
1143,56,1,756.84,756.84
1143,31,9,748.35,6735.150000000001
1144,286,5,979.21,4896.05
1144,228,4,76.5,306.0
1145,499,3,789.12,2367.36
1145,473,10,65.35,653.5
1145,439,5,560.39,2801.95
1145,429,3,129.53,388.59
1146,7,10,127.04,1270.4
1147,384,2,175.21,350.42
1147,254,5,600.46,3002.3
1147,133,10,385.47,3854.7
1147,193,8,496.1,3968.8
1147,296,4,381.42,1525.68
1148,8,1,411.36,411.36
1148,278,6,444.68,2668.08
1148,360,3,769.44,2308.32
1148,115,4,226.53,906.12
1149,123,3,436.27,1308.81
1150,415,5,922.06,4610.299999999999
1150,462,3,796.9,2390.7
1150,147,1,929.59,929.59
1150,461,9,256.66,2309.94
1151,27,8,140.62,1124.96
1151,449,6,131.3,787.8000000000001
1151,195,7,371.37,2599.59
1151,4,7,308.93,2162.51
1152,98,5,154.46,772.3000000000001
1152,169,4,436.67,1746.68
1152,352,9,934.59,8411.31
1153,436,6,402.28,2413.68
1153,179,10,72.63,726.3
1154,33,8,73.12,584.96
1154,351,3,533.0,1599.0
1154,381,10,975.3,9753.0
1155,23,5,855.94,4279.700000000001
1155,10,3,642.32,1926.96
1155,14,4,421.69,1686.76
1155,157,4,39.33,157.32
1156,313,6,446.87,2681.2200000000003
1157,297,7,796.65,5576.55
1157,91,7,386.86,2708.02
1158,482,2,546.7,1093.4
1159,438,1,40.77,40.77
1159,55,2,444.57,889.14
1160,272,10,825.05,8250.5
1160,216,7,515.57,3608.99
1160,329,3,112.17,336.51
1161,228,4,76.5,306.0
1161,216,1,515.57,515.57
1161,24,2,683.49,1366.98
1161,351,4,533.0,2132.0
1162,266,10,91.84,918.4
1162,331,3,645.16,1935.48
1162,157,7,39.33,275.31
1163,57,8,148.73,1189.84
1164,214,8,966.06,7728.48
1164,2,6,16.76,100.56
1164,72,1,307.73,307.73
1165,30,2,31.55,63.1
1166,410,4,382.51,1530.04
1166,27,1,140.62,140.62
1166,265,10,841.49,8414.9
1166,101,10,336.57,3365.7
1166,46,10,536.61,5366.1
1167,11,10,373.87,3738.7
1168,188,7,974.48,6821.360000000001
1168,424,5,833.58,4167.900000000001
1168,64,10,880.92,8809.199999999999
1168,93,3,517.69,1553.0700000000002
1169,280,9,692.24,6230.16
1170,54,7,252.29,1766.03
1171,123,8,436.27,3490.16
1171,192,2,298.53,597.06
1171,164,9,714.56,6431.039999999999
1171,94,10,107.62,1076.2
1171,125,9,157.41,1416.69
1172,442,2,139.41,278.82
1172,35,3,294.22,882.6600000000001
1173,433,1,699.91,699.91
1173,118,9,662.69,5964.210000000001
1174,147,1,929.59,929.59
1175,18,3,530.25,1590.75
1175,134,2,65.55,131.1
1176,78,2,848.66,1697.32
1177,344,6,36.56,219.36
1177,96,9,377.0,3393.0
1177,471,3,660.3,1980.9
1178,256,4,542.01,2168.04
1179,401,5,17.89,89.45
1179,74,9,566.76,5100.84
1179,450,8,60.13,481.04
1179,274,3,446.95,1340.85
1179,274,10,446.95,4469.5
1180,193,9,496.1,4464.900000000001
1180,118,6,662.69,3976.14
1180,402,10,568.17,5681.7
1181,269,2,569.99,1139.98
1181,281,1,614.16,614.16
1182,475,3,361.26,1083.78
1182,231,5,930.62,4653.1
1183,291,9,135.62,1220.58
1183,280,4,692.24,2768.96
1183,30,10,31.55,315.5
1183,237,6,617.97,3707.82
1183,321,5,434.94,2174.7
1184,7,7,127.04,889.2800000000001
1184,46,2,536.61,1073.22
1184,132,9,761.99,6857.91
1184,53,5,675.3,3376.5
1184,413,5,961.57,4807.85
1185,380,7,528.62,3700.34
1185,448,8,906.03,7248.24
1186,341,3,284.2,852.5999999999999
1186,371,9,64.48,580.32
1186,335,4,750.79,3003.16
1186,177,2,386.92,773.84
1187,238,4,596.28,2385.12
1187,285,6,600.89,3605.34
1187,248,10,180.8,1808.0
1188,11,10,373.87,3738.7
1188,436,3,402.28,1206.84
1188,198,7,953.47,6674.29
1188,327,3,140.85,422.55
1188,500,6,593.06,3558.36
1189,50,10,425.05,4250.5
1190,480,2,567.97,1135.94
1190,151,9,792.59,7133.31
1190,366,2,637.95,1275.9
1191,81,2,606.89,1213.78
1191,201,6,676.25,4057.5
1191,482,2,546.7,1093.4
1191,70,6,382.7,2296.2
1192,61,4,877.5,3510.0
1192,113,5,146.12,730.6
1193,326,4,988.27,3953.08
1193,54,7,252.29,1766.03
1193,73,2,807.72,1615.44
1193,208,2,704.62,1409.24
1194,43,10,136.07,1360.6999999999998
1194,323,8,87.16,697.28
1194,402,2,568.17,1136.34
1195,43,5,136.07,680.3499999999999
1195,188,9,974.48,8770.32
1195,23,5,855.94,4279.700000000001
1195,382,10,501.19,5011.9
1195,39,2,381.89,763.78
1196,280,7,692.24,4845.68
1196,238,3,596.28,1788.84
1196,214,6,966.06,5796.36
1197,242,10,195.09,1950.9
1197,358,7,949.19,6644.33
1197,243,8,462.97,3703.76
1197,325,10,17.98,179.8
1197,137,3,977.56,2932.68
1198,178,3,308.12,924.36
1198,172,3,600.96,1802.88
1198,162,3,800.07,2400.21
1198,410,7,382.51,2677.57
1198,139,10,237.47,2374.7
1199,34,4,986.28,3945.12
1199,305,10,403.74,4037.4
1199,56,7,756.84,5297.88
1200,463,8,365.52,2924.16
1200,145,6,961.85,5771.1
1201,399,5,867.37,4336.85
1201,244,7,864.01,6048.07
1201,75,9,561.71,5055.39
1202,3,5,452.27,2261.35
1203,236,2,437.81,875.62
1204,320,2,312.45,624.9
1204,241,3,581.57,1744.71
1205,442,5,139.41,697.05
1206,400,7,334.03,2338.21
1207,277,8,455.24,3641.92
1207,375,8,527.78,4222.24
1208,53,2,675.3,1350.6
1208,270,7,554.23,3879.61
1208,272,1,825.05,825.05
1208,463,10,365.52,3655.2
1208,133,4,385.47,1541.88
1209,280,9,692.24,6230.16
1209,170,6,517.32,3103.92
1209,245,4,320.27,1281.08
1209,187,9,341.39,3072.51
1210,293,10,830.2,8302.0
1211,290,4,919.58,3678.32
1211,284,3,574.37,1723.11
1211,117,2,934.56,1869.12
1211,45,6,676.76,4060.56
1211,127,3,274.65,823.9499999999999
1212,304,7,851.61,5961.27
1213,408,6,639.58,3837.480000000001
1213,324,2,524.25,1048.5
1214,327,9,140.85,1267.65
1214,440,2,103.78,207.56
1215,412,5,983.28,4916.4
1215,311,5,55.48,277.4
1215,390,4,921.02,3684.08
1215,109,1,917.73,917.73
1216,92,4,365.67,1462.68
1216,45,5,676.76,3383.8
1216,217,9,584.71,5262.39
1216,487,1,719.77,719.77
1217,143,1,567.87,567.87
1217,75,6,561.71,3370.26
1217,270,1,554.23,554.23
1217,431,10,853.96,8539.6
1218,61,6,877.5,5265.0
1218,398,2,954.54,1909.08
1218,490,1,848.02,848.02
1219,12,7,957.79,6704.53
1219,396,6,676.59,4059.54
1220,277,8,455.24,3641.92
1220,321,4,434.94,1739.76
1220,110,2,957.66,1915.32
1220,490,9,848.02,7632.18
1221,372,2,661.47,1322.94
1221,37,8,964.14,7713.12
1221,204,1,83.23,83.23
1221,436,3,402.28,1206.84
1222,44,8,758.62,6068.96
1222,424,7,833.58,5835.06
1223,115,7,226.53,1585.71
1223,10,3,642.32,1926.96
1223,101,9,336.57,3029.13
1224,284,8,574.37,4594.96
1224,268,3,542.23,1626.69
1224,335,3,750.79,2252.37
1224,150,6,390.01,2340.06
1225,389,4,55.52,222.08
1225,113,2,146.12,292.24
1225,31,4,748.35,2993.4
1226,458,7,883.95,6187.650000000001
1226,64,7,880.92,6166.44
1227,345,4,877.07,3508.28
1227,162,8,800.07,6400.56
1228,360,7,769.44,5386.08
1229,435,3,100.3,300.9
1229,357,6,269.56,1617.36
1229,237,7,617.97,4325.79
1229,221,9,487.94,4391.46
1230,34,2,986.28,1972.56
1231,41,6,861.68,5170.08
1231,121,9,540.38,4863.42
1232,294,1,398.77,398.77
1232,391,6,557.34,3344.04
1233,130,7,306.97,2148.79
1234,230,8,651.49,5211.92
1234,436,2,402.28,804.56
1234,458,7,883.95,6187.650000000001
1235,306,9,826.6,7439.400000000001
1235,311,3,55.48,166.44
1236,452,5,501.17,2505.85
1237,337,4,95.82,383.28
1237,83,8,727.06,5816.48
1237,71,2,478.78,957.56
1237,44,9,758.62,6827.58
1238,143,10,567.87,5678.7
1238,46,3,536.61,1609.83
1239,127,7,274.65,1922.55
1239,29,1,676.04,676.04
1240,267,7,299.17,2094.19
1240,374,1,21.24,21.24
1241,423,1,926.78,926.78
1242,257,5,931.39,4656.95
1242,67,4,942.17,3768.68
1242,71,4,478.78,1915.12
1242,172,6,600.96,3605.76
1242,392,7,743.26,5202.82
1243,146,7,754.73,5283.110000000001
1243,488,1,68.96,68.96
1243,127,5,274.65,1373.25
1243,427,2,117.88,235.76
1243,214,5,966.06,4830.299999999999
1244,298,7,408.82,2861.74
1244,1,4,482.68,1930.72
1244,168,6,111.21,667.26
1245,369,1,67.33,67.33
1246,363,4,92.76,371.04
1246,57,5,148.73,743.65
1246,365,8,541.03,4328.24
1247,207,7,424.12,2968.84
1248,420,6,595.98,3575.88
1248,184,6,144.13,864.78
1248,183,5,620.5,3102.5
1248,134,2,65.55,131.1
1249,436,9,402.28,3620.52
1250,459,6,96.84,581.04
1250,496,10,961.06,9610.6
1250,8,9,411.36,3702.24
1251,96,5,377.0,1885.0
1251,47,4,255.04,1020.16
1252,354,2,371.76,743.52
1253,108,2,723.11,1446.22
1253,421,1,665.82,665.82
1253,477,10,808.15,8081.5
1253,122,4,507.19,2028.76
1253,140,4,888.68,3554.72
1254,399,2,867.37,1734.74
1255,185,5,338.9,1694.5
1255,228,8,76.5,612.0
1255,271,4,123.06,492.24
1256,173,1,865.08,865.08
1256,278,3,444.68,1334.04
1257,237,5,617.97,3089.8500000000004
1257,271,9,123.06,1107.54
1257,168,6,111.21,667.26
1257,365,6,541.03,3246.18
1257,264,8,687.85,5502.8
1258,221,7,487.94,3415.58
1259,222,9,921.34,8292.06
1259,417,9,463.87,4174.83
1259,266,1,91.84,91.84
1259,220,3,505.46,1516.38
1260,245,5,320.27,1601.35
1260,339,1,390.19,390.19
1261,209,7,597.88,4185.16
1261,179,8,72.63,581.04
1262,435,2,100.3,200.6
1262,406,3,159.06,477.18
1262,108,8,723.11,5784.88
1262,400,9,334.03,3006.2699999999995
1262,379,7,341.66,2391.6200000000003
1263,65,10,629.73,6297.3
1263,222,5,921.34,4606.7
1263,410,4,382.51,1530.04
1263,146,3,754.73,2264.19
1264,430,4,457.4,1829.6
1264,237,10,617.97,6179.700000000001
1264,374,1,21.24,21.24
1264,266,9,91.84,826.5600000000001
1264,406,8,159.06,1272.48
1265,197,5,684.9,3424.5
1265,6,5,695.84,3479.2000000000003
1265,226,4,354.82,1419.28
1265,203,5,162.6,813.0
1265,300,5,460.15,2300.75
1266,101,4,336.57,1346.28
1266,344,1,36.56,36.56
1267,278,1,444.68,444.68
1267,373,3,22.54,67.62
1267,252,5,125.78,628.9
1268,126,4,531.19,2124.76
1269,8,1,411.36,411.36
1270,325,6,17.98,107.88
1270,122,6,507.19,3043.14
1270,94,2,107.62,215.24
1270,450,9,60.13,541.1700000000001
1270,255,5,428.81,2144.05
1271,321,5,434.94,2174.7
1271,172,6,600.96,3605.76
1271,485,1,483.21,483.21
1271,217,1,584.71,584.71
1271,80,6,275.78,1654.6799999999998
1272,394,3,326.74,980.22
1272,5,5,21.32,106.6
1272,289,1,144.23,144.23
1273,288,2,985.63,1971.26
1273,26,7,451.03,3157.21
1273,462,5,796.9,3984.5
1273,411,10,314.44,3144.4
1273,274,9,446.95,4022.55
1274,106,6,495.69,2974.14
1274,198,5,953.47,4767.35
1275,399,3,867.37,2602.11
1275,494,8,145.09,1160.72
1275,117,4,934.56,3738.24
1275,447,7,449.0,3143.0
1276,88,2,915.3,1830.6
1276,246,8,398.62,3188.96
1276,454,3,909.22,2727.66
1276,174,8,419.67,3357.36
1277,197,10,684.9,6849.0
1277,204,8,83.23,665.84
1278,245,1,320.27,320.27
1278,128,5,379.32,1896.6
1278,174,3,419.67,1259.01
1279,394,4,326.74,1306.96
1279,467,2,39.01,78.02
1279,412,3,983.28,2949.84
1279,216,2,515.57,1031.14
1279,336,7,619.92,4339.44
1280,402,2,568.17,1136.34
1280,187,9,341.39,3072.51
1280,481,3,838.33,2514.99
1280,307,1,329.64,329.64
1281,271,7,123.06,861.4200000000001
1281,444,1,93.2,93.2
1281,58,2,817.63,1635.26
1281,327,1,140.85,140.85
1282,331,4,645.16,2580.64
1282,66,2,500.66,1001.32
1283,267,1,299.17,299.17
1283,21,1,903.86,903.86
1283,126,2,531.19,1062.38
1283,453,9,432.4,3891.6
1283,340,6,321.36,1928.16
1284,421,3,665.82,1997.46
1284,34,8,986.28,7890.24
1285,158,5,495.7,2478.5
1285,230,6,651.49,3908.94
1286,68,1,787.95,787.95
1286,145,9,961.85,8656.65
1287,449,2,131.3,262.6
1287,408,1,639.58,639.58
1287,311,1,55.48,55.48
1287,425,2,458.23,916.46
1287,208,9,704.62,6341.58
1288,344,7,36.56,255.92
1288,413,3,961.57,2884.71
1288,166,1,115.49,115.49
1288,90,4,556.56,2226.24
1288,289,1,144.23,144.23
1289,54,3,252.29,756.87
1289,359,6,293.62,1761.72
1289,369,5,67.33,336.65
1289,338,4,754.92,3019.68
1290,454,8,909.22,7273.76
1291,237,2,617.97,1235.94
1291,96,5,377.0,1885.0
1292,292,6,257.18,1543.08
1292,490,2,848.02,1696.04
1292,64,6,880.92,5285.52
1292,71,2,478.78,957.56
1292,282,1,619.99,619.99
1293,392,7,743.26,5202.82
1293,335,9,750.79,6757.11
1294,313,7,446.87,3128.09
1294,118,3,662.69,1988.07
1295,27,10,140.62,1406.2
1295,471,5,660.3,3301.5
1295,367,6,684.25,4105.5
1296,485,6,483.21,2899.26
1296,410,5,382.51,1912.55
1296,436,2,402.28,804.56
1296,285,1,600.89,600.89
1297,341,6,284.2,1705.1999999999998
1297,313,3,446.87,1340.61
1298,87,2,126.14,252.28
1298,148,2,568.32,1136.64
1298,423,10,926.78,9267.8
1298,245,7,320.27,2241.89
1299,115,6,226.53,1359.18
1300,155,6,771.32,4627.92
1300,132,6,761.99,4571.9400000000005
1300,129,8,569.35,4554.8
1300,379,7,341.66,2391.6200000000003
1301,496,10,961.06,9610.6
1301,346,6,610.86,3665.16
1301,430,3,457.4,1372.1999999999998
1301,429,4,129.53,518.12
1302,272,8,825.05,6600.4
1302,272,9,825.05,7425.45
1302,340,9,321.36,2892.24
1302,158,8,495.7,3965.6
1302,252,9,125.78,1132.02
1303,65,2,629.73,1259.46
1303,228,10,76.5,765.0
1303,251,7,320.05,2240.35
1303,183,9,620.5,5584.5
1304,216,2,515.57,1031.14
1304,1,4,482.68,1930.72
1305,147,1,929.59,929.59
1305,316,6,875.68,5254.08
1306,312,2,26.12,52.24
1306,465,1,328.39,328.39
1307,116,5,69.85,349.25
1307,189,8,327.46,2619.68
1308,98,4,154.46,617.84
1308,213,4,680.7,2722.8
1308,106,4,495.69,1982.76
1308,421,1,665.82,665.82
1309,394,7,326.74,2287.1800000000003
1309,414,1,714.54,714.54
1310,82,1,196.28,196.28
1310,343,2,611.52,1223.04
1310,252,10,125.78,1257.8
1311,459,3,96.84,290.52
1311,35,1,294.22,294.22
1311,496,3,961.06,2883.18
1311,348,6,785.96,4715.76
1311,23,3,855.94,2567.82
1312,66,1,500.66,500.66
1313,8,3,411.36,1234.08
1313,411,8,314.44,2515.52
1314,445,5,918.25,4591.25
1314,44,8,758.62,6068.96
1314,191,7,964.93,6754.509999999999
1314,271,6,123.06,738.36
1314,46,8,536.61,4292.88
1315,374,5,21.24,106.2
1316,331,1,645.16,645.16
1317,442,3,139.41,418.23
1317,162,1,800.07,800.07
1317,94,7,107.62,753.34
1317,351,7,533.0,3731.0
1317,225,8,786.43,6291.44
1318,315,10,883.33,8833.300000000001
1318,376,9,266.65,2399.85
1318,416,5,418.93,2094.65
1319,155,3,771.32,2313.96
1319,313,5,446.87,2234.35
1319,475,2,361.26,722.52
1319,155,9,771.32,6941.88
1320,71,7,478.78,3351.46
1320,490,10,848.02,8480.2
1321,127,3,274.65,823.9499999999999
1321,288,9,985.63,8870.67
1321,306,10,826.6,8266.0
1321,6,2,695.84,1391.68
1322,330,6,145.76,874.56
1322,51,7,248.26,1737.82
1322,315,7,883.33,6183.31
1322,247,3,358.47,1075.41
1323,470,4,974.24,3896.96
1323,317,5,102.41,512.05
1323,328,2,389.24,778.48
1323,66,2,500.66,1001.32
1324,433,6,699.91,4199.46
1324,347,1,397.83,397.83
1324,320,4,312.45,1249.8
1324,280,5,692.24,3461.2
1324,241,3,581.57,1744.71
1325,141,4,56.1,224.4
1326,168,4,111.21,444.84
1326,349,9,499.94,4499.46
1326,269,4,569.99,2279.96
1327,368,5,701.69,3508.4500000000003
1327,121,2,540.38,1080.76
1328,310,10,895.21,8952.1
1329,420,6,595.98,3575.88
1330,444,6,93.2,559.2
1331,298,4,408.82,1635.28
1331,167,6,450.29,2701.74
1331,321,7,434.94,3044.58
1331,451,6,438.82,2632.92
1331,112,3,58.03,174.09
1332,141,6,56.1,336.6
1333,221,2,487.94,975.88
1333,370,9,124.83,1123.47
1333,43,3,136.07,408.21
1333,162,1,800.07,800.07
1333,105,10,966.84,9668.4
1334,63,1,70.35,70.35
1334,229,5,123.93,619.6500000000001
1334,385,3,775.6,2326.8
1334,130,3,306.97,920.91
1334,288,8,985.63,7885.04
1335,82,4,196.28,785.12
1336,71,3,478.78,1436.34
1336,338,9,754.92,6794.28
1337,110,9,957.66,8618.94
1337,6,6,695.84,4175.04
1337,184,8,144.13,1153.04
1337,419,3,640.84,1922.52
1337,357,6,269.56,1617.36
1338,400,7,334.03,2338.21
1338,122,1,507.19,507.19
1338,26,7,451.03,3157.21
1338,51,4,248.26,993.04
1338,141,4,56.1,224.4
1339,70,3,382.7,1148.1
1340,227,2,724.77,1449.54
1340,399,1,867.37,867.37
1340,230,3,651.49,1954.47
1340,176,5,576.24,2881.2
1341,19,2,368.17,736.34
1341,175,8,727.6,5820.8
1341,237,6,617.97,3707.82
1341,364,3,921.72,2765.16
1342,281,5,614.16,3070.8
1343,224,2,354.85,709.7
1343,198,2,953.47,1906.94
1343,305,3,403.74,1211.22
1344,147,8,929.59,7436.72
1344,197,5,684.9,3424.5
1344,7,8,127.04,1016.32
1345,481,10,838.33,8383.300000000001
1346,363,5,92.76,463.8
1346,428,7,455.07,3185.49
1346,142,7,926.33,6484.31
1347,451,8,438.82,3510.56
1347,235,6,192.61,1155.66
1348,190,6,208.84,1253.04
1348,101,2,336.57,673.14
1348,8,7,411.36,2879.52
1349,257,1,931.39,931.39
1349,109,10,917.73,9177.3
1349,497,1,182.46,182.46
1350,155,1,771.32,771.32
1350,111,3,840.68,2522.04
1350,226,2,354.82,709.64
1350,356,5,26.52,132.6
1350,121,7,540.38,3782.66
1351,72,2,307.73,615.46
1351,232,4,520.83,2083.32
1351,74,7,566.76,3967.32
1351,56,8,756.84,6054.72
1352,92,8,365.67,2925.36
1352,387,8,743.37,5946.96
1352,421,9,665.82,5992.38
1353,424,3,833.58,2500.74
1354,32,4,54.84,219.36
1354,12,7,957.79,6704.53
1354,107,6,797.03,4782.18
1354,62,2,228.83,457.66
1355,107,8,797.03,6376.24
1355,473,4,65.35,261.4
1355,188,8,974.48,7795.84
1355,62,2,228.83,457.66
1355,234,5,239.54,1197.7
1356,292,3,257.18,771.54
1356,323,8,87.16,697.28
1356,27,3,140.62,421.86
1356,286,4,979.21,3916.84
1356,67,6,942.17,5653.02
1357,460,7,425.04,2975.28
1357,297,1,796.65,796.65
1357,287,6,577.01,3462.06
1357,265,7,841.49,5890.43
1357,96,8,377.0,3016.0
1358,147,1,929.59,929.59
1358,434,7,837.57,5862.990000000001
1359,386,2,677.38,1354.76
1359,27,3,140.62,421.86
1360,188,2,974.48,1948.96
1360,287,5,577.01,2885.05
1360,2,8,16.76,134.08
1360,456,7,617.97,4325.79
1361,296,3,381.42,1144.26
1361,163,1,91.22,91.22
1361,397,2,230.95,461.9
1362,105,3,966.84,2900.52
1362,32,4,54.84,219.36
1362,318,6,91.6,549.5999999999999
1363,64,9,880.92,7928.28
1363,218,3,451.32,1353.96
1363,204,7,83.23,582.61
1363,312,6,26.12,156.72
1364,6,1,695.84,695.84
1364,5,9,21.32,191.88
1364,434,10,837.57,8375.7
1364,76,4,250.43,1001.72
1365,40,10,875.81,8758.099999999999
1365,122,3,507.19,1521.57
1365,250,6,594.27,3565.62
1365,97,6,566.9,3401.4
1365,98,1,154.46,154.46
1366,347,8,397.83,3182.64
1366,152,6,87.64,525.84
1367,168,5,111.21,556.05
1367,493,9,110.02,990.18
1367,433,1,699.91,699.91
1367,131,8,657.2,5257.6
1368,203,10,162.6,1626.0
1368,210,2,118.28,236.56
1368,414,1,714.54,714.54
1368,6,4,695.84,2783.36
1369,231,3,930.62,2791.86
1369,121,10,540.38,5403.8
1369,97,7,566.9,3968.3
1369,296,4,381.42,1525.68
1369,219,6,774.62,4647.72
1370,51,1,248.26,248.26
1370,495,6,949.21,5695.26
1370,210,6,118.28,709.6800000000001
1370,17,1,683.54,683.54
1370,489,5,707.65,3538.25
1371,433,8,699.91,5599.28
1372,315,7,883.33,6183.31
1372,435,6,100.3,601.8
1372,9,6,772.14,4632.84
1372,150,9,390.01,3510.09
1373,43,2,136.07,272.14
1373,23,3,855.94,2567.82
1373,376,8,266.65,2133.2
1374,347,9,397.83,3580.47
1374,96,10,377.0,3770.0
1375,260,7,623.22,4362.54
1375,418,5,584.96,2924.8
1375,286,7,979.21,6854.47
1375,407,5,33.67,168.35000000000002
1376,269,2,569.99,1139.98
1377,229,10,123.93,1239.3000000000002
1378,7,10,127.04,1270.4
1378,218,9,451.32,4061.88
1378,103,2,658.06,1316.12
1378,287,8,577.01,4616.08
1379,60,5,820.2,4101.0
1380,300,8,460.15,3681.2
1380,393,9,328.58,2957.22
1381,316,8,875.68,7005.44
1381,92,2,365.67,731.34
1382,86,7,219.69,1537.83
1382,438,1,40.77,40.77
1382,255,6,428.81,2572.86
1382,34,4,986.28,3945.12
1383,115,5,226.53,1132.65
1383,257,5,931.39,4656.95
1383,495,7,949.21,6644.47
1384,155,7,771.32,5399.240000000001
1385,52,3,598.0,1794.0
1386,260,6,623.22,3739.32
1386,116,6,69.85,419.1
1386,356,3,26.52,79.56
1386,124,10,115.95,1159.5
1386,190,7,208.84,1461.88
1387,312,4,26.12,104.48
1387,365,10,541.03,5410.299999999999
1387,188,7,974.48,6821.360000000001
1387,249,1,802.61,802.61
1388,449,7,131.3,919.1
1388,271,3,123.06,369.18
1389,310,3,895.21,2685.63
1389,186,7,806.04,5642.28
1389,25,4,493.94,1975.76
1389,380,2,528.62,1057.24
1389,499,3,789.12,2367.36
1390,491,7,960.95,6726.650000000001
1390,175,5,727.6,3638.0
1390,354,9,371.76,3345.84
1390,280,3,692.24,2076.7200000000003
1390,266,6,91.84,551.04
1391,402,1,568.17,568.17
1392,242,3,195.09,585.27
1392,25,1,493.94,493.94
1392,88,10,915.3,9153.0
1392,402,9,568.17,5113.53
1392,376,2,266.65,533.3
1393,121,3,540.38,1621.14
1394,73,3,807.72,2423.16
1394,410,4,382.51,1530.04
1394,314,4,210.3,841.2
1395,302,4,102.21,408.84
1395,193,7,496.1,3472.7000000000003
1395,342,5,557.86,2789.3
1395,247,1,358.47,358.47
1395,220,5,505.46,2527.3
1396,131,10,657.2,6572.0
1397,386,10,677.38,6773.8
1397,85,2,310.16,620.32
1397,433,2,699.91,1399.82
1397,385,3,775.6,2326.8
1398,15,2,759.78,1519.56
1398,345,2,877.07,1754.14
1399,147,7,929.59,6507.13
1399,28,2,568.27,1136.54
1400,99,2,935.41,1870.82
1400,65,8,629.73,5037.84
1400,239,2,707.69,1415.38
1400,70,4,382.7,1530.8
1401,150,6,390.01,2340.06
1401,264,8,687.85,5502.8
1401,189,3,327.46,982.38
1401,211,3,668.05,2004.15
1402,480,10,567.97,5679.700000000001
1402,273,10,824.38,8243.8
1403,439,6,560.39,3362.34
1403,89,8,706.73,5653.84
1403,20,10,121.09,1210.9
1404,131,3,657.2,1971.6
1405,280,2,692.24,1384.48
1405,303,4,638.49,2553.96
1405,104,10,264.75,2647.5
1406,319,9,173.87,1564.83
1407,104,6,264.75,1588.5
1407,154,2,840.29,1680.58
1408,105,3,966.84,2900.52
1408,448,4,906.03,3624.12
1408,221,2,487.94,975.88
1409,369,5,67.33,336.65
1409,118,8,662.69,5301.52
1409,120,4,26.56,106.24
1410,16,5,827.35,4136.75
1410,307,8,329.64,2637.12
1410,68,8,787.95,6303.6
1410,129,7,569.35,3985.45
1410,196,9,207.8,1870.2
1411,296,3,381.42,1144.26
1411,264,4,687.85,2751.4
1411,418,5,584.96,2924.8
1412,170,10,517.32,5173.200000000001
1412,131,5,657.2,3286.0
1412,214,3,966.06,2898.18
1412,329,4,112.17,448.68
1412,496,8,961.06,7688.48
1413,460,10,425.04,4250.400000000001
1413,272,5,825.05,4125.25
1413,414,6,714.54,4287.24
1413,271,10,123.06,1230.6
1414,391,7,557.34,3901.38
1414,176,4,576.24,2304.96
1414,115,10,226.53,2265.3
1414,424,6,833.58,5001.4800000000005
1415,120,8,26.56,212.48
1416,376,5,266.65,1333.25
1416,121,10,540.38,5403.8
1416,25,7,493.94,3457.58
1416,211,5,668.05,3340.25
1416,22,10,541.29,5412.9
1417,367,7,684.25,4789.75
1417,278,1,444.68,444.68
1417,293,2,830.2,1660.4
1418,368,3,701.69,2105.07
1418,200,6,832.97,4997.82
1418,161,4,94.84,379.36
1418,342,2,557.86,1115.72
1419,266,6,91.84,551.04
1419,261,3,952.32,2856.96
1419,169,6,436.67,2620.02
1420,198,1,953.47,953.47
1420,407,6,33.67,202.02
1420,39,4,381.89,1527.56
1421,208,4,704.62,2818.48
1421,138,9,895.84,8062.56
1421,121,2,540.38,1080.76
1422,352,4,934.59,3738.36
1422,437,9,305.85,2752.65
1422,272,4,825.05,3300.2
1422,87,2,126.14,252.28
1422,81,9,606.89,5462.01
1423,102,2,835.03,1670.06
1423,161,10,94.84,948.4
1423,431,7,853.96,5977.72
1423,392,7,743.26,5202.82
1423,417,6,463.87,2783.2200000000003
1424,92,1,365.67,365.67
1424,19,8,368.17,2945.36
1425,212,7,616.55,4315.849999999999
1425,277,2,455.24,910.48
1425,101,2,336.57,673.14
1426,36,6,768.17,4609.02
1426,189,10,327.46,3274.6
1426,148,7,568.32,3978.24
1426,210,4,118.28,473.12
1426,185,10,338.9,3389.0
1427,153,10,63.16,631.5999999999999
1428,186,3,806.04,2418.12
1428,57,7,148.73,1041.11
1428,359,1,293.62,293.62
1429,206,6,924.26,5545.56
1430,49,8,767.84,6142.72
1431,347,5,397.83,1989.15
1431,491,6,960.95,5765.700000000001
1431,493,6,110.02,660.12
1432,388,6,860.1,5160.6
1432,468,8,68.01,544.08
1432,411,10,314.44,3144.4
1432,10,1,642.32,642.32
1432,5,7,21.32,149.24
1433,239,8,707.69,5661.52
1433,233,2,337.68,675.36
1433,119,6,536.89,3221.34
1433,107,10,797.03,7970.299999999999
1434,261,1,952.32,952.32
1434,190,1,208.84,208.84
1435,147,7,929.59,6507.13
1435,132,4,761.99,3047.96
1435,285,3,600.89,1802.67
1436,445,9,918.25,8264.25
1436,460,1,425.04,425.04
1436,313,1,446.87,446.87
1437,104,1,264.75,264.75
1438,356,6,26.52,159.12
1438,178,10,308.12,3081.2
1438,108,7,723.11,5061.77
1439,268,3,542.23,1626.69
1439,467,10,39.01,390.1
1440,145,6,961.85,5771.1
1440,108,3,723.11,2169.33
1441,267,2,299.17,598.34
1441,250,9,594.27,5348.43
1441,93,9,517.69,4659.210000000001
1441,338,4,754.92,3019.68
1442,411,5,314.44,1572.2
1442,209,6,597.88,3587.28
1442,83,8,727.06,5816.48
1442,337,4,95.82,383.28
1443,69,2,422.16,844.32
1443,474,6,579.94,3479.6400000000003
1443,376,9,266.65,2399.85
1444,241,2,581.57,1163.14
1444,201,2,676.25,1352.5
1445,475,1,361.26,361.26
1445,35,4,294.22,1176.88
1446,327,8,140.85,1126.8
1446,63,2,70.35,140.7
1447,43,9,136.07,1224.63
1447,399,9,867.37,7806.33
1447,25,6,493.94,2963.64
1447,439,5,560.39,2801.95
1447,454,8,909.22,7273.76
1448,44,2,758.62,1517.24
1448,253,3,149.94,449.82
1448,497,4,182.46,729.84
1448,362,6,542.28,3253.68
1448,270,7,554.23,3879.61
1449,114,4,77.29,309.16
1449,130,7,306.97,2148.79
1449,201,4,676.25,2705.0
1449,344,2,36.56,73.12
1449,117,5,934.56,4672.799999999999
1450,267,10,299.17,2991.7000000000003
1450,130,2,306.97,613.94
1450,21,3,903.86,2711.58
1451,6,4,695.84,2783.36
1452,199,5,217.55,1087.75
1452,301,1,586.14,586.14
1453,437,8,305.85,2446.8
1453,265,6,841.49,5048.9400000000005
1453,275,5,111.39,556.95
1453,457,2,650.81,1301.62
1453,115,9,226.53,2038.77
1454,241,4,581.57,2326.28
1454,307,3,329.64,988.92
1454,75,7,561.71,3931.97
1454,483,9,47.58,428.22
1455,496,1,961.06,961.06
1455,444,8,93.2,745.6
1455,201,5,676.25,3381.25
1456,243,7,462.97,3240.79
1457,255,4,428.81,1715.24
1457,52,7,598.0,4186.0
1457,30,3,31.55,94.65
1458,283,10,815.39,8153.9
1458,500,8,593.06,4744.48
1458,493,9,110.02,990.18
1458,463,7,365.52,2558.64
1458,372,2,661.47,1322.94
1459,11,2,373.87,747.74
1459,170,4,517.32,2069.28
1460,226,10,354.82,3548.2
1461,211,9,668.05,6012.45
1462,291,10,135.62,1356.2
1462,484,7,605.65,4239.55
1463,357,4,269.56,1078.24
1464,450,4,60.13,240.52
1464,277,3,455.24,1365.72
1464,434,4,837.57,3350.28
1464,44,6,758.62,4551.72
1465,43,5,136.07,680.3499999999999
1465,18,1,530.25,530.25
1465,229,2,123.93,247.86
1465,443,3,378.52,1135.56
1465,404,9,595.77,5361.93
1466,4,5,308.93,1544.65
1466,449,4,131.3,525.2
1466,336,3,619.92,1859.76
1466,123,6,436.27,2617.62
1467,202,3,309.8,929.4
1467,157,6,39.33,235.98
1468,7,8,127.04,1016.32
1469,26,3,451.03,1353.09
1470,124,1,115.95,115.95
1470,395,10,575.82,5758.200000000001
1471,191,1,964.93,964.93
1471,432,8,809.52,6476.16
1471,336,4,619.92,2479.68
1471,221,8,487.94,3903.52
1471,426,2,944.12,1888.24
1472,88,5,915.3,4576.5
1472,436,4,402.28,1609.12
1472,320,9,312.45,2812.05
1472,115,9,226.53,2038.77
1472,314,3,210.3,630.9000000000001
1473,50,5,425.05,2125.25
1474,327,6,140.85,845.0999999999999
1474,176,9,576.24,5186.16
1474,42,5,992.92,4964.599999999999
1474,375,8,527.78,4222.24
1475,31,1,748.35,748.35
1475,188,6,974.48,5846.88
1475,173,5,865.08,4325.400000000001
1475,156,6,402.74,2416.44
1476,392,8,743.26,5946.08
1476,476,2,184.34,368.68
1476,253,5,149.94,749.7
1476,80,9,275.78,2482.0199999999995
1476,486,1,209.45,209.45
1477,184,3,144.13,432.39
1477,176,6,576.24,3457.44
1478,348,10,785.96,7859.6
1478,256,7,542.01,3794.07
1479,162,4,800.07,3200.28
1480,21,5,903.86,4519.3
1481,355,8,765.1,6120.8
1481,380,9,528.62,4757.58
1481,440,3,103.78,311.34000000000003
1481,307,5,329.64,1648.1999999999998
1481,155,6,771.32,4627.92
1482,411,7,314.44,2201.08
1482,64,5,880.92,4404.599999999999
1482,207,5,424.12,2120.6
1482,349,4,499.94,1999.76
1482,160,1,682.9,682.9
1483,426,10,944.12,9441.2
1483,393,2,328.58,657.16
1483,92,7,365.67,2559.69
1484,427,5,117.88,589.4
1484,263,2,510.38,1020.76
1484,126,1,531.19,531.19
1485,141,8,56.1,448.8
1485,7,3,127.04,381.12
1486,492,9,942.5,8482.5
1486,393,3,328.58,985.74
1486,472,5,818.12,4090.6
1486,322,8,104.23,833.84
1486,390,5,921.02,4605.1
1487,41,8,861.68,6893.44
1488,129,10,569.35,5693.5
1488,92,2,365.67,731.34
1488,404,1,595.77,595.77
1489,306,7,826.6,5786.2
1490,307,1,329.64,329.64
1491,454,5,909.22,4546.1
1491,331,9,645.16,5806.44
1491,311,9,55.48,499.32
1492,307,3,329.64,988.92
1492,204,4,83.23,332.92
1492,307,7,329.64,2307.48
1493,39,4,381.89,1527.56
1493,322,1,104.23,104.23
1493,485,8,483.21,3865.68
1494,100,7,423.4,2963.8
1494,216,7,515.57,3608.99
1494,287,2,577.01,1154.02
1494,192,5,298.53,1492.65
1495,313,3,446.87,1340.61
1495,447,10,449.0,4490.0
1495,407,7,33.67,235.69
1496,14,3,421.69,1265.07
1496,360,4,769.44,3077.76
1496,143,5,567.87,2839.35
1496,84,3,484.6,1453.8000000000002
1496,122,7,507.19,3550.33
1497,72,5,307.73,1538.65
1497,472,2,818.12,1636.24
1497,320,5,312.45,1562.25
1498,79,9,727.34,6546.06
1498,422,3,298.76,896.28
1498,145,7,961.85,6732.95
1498,295,7,636.08,4452.56
1499,48,8,282.89,2263.12
1499,173,6,865.08,5190.4800000000005
1499,142,9,926.33,8336.970000000001
1499,392,6,743.26,4459.56
1499,445,8,918.25,7346.0
1500,431,7,853.96,5977.72
1500,439,7,560.39,3922.73
1500,131,8,657.2,5257.6
1500,64,1,880.92,880.92
1501,19,2,368.17,736.34
1501,344,3,36.56,109.68
1501,437,10,305.85,3058.5
1501,2,5,16.76,83.80000000000001
1502,100,6,423.4,2540.4
1502,54,3,252.29,756.87
1502,361,10,408.25,4082.5
1502,414,9,714.54,6430.86
1502,228,10,76.5,765.0
1503,263,3,510.38,1531.14
1503,296,7,381.42,2669.94
1503,245,1,320.27,320.27
1503,340,8,321.36,2570.88
1504,147,2,929.59,1859.18
1505,372,6,661.47,3968.82
1506,343,10,611.52,6115.2
1506,39,8,381.89,3055.12
1506,412,6,983.28,5899.68
1507,326,9,988.27,8894.43
1507,151,1,792.59,792.59
1507,247,4,358.47,1433.88
1507,128,9,379.32,3413.88
1507,289,3,144.23,432.69
1508,5,3,21.32,63.96
1508,204,4,83.23,332.92
1508,257,3,931.39,2794.17
1508,3,5,452.27,2261.35
1509,97,8,566.9,4535.2
1510,219,2,774.62,1549.24
1510,409,2,951.48,1902.96
1511,214,2,966.06,1932.12
1511,301,9,586.14,5275.26
1511,469,2,363.86,727.72
1511,5,4,21.32,85.28
1511,28,4,568.27,2273.08
1512,415,9,922.06,8298.539999999999
1513,352,2,934.59,1869.18
1514,54,3,252.29,756.87
1514,317,4,102.41,409.64
1514,334,9,357.68,3219.12
1514,258,5,175.2,876.0
1515,302,10,102.21,1022.1
1515,133,2,385.47,770.94
1515,329,7,112.17,785.19
1515,316,3,875.68,2627.04
1516,88,3,915.3,2745.9
1516,198,4,953.47,3813.88
1517,397,4,230.95,923.8
1517,172,8,600.96,4807.68
1517,171,8,98.72,789.76
1517,479,5,703.56,3517.8
1517,339,5,390.19,1950.95
1518,496,8,961.06,7688.48
1518,298,6,408.82,2452.92
1518,347,5,397.83,1989.15
1518,68,7,787.95,5515.650000000001
1518,311,7,55.48,388.36
1519,348,7,785.96,5501.72
1519,92,7,365.67,2559.69
1519,390,3,921.02,2763.06
1519,110,1,957.66,957.66
1520,204,10,83.23,832.3000000000001
1521,46,5,536.61,2683.05
1521,10,1,642.32,642.32
1521,293,10,830.2,8302.0
1521,398,8,954.54,7636.32
1521,274,1,446.95,446.95
1522,309,8,853.9,6831.2
1522,245,5,320.27,1601.35
1522,100,1,423.4,423.4
1522,107,3,797.03,2391.09
1523,398,4,954.54,3818.16
1523,426,6,944.12,5664.72
1523,363,9,92.76,834.84
1523,380,7,528.62,3700.34
1523,375,9,527.78,4750.02
1524,186,6,806.04,4836.24
1524,337,10,95.82,958.2
1525,196,5,207.8,1039.0
1525,420,5,595.98,2979.9
1526,488,7,68.96,482.72
1526,225,8,786.43,6291.44
1526,23,10,855.94,8559.400000000001
1526,35,3,294.22,882.6600000000001
1527,500,9,593.06,5337.539999999999
1527,398,5,954.54,4772.7
1527,167,3,450.29,1350.87
1527,121,6,540.38,3242.28
1527,317,10,102.41,1024.1
1528,233,10,337.68,3376.8
1528,288,7,985.63,6899.41
1528,155,2,771.32,1542.64
1528,237,1,617.97,617.97
1528,263,1,510.38,510.38
1529,44,2,758.62,1517.24
1530,311,6,55.48,332.88
1530,148,4,568.32,2273.28
1530,370,4,124.83,499.32
1530,296,2,381.42,762.84
1531,65,7,629.73,4408.110000000001
1531,30,2,31.55,63.1
1531,302,1,102.21,102.21
1531,490,10,848.02,8480.2
1532,107,2,797.03,1594.06
1533,475,1,361.26,361.26
1533,240,3,754.8,2264.4
1533,362,6,542.28,3253.68
1533,457,2,650.81,1301.62
1533,376,8,266.65,2133.2
1534,368,9,701.69,6315.210000000001
1534,465,4,328.39,1313.56
1534,42,4,992.92,3971.68
1534,21,5,903.86,4519.3
1534,259,8,195.23,1561.84
1535,203,4,162.6,650.4
1535,340,4,321.36,1285.44
1535,204,3,83.23,249.69
1536,169,2,436.67,873.34
1536,278,10,444.68,4446.8
1537,374,4,21.24,84.96
1538,494,6,145.09,870.54
1539,184,2,144.13,288.26
1539,12,6,957.79,5746.74
1539,199,3,217.55,652.6500000000001
1539,307,9,329.64,2966.76
1539,475,8,361.26,2890.08
1540,129,8,569.35,4554.8
1540,497,9,182.46,1642.14
1540,53,6,675.3,4051.8
1540,324,6,524.25,3145.5
1540,424,10,833.58,8335.800000000001
1541,267,8,299.17,2393.36
1542,135,2,179.67,359.34
1542,118,10,662.69,6626.900000000001
1542,310,2,895.21,1790.42
1542,152,3,87.64,262.92
1543,486,2,209.45,418.9
1544,259,10,195.23,1952.3
1545,368,4,701.69,2806.76
1546,210,6,118.28,709.6800000000001
1546,309,2,853.9,1707.8
1546,188,3,974.48,2923.44
1546,484,5,605.65,3028.25
1547,496,4,961.06,3844.24
1547,275,9,111.39,1002.51
1547,393,10,328.58,3285.8
1547,322,9,104.23,938.07
1547,342,5,557.86,2789.3
1548,388,9,860.1,7740.900000000001
1549,471,8,660.3,5282.4
1549,368,5,701.69,3508.4500000000003
1549,58,1,817.63,817.63
1549,105,1,966.84,966.84
1549,232,6,520.83,3124.9800000000005
1550,399,6,867.37,5204.22
1550,433,1,699.91,699.91
1551,483,6,47.58,285.48
1551,259,1,195.23,195.23
1551,188,4,974.48,3897.92
1551,360,8,769.44,6155.52
1551,367,2,684.25,1368.5
1552,310,6,895.21,5371.26
1553,92,10,365.67,3656.7
1553,480,2,567.97,1135.94
1553,101,9,336.57,3029.13
1553,406,8,159.06,1272.48
1553,191,3,964.93,2894.79
1554,437,2,305.85,611.7
1555,333,4,614.22,2456.88
1555,160,6,682.9,4097.4
1555,73,7,807.72,5654.04
1555,356,8,26.52,212.16
1555,474,5,579.94,2899.7000000000003
1556,109,1,917.73,917.73
1557,253,7,149.94,1049.58
1557,68,1,787.95,787.95
1557,163,9,91.22,820.98
1557,367,8,684.25,5474.0
1557,4,1,308.93,308.93
1558,480,7,567.97,3975.79
1558,161,7,94.84,663.88
1559,26,8,451.03,3608.24
1560,392,6,743.26,4459.56
1560,46,4,536.61,2146.44
1560,163,6,91.22,547.3199999999999
1561,463,4,365.52,1462.08
1561,355,2,765.1,1530.2
1562,372,7,661.47,4630.29
1562,267,9,299.17,2692.53
1563,279,4,217.78,871.12
1564,282,3,619.99,1859.97
1565,485,1,483.21,483.21
1565,390,6,921.02,5526.12
1565,285,6,600.89,3605.34
1566,3,5,452.27,2261.35
1566,42,3,992.92,2978.76
1567,218,2,451.32,902.64
1567,430,2,457.4,914.8
1567,80,2,275.78,551.56
1567,63,5,70.35,351.75
1568,377,6,752.28,4513.68
1568,305,4,403.74,1614.96
1568,463,8,365.52,2924.16
1568,17,5,683.54,3417.7
1569,79,4,727.34,2909.36
1569,360,9,769.44,6924.960000000001
1569,477,5,808.15,4040.75
1570,225,9,786.43,7077.87
1570,120,2,26.56,53.12
1570,409,1,951.48,951.48
1570,123,6,436.27,2617.62
1570,157,7,39.33,275.31
1571,288,5,985.63,4928.15
1571,347,2,397.83,795.66
1571,247,4,358.47,1433.88
1571,483,3,47.58,142.74
1572,308,9,551.84,4966.56
1572,160,4,682.9,2731.6
1572,27,2,140.62,281.24
1573,493,1,110.02,110.02
1573,120,4,26.56,106.24
1574,466,2,35.8,71.6
1574,436,1,402.28,402.28
1574,80,8,275.78,2206.24
1574,260,1,623.22,623.22
1575,128,7,379.32,2655.24
1575,288,5,985.63,4928.15
1575,260,2,623.22,1246.44
1575,78,1,848.66,848.66
1575,73,5,807.72,4038.6
1576,290,1,919.58,919.58
1576,29,7,676.04,4732.28
1576,212,7,616.55,4315.849999999999
1576,146,8,754.73,6037.84
1577,466,7,35.8,250.6
1577,403,3,626.49,1879.47
1578,473,1,65.35,65.35
1578,362,5,542.28,2711.4
1578,85,1,310.16,310.16
1578,453,9,432.4,3891.6
1578,161,6,94.84,569.04
1579,209,5,597.88,2989.4
1579,479,10,703.56,7035.599999999999
1579,25,4,493.94,1975.76
1580,1,7,482.68,3378.76
1580,32,7,54.84,383.88
1580,179,1,72.63,72.63
1580,147,2,929.59,1859.18
1580,250,9,594.27,5348.43
1581,121,9,540.38,4863.42
1581,420,8,595.98,4767.84
1581,429,7,129.53,906.71
1582,494,9,145.09,1305.81
1582,469,5,363.86,1819.3
1582,110,3,957.66,2872.98
1582,111,7,840.68,5884.759999999999
1582,431,8,853.96,6831.68
1583,200,5,832.97,4164.85
1584,374,4,21.24,84.96
1585,157,10,39.33,393.3
1585,364,7,921.72,6452.04
1585,475,1,361.26,361.26
1586,281,5,614.16,3070.8
1586,177,5,386.92,1934.6
1586,201,10,676.25,6762.5
1587,256,10,542.01,5420.1
1587,366,6,637.95,3827.7
1587,211,5,668.05,3340.25
1588,394,1,326.74,326.74
1588,385,8,775.6,6204.8
1588,51,1,248.26,248.26
1588,233,8,337.68,2701.44
1589,294,9,398.77,3588.93
1589,12,4,957.79,3831.16
1589,12,7,957.79,6704.53
1589,332,1,77.73,77.73
1590,197,10,684.9,6849.0
1590,24,9,683.49,6151.41
1590,310,6,895.21,5371.26
1591,418,5,584.96,2924.8
1591,319,5,173.87,869.35
1592,427,4,117.88,471.52
1592,190,3,208.84,626.52
1593,68,4,787.95,3151.8
1594,30,3,31.55,94.65
1595,492,10,942.5,9425.0
1595,155,6,771.32,4627.92
1595,280,1,692.24,692.24
1595,366,9,637.95,5741.55
1596,236,5,437.81,2189.05
1596,482,1,546.7,546.7
1596,153,6,63.16,378.96
1597,330,10,145.76,1457.6
1598,241,2,581.57,1163.14
1599,159,9,941.73,8475.57
1600,122,6,507.19,3043.14
1600,361,10,408.25,4082.5
1601,412,2,983.28,1966.56
1601,467,7,39.01,273.07
1601,440,5,103.78,518.9
1601,82,3,196.28,588.84
1602,334,6,357.68,2146.08
1602,308,6,551.84,3311.04
1602,106,7,495.69,3469.83
1602,128,6,379.32,2275.92
1602,33,8,73.12,584.96
1603,218,3,451.32,1353.96
1604,12,3,957.79,2873.37
1604,124,10,115.95,1159.5
1604,292,1,257.18,257.18
1605,360,6,769.44,4616.64
1605,170,9,517.32,4655.88
1606,81,4,606.89,2427.56
1606,67,7,942.17,6595.19
1606,129,10,569.35,5693.5
1607,465,7,328.39,2298.73
1607,390,2,921.02,1842.04
1608,110,9,957.66,8618.94
1608,283,10,815.39,8153.9
1608,433,9,699.91,6299.19
1608,496,7,961.06,6727.42
1608,53,9,675.3,6077.7
1609,381,10,975.3,9753.0
1610,346,9,610.86,5497.74
1610,22,8,541.29,4330.32
1610,371,6,64.48,386.88
1610,319,5,173.87,869.35
1610,392,4,743.26,2973.04
1611,180,6,426.89,2561.34
1611,1,4,482.68,1930.72
1612,77,6,650.24,3901.44
1612,495,2,949.21,1898.42
1612,235,4,192.61,770.44
1612,249,8,802.61,6420.88
1613,296,6,381.42,2288.52
1614,431,6,853.96,5123.76
1615,300,4,460.15,1840.6
1615,40,8,875.81,7006.48
1615,110,7,957.66,6703.62
1615,277,4,455.24,1820.96
1615,363,10,92.76,927.6
1616,248,7,180.8,1265.6
1616,444,10,93.2,932.0
1617,336,5,619.92,3099.6
1617,398,5,954.54,4772.7
1617,126,6,531.19,3187.1400000000003
1617,184,6,144.13,864.78
1617,291,2,135.62,271.24
1618,437,9,305.85,2752.65
1618,8,3,411.36,1234.08
1618,189,10,327.46,3274.6
1618,22,8,541.29,4330.32
1619,10,8,642.32,5138.56
1619,166,1,115.49,115.49
1620,457,5,650.81,3254.05
1620,442,9,139.41,1254.69
1620,291,8,135.62,1084.96
1620,196,2,207.8,415.6
1621,431,1,853.96,853.96
1621,196,3,207.8,623.4000000000001
1621,219,2,774.62,1549.24
1621,89,3,706.73,2120.19
1622,66,7,500.66,3504.6200000000003
1622,37,6,964.14,5784.84
1622,346,3,610.86,1832.58
1622,126,7,531.19,3718.33
1623,362,5,542.28,2711.4
1623,206,2,924.26,1848.52
1624,314,10,210.3,2103.0
1624,76,10,250.43,2504.3
1624,312,2,26.12,52.24
1624,171,1,98.72,98.72
1624,340,2,321.36,642.72
1625,254,8,600.46,4803.68
1625,224,7,354.85,2483.9500000000003
1625,144,5,929.48,4647.4
1625,356,8,26.52,212.16
1626,263,10,510.38,5103.8
1626,57,9,148.73,1338.57
1627,497,10,182.46,1824.6
1628,148,7,568.32,3978.24
1628,479,6,703.56,4221.36
1628,295,8,636.08,5088.64
1628,169,3,436.67,1310.01
1629,59,5,325.71,1628.55
1629,424,2,833.58,1667.16
1629,26,4,451.03,1804.12
1629,452,5,501.17,2505.85
1629,207,8,424.12,3392.96
1630,192,9,298.53,2686.7699999999995
1630,273,9,824.38,7419.42
1630,224,10,354.85,3548.5
1630,142,9,926.33,8336.970000000001
1630,211,7,668.05,4676.349999999999
1631,345,6,877.07,5262.42
1631,197,3,684.9,2054.7
1631,224,3,354.85,1064.5500000000002
1631,15,1,759.78,759.78
1632,352,5,934.59,4672.95
1632,11,10,373.87,3738.7
1632,267,10,299.17,2991.7000000000003
1632,214,6,966.06,5796.36
1632,73,2,807.72,1615.44
1633,493,2,110.02,220.04
1633,83,5,727.06,3635.3
1634,263,4,510.38,2041.52
1634,60,3,820.2,2460.6000000000004
1634,111,5,840.68,4203.4
1634,363,5,92.76,463.8
1635,417,5,463.87,2319.35
1635,151,3,792.59,2377.77
1636,210,9,118.28,1064.52
1636,59,3,325.71,977.13
1636,491,1,960.95,960.95
1636,305,10,403.74,4037.4
1636,337,1,95.82,95.82
1637,257,1,931.39,931.39
1637,115,8,226.53,1812.24
1638,392,5,743.26,3716.3
1638,98,10,154.46,1544.6
1639,162,9,800.07,7200.63
1639,58,3,817.63,2452.89
1639,258,8,175.2,1401.6
1639,181,5,367.51,1837.55
1640,217,8,584.71,4677.68
1641,178,2,308.12,616.24
1641,457,3,650.81,1952.43
1641,391,5,557.34,2786.7000000000003
1642,124,2,115.95,231.9
1642,416,4,418.93,1675.72
1642,309,2,853.9,1707.8
1643,489,6,707.65,4245.9
1643,203,5,162.6,813.0
1643,94,8,107.62,860.96
1643,103,9,658.06,5922.539999999999
1643,484,2,605.65,1211.3
1644,451,1,438.82,438.82
1644,181,7,367.51,2572.57
1644,172,2,600.96,1201.92
1645,46,4,536.61,2146.44
1645,149,9,680.26,6122.34
1645,63,1,70.35,70.35
1646,73,4,807.72,3230.88
1647,50,4,425.05,1700.2
1647,102,4,835.03,3340.12
1647,204,5,83.23,416.15
1647,274,8,446.95,3575.6
1648,432,8,809.52,6476.16
1648,364,5,921.72,4608.6
1649,333,9,614.22,5527.9800000000005
1650,494,2,145.09,290.18
1650,245,8,320.27,2562.16
1650,376,9,266.65,2399.85
1650,478,10,914.84,9148.4
1651,19,1,368.17,368.17
1651,388,7,860.1,6020.7
1652,61,7,877.5,6142.5
1652,43,10,136.07,1360.6999999999998
1652,281,4,614.16,2456.64
1652,24,6,683.49,4100.9400000000005
1652,440,8,103.78,830.24
1653,164,5,714.56,3572.8
1653,416,4,418.93,1675.72
1654,35,8,294.22,2353.76
1654,444,7,93.2,652.4
1654,404,10,595.77,5957.7
1654,51,6,248.26,1489.56
1655,430,2,457.4,914.8
1655,372,4,661.47,2645.88
1655,275,2,111.39,222.78
1656,409,6,951.48,5708.88
1656,351,4,533.0,2132.0
1656,144,7,929.48,6506.360000000001
1656,15,2,759.78,1519.56
1657,244,2,864.01,1728.02
1657,495,6,949.21,5695.26
1657,5,7,21.32,149.24
1658,105,8,966.84,7734.72
1658,22,10,541.29,5412.9
1658,215,7,20.44,143.08
1658,156,4,402.74,1610.96
1659,386,9,677.38,6096.42
1659,227,4,724.77,2899.08
1659,131,7,657.2,4600.400000000001
1660,273,5,824.38,4121.9
1660,42,6,992.92,5957.52
1660,323,7,87.16,610.12
1661,454,7,909.22,6364.54
1661,500,5,593.06,2965.3
1661,279,1,217.78,217.78
1661,266,5,91.84,459.2000000000001
1662,289,6,144.23,865.3799999999999
1662,300,1,460.15,460.15
1663,182,4,723.69,2894.76
1663,19,10,368.17,3681.7
1663,139,3,237.47,712.41
1663,475,9,361.26,3251.34
1664,458,10,883.95,8839.5
1665,81,10,606.89,6068.9
1665,305,9,403.74,3633.66
1666,449,7,131.3,919.1
1667,338,6,754.92,4529.52
1667,151,9,792.59,7133.31
1667,464,2,350.59,701.18
1668,52,4,598.0,2392.0
1668,254,6,600.46,3602.76
1668,309,9,853.9,7685.099999999999
1668,275,4,111.39,445.56
1668,319,3,173.87,521.61
1669,421,5,665.82,3329.1000000000004
1669,178,3,308.12,924.36
1670,176,4,576.24,2304.96
1670,211,9,668.05,6012.45
1670,468,4,68.01,272.04
1670,324,1,524.25,524.25
1671,28,2,568.27,1136.54
1671,359,9,293.62,2642.58
1671,97,7,566.9,3968.3
1671,373,8,22.54,180.32
1671,354,1,371.76,371.76
1672,417,1,463.87,463.87
1672,237,4,617.97,2471.88
1672,16,4,827.35,3309.4
1673,32,7,54.84,383.88
1674,164,5,714.56,3572.8
1674,230,2,651.49,1302.98
1675,18,7,530.25,3711.75
1675,422,1,298.76,298.76
1675,100,1,423.4,423.4
1675,5,9,21.32,191.88
1675,140,10,888.68,8886.8
1676,302,7,102.21,715.4699999999999
1676,198,4,953.47,3813.88
1676,199,10,217.55,2175.5
1676,242,5,195.09,975.45
1676,384,6,175.21,1051.26
1677,110,5,957.66,4788.3
1678,22,2,541.29,1082.58
1678,404,5,595.77,2978.85
1679,213,7,680.7,4764.900000000001
1679,408,5,639.58,3197.9
1679,75,7,561.71,3931.97
1679,407,2,33.67,67.34
1680,124,5,115.95,579.75
1680,17,8,683.54,5468.32
1680,274,5,446.95,2234.75
1680,54,9,252.29,2270.61
1680,426,9,944.12,8497.08
1681,49,8,767.84,6142.72
1682,464,2,350.59,701.18
1682,163,8,91.22,729.76
1682,299,4,697.76,2791.04
1682,20,10,121.09,1210.9
1682,351,1,533.0,533.0
1683,445,6,918.25,5509.5
1683,338,8,754.92,6039.36
1683,234,10,239.54,2395.4
1683,428,2,455.07,910.14
1684,302,3,102.21,306.63
1684,87,2,126.14,252.28
1684,347,2,397.83,795.66
1685,463,8,365.52,2924.16
1685,99,10,935.41,9354.1
1686,64,7,880.92,6166.44
1686,418,10,584.96,5849.6
1687,29,4,676.04,2704.16
1687,407,1,33.67,33.67
1687,160,8,682.9,5463.2
1687,17,5,683.54,3417.7
1687,419,7,640.84,4485.88
1688,450,3,60.13,180.39
1688,6,1,695.84,695.84
1688,460,6,425.04,2550.24
1689,100,7,423.4,2963.8
1689,24,1,683.49,683.49
1689,239,5,707.69,3538.4500000000003
1689,335,4,750.79,3003.16
1689,215,9,20.44,183.96
1690,76,6,250.43,1502.58
1690,493,4,110.02,440.08
1690,497,6,182.46,1094.76
1690,240,8,754.8,6038.4
1691,454,9,909.22,8182.98
1691,17,2,683.54,1367.08
1691,197,2,684.9,1369.8
1691,255,7,428.81,3001.67
1691,268,2,542.23,1084.46
1692,418,3,584.96,1754.88
1693,500,3,593.06,1779.1799999999998
1694,146,1,754.73,754.73
1695,134,9,65.55,589.9499999999999
1695,393,8,328.58,2628.64
1696,152,7,87.64,613.48
1696,448,7,906.03,6342.21
1696,28,1,568.27,568.27
1696,343,5,611.52,3057.6
1696,379,2,341.66,683.32
1697,360,9,769.44,6924.960000000001
1697,393,6,328.58,1971.48
1697,376,10,266.65,2666.5
1698,126,3,531.19,1593.5700000000002
1698,264,5,687.85,3439.25
1699,34,10,986.28,9862.8
1699,427,6,117.88,707.28
1700,345,8,877.07,7016.56
1700,411,8,314.44,2515.52
1700,432,4,809.52,3238.08
1701,435,3,100.3,300.9
1701,496,9,961.06,8649.539999999999
1702,426,7,944.12,6608.84
1702,47,3,255.04,765.12
1702,200,3,832.97,2498.91
1703,189,5,327.46,1637.3
1704,254,2,600.46,1200.92
1704,83,9,727.06,6543.539999999999
1705,488,1,68.96,68.96
1706,249,3,802.61,2407.83
1706,21,2,903.86,1807.72
1706,301,6,586.14,3516.84
1706,431,9,853.96,7685.64
1706,210,4,118.28,473.12
1707,424,4,833.58,3334.32
1708,404,10,595.77,5957.7
1708,347,5,397.83,1989.15
1708,275,6,111.39,668.34
1708,7,10,127.04,1270.4
1709,215,9,20.44,183.96
1709,41,4,861.68,3446.72
1709,456,2,617.97,1235.94
1709,350,10,504.59,5045.9
1709,98,3,154.46,463.38
1710,284,5,574.37,2871.85
1710,334,3,357.68,1073.04
1711,492,3,942.5,2827.5
1712,152,6,87.64,525.84
1712,161,10,94.84,948.4
1712,245,10,320.27,3202.7
1712,434,10,837.57,8375.7
1713,470,8,974.24,7793.92
1713,6,4,695.84,2783.36
1713,235,3,192.61,577.83
1713,429,1,129.53,129.53
1713,53,4,675.3,2701.2
1714,75,3,561.71,1685.13
1714,135,3,179.67,539.01
1714,205,3,586.42,1759.2599999999998
1714,425,8,458.23,3665.84
1714,74,1,566.76,566.76
1715,186,3,806.04,2418.12
1716,341,8,284.2,2273.6
1716,279,6,217.78,1306.68
1716,240,5,754.8,3774.0
1716,296,9,381.42,3432.78
1717,405,7,735.14,5145.98
1717,462,7,796.9,5578.3
1717,485,7,483.21,3382.47
1717,403,8,626.49,5011.92
1717,411,6,314.44,1886.64
1718,86,9,219.69,1977.21
1718,101,2,336.57,673.14
1718,175,10,727.6,7276.0
1719,192,3,298.53,895.5899999999999
1719,122,7,507.19,3550.33
1719,210,9,118.28,1064.52
1720,130,2,306.97,613.94
1720,480,9,567.97,5111.7300000000005
1720,270,7,554.23,3879.61
1721,246,1,398.62,398.62
1721,196,6,207.8,1246.8000000000002
1722,421,7,665.82,4660.740000000001
1722,313,4,446.87,1787.48
1722,209,10,597.88,5978.8
1723,81,6,606.89,3641.34
1723,322,3,104.23,312.69
1723,239,1,707.69,707.69
1723,10,4,642.32,2569.28
1724,112,4,58.03,232.12
1724,46,1,536.61,536.61
1724,451,10,438.82,4388.2
1724,290,5,919.58,4597.900000000001
1724,341,6,284.2,1705.1999999999998
1725,338,9,754.92,6794.28
1725,133,1,385.47,385.47
1725,77,10,650.24,6502.4
1726,362,8,542.28,4338.24
1726,438,7,40.77,285.39000000000004
1726,481,1,838.33,838.33
1727,210,5,118.28,591.4
1727,289,1,144.23,144.23
1727,344,10,36.56,365.6
1728,195,10,371.37,3713.7
1728,104,8,264.75,2118.0
1728,181,8,367.51,2940.08
1728,368,3,701.69,2105.07
1729,254,2,600.46,1200.92
1729,455,1,451.55,451.55
1729,292,6,257.18,1543.08
1729,6,1,695.84,695.84
1729,64,10,880.92,8809.199999999999
1730,21,3,903.86,2711.58
1730,497,2,182.46,364.92
1731,131,8,657.2,5257.6
1732,429,6,129.53,777.1800000000001
1733,103,4,658.06,2632.24
1733,415,10,922.06,9220.6
1733,483,1,47.58,47.58
1734,78,3,848.66,2545.98
1734,218,10,451.32,4513.2
1734,458,6,883.95,5303.700000000001
1735,93,7,517.69,3623.83
1735,28,1,568.27,568.27
1735,301,2,586.14,1172.28
1735,136,4,648.46,2593.84
1736,109,2,917.73,1835.46
1736,406,3,159.06,477.18
1736,302,8,102.21,817.68
1737,455,4,451.55,1806.2
1737,273,9,824.38,7419.42
1737,79,7,727.34,5091.38
1737,82,3,196.28,588.84
1737,275,1,111.39,111.39
1738,247,6,358.47,2150.82
1738,394,2,326.74,653.48
1738,206,6,924.26,5545.56
1738,106,8,495.69,3965.52
1738,302,10,102.21,1022.1
1739,248,8,180.8,1446.4
1739,246,2,398.62,797.24
1739,370,2,124.83,249.66
1739,308,2,551.84,1103.68
1739,430,3,457.4,1372.1999999999998
1740,296,10,381.42,3814.2
1740,88,1,915.3,915.3
1740,14,3,421.69,1265.07
1741,420,8,595.98,4767.84
1741,193,2,496.1,992.2
1741,87,4,126.14,504.56
1742,309,3,853.9,2561.7
1742,45,5,676.76,3383.8
1743,476,3,184.34,553.02
1743,473,5,65.35,326.75
1743,473,3,65.35,196.05
1744,218,4,451.32,1805.28
1744,18,4,530.25,2121.0
1744,266,5,91.84,459.2000000000001
1744,245,4,320.27,1281.08
1745,444,8,93.2,745.6
1745,235,5,192.61,963.05
1745,500,2,593.06,1186.12
1746,11,6,373.87,2243.2200000000003
1746,181,6,367.51,2205.06
1746,231,9,930.62,8375.58
1746,97,8,566.9,4535.2
1746,33,3,73.12,219.36
1747,237,3,617.97,1853.91
1747,451,9,438.82,3949.38
1747,65,10,629.73,6297.3
1747,187,4,341.39,1365.56
1748,363,5,92.76,463.8
1748,172,4,600.96,2403.84
1748,7,6,127.04,762.24
1749,408,5,639.58,3197.9
1749,487,2,719.77,1439.54
1749,223,9,833.0,7497.0
1749,319,4,173.87,695.48
1749,295,5,636.08,3180.4
1750,373,1,22.54,22.54
1750,399,2,867.37,1734.74
1750,256,9,542.01,4878.09
1751,340,8,321.36,2570.88
1751,127,3,274.65,823.9499999999999
1752,490,6,848.02,5088.12
1752,210,10,118.28,1182.8
1752,458,7,883.95,6187.650000000001
1753,381,6,975.3,5851.799999999999
1754,276,1,753.83,753.83
1754,434,3,837.57,2512.71
1754,465,7,328.39,2298.73
1755,436,2,402.28,804.56
1755,473,3,65.35,196.05
1755,321,6,434.94,2609.64
1756,111,9,840.68,7566.12
1756,150,3,390.01,1170.03
1756,431,1,853.96,853.96
1756,354,8,371.76,2974.08
1757,432,10,809.52,8095.2
1757,344,7,36.56,255.92
1757,412,7,983.28,6882.96
1757,445,8,918.25,7346.0
1757,199,4,217.55,870.2
1758,118,10,662.69,6626.900000000001
1758,340,6,321.36,1928.16
1758,194,8,332.63,2661.04
1759,247,1,358.47,358.47
1759,85,4,310.16,1240.64
1759,383,9,64.88,583.92
1760,324,5,524.25,2621.25
1760,422,10,298.76,2987.6
1760,241,7,581.57,4070.99
1760,51,10,248.26,2482.6
1761,415,3,922.06,2766.18
1761,101,5,336.57,1682.85
1761,191,10,964.93,9649.3
1761,416,9,418.93,3770.37
1761,463,4,365.52,1462.08
1762,4,6,308.93,1853.58
1762,161,1,94.84,94.84
1763,465,6,328.39,1970.34
1763,110,8,957.66,7661.28
1764,148,1,568.32,568.32
1764,98,3,154.46,463.38
1764,168,4,111.21,444.84
1764,103,3,658.06,1974.18
1765,441,3,130.24,390.72
1766,337,2,95.82,191.64
1766,316,4,875.68,3502.72
1766,137,3,977.56,2932.68
1766,392,9,743.26,6689.34
1767,21,3,903.86,2711.58
1767,254,6,600.46,3602.76
1767,198,2,953.47,1906.94
1767,344,8,36.56,292.48
1768,238,4,596.28,2385.12
1768,88,8,915.3,7322.4
1768,80,7,275.78,1930.46
1768,180,8,426.89,3415.12
1769,402,7,568.17,3977.19
1770,163,7,91.22,638.54
1770,407,6,33.67,202.02
1771,64,10,880.92,8809.199999999999
1771,90,7,556.56,3895.92
1771,434,9,837.57,7538.13
1771,113,2,146.12,292.24
1772,74,1,566.76,566.76
1772,51,4,248.26,993.04
1772,11,10,373.87,3738.7
1772,400,3,334.03,1002.09
1772,82,4,196.28,785.12
1773,432,9,809.52,7285.68
1773,308,1,551.84,551.84
1773,6,10,695.84,6958.400000000001
1774,295,4,636.08,2544.32
1775,283,1,815.39,815.39
1775,144,4,929.48,3717.92
1776,386,6,677.38,4064.28
1777,379,7,341.66,2391.6200000000003
1777,493,3,110.02,330.06
1778,50,8,425.05,3400.4
1778,68,1,787.95,787.95
1778,23,5,855.94,4279.700000000001
1778,242,7,195.09,1365.63
1779,373,9,22.54,202.86
1779,326,2,988.27,1976.54
1779,471,8,660.3,5282.4
1779,452,2,501.17,1002.34
1780,97,7,566.9,3968.3
1781,89,3,706.73,2120.19
1781,300,10,460.15,4601.5
1781,469,9,363.86,3274.74
1782,74,1,566.76,566.76
1782,390,8,921.02,7368.16
1782,367,7,684.25,4789.75
1782,309,7,853.9,5977.3
1783,462,5,796.9,3984.5
1783,110,2,957.66,1915.32
1783,320,10,312.45,3124.5
1783,445,8,918.25,7346.0
1784,315,6,883.33,5299.9800000000005
1784,291,9,135.62,1220.58
1784,153,6,63.16,378.96
1784,171,2,98.72,197.44
1785,18,7,530.25,3711.75
1785,264,2,687.85,1375.7
1785,222,3,921.34,2764.02
1785,56,1,756.84,756.84
1785,226,6,354.82,2128.92
1786,214,4,966.06,3864.24
1786,359,9,293.62,2642.58
1786,320,10,312.45,3124.5
1787,483,8,47.58,380.64
1788,470,8,974.24,7793.92
1789,421,10,665.82,6658.200000000001
1790,162,7,800.07,5600.490000000001
1790,349,6,499.94,2999.64
1790,471,5,660.3,3301.5
1791,184,3,144.13,432.39
1791,397,5,230.95,1154.75
1791,189,6,327.46,1964.76
1792,320,6,312.45,1874.7
1792,117,5,934.56,4672.799999999999
1792,89,1,706.73,706.73
1792,364,10,921.72,9217.2
1793,58,9,817.63,7358.67
1794,356,2,26.52,53.04
1794,432,9,809.52,7285.68
1795,302,8,102.21,817.68
1795,73,7,807.72,5654.04
1796,481,10,838.33,8383.300000000001
1796,56,4,756.84,3027.36
1796,453,9,432.4,3891.6
1796,415,10,922.06,9220.6
1797,197,6,684.9,4109.4
1798,495,10,949.21,9492.1
1798,469,2,363.86,727.72
1799,78,6,848.66,5091.96
1800,296,7,381.42,2669.94
1800,62,7,228.83,1601.8100000000002
1800,464,1,350.59,350.59
1801,36,2,768.17,1536.34
1801,224,7,354.85,2483.9500000000003
1801,413,2,961.57,1923.14
1802,335,5,750.79,3753.95
1802,258,10,175.2,1752.0
1802,138,9,895.84,8062.56
1803,212,6,616.55,3699.3
1804,212,7,616.55,4315.849999999999
1804,260,5,623.22,3116.1000000000004
1805,13,9,460.43,4143.87
1805,215,1,20.44,20.44
1805,80,10,275.78,2757.8
1806,63,5,70.35,351.75
1806,1,1,482.68,482.68
1806,143,7,567.87,3975.09
1807,179,3,72.63,217.89
1807,80,5,275.78,1378.9
1807,309,5,853.9,4269.5
1807,139,8,237.47,1899.76
1808,400,2,334.03,668.06
1808,84,4,484.6,1938.4
1808,480,4,567.97,2271.88
1809,453,4,432.4,1729.6
1809,493,2,110.02,220.04
1809,139,10,237.47,2374.7
1810,384,8,175.21,1401.68
1810,366,10,637.95,6379.5
1810,301,7,586.14,4102.98
1810,445,10,918.25,9182.5
1810,233,6,337.68,2026.08
1811,303,9,638.49,5746.41
1811,30,1,31.55,31.55
1811,129,6,569.35,3416.1000000000004
1811,164,6,714.56,4287.36
1812,14,3,421.69,1265.07
1812,329,8,112.17,897.36
1812,139,8,237.47,1899.76
1812,111,4,840.68,3362.72
1813,90,7,556.56,3895.92
1813,462,5,796.9,3984.5
1814,49,2,767.84,1535.68
1814,245,8,320.27,2562.16
1814,222,9,921.34,8292.06
1814,241,6,581.57,3489.42
1814,181,2,367.51,735.02
1815,54,6,252.29,1513.74
1815,73,5,807.72,4038.6
1815,108,5,723.11,3615.55
1815,158,6,495.7,2974.2
1815,273,8,824.38,6595.04
1816,285,3,600.89,1802.67
1817,432,10,809.52,8095.2
1817,498,6,696.62,4179.72
1818,369,1,67.33,67.33
1818,260,5,623.22,3116.1000000000004
1818,297,9,796.65,7169.849999999999
1818,158,8,495.7,3965.6
1819,231,3,930.62,2791.86
1819,213,7,680.7,4764.900000000001
1819,485,10,483.21,4832.099999999999
1819,439,2,560.39,1120.78
1819,183,2,620.5,1241.0
1820,239,2,707.69,1415.38
1820,124,10,115.95,1159.5
1821,370,7,124.83,873.81
1821,31,9,748.35,6735.150000000001
1822,114,7,77.29,541.0300000000001
1822,151,10,792.59,7925.900000000001
1823,426,2,944.12,1888.24
1823,417,6,463.87,2783.2200000000003
1823,37,9,964.14,8677.26
1824,99,4,935.41,3741.64
1824,196,7,207.8,1454.6
1824,375,8,527.78,4222.24
1824,295,8,636.08,5088.64
1825,152,3,87.64,262.92
1825,451,7,438.82,3071.74
1826,226,6,354.82,2128.92
1826,368,8,701.69,5613.52
1826,344,3,36.56,109.68
1826,418,2,584.96,1169.92
1826,159,7,941.73,6592.110000000001
1827,115,7,226.53,1585.71
1827,68,7,787.95,5515.650000000001
1827,237,4,617.97,2471.88
1827,69,1,422.16,422.16
1828,52,10,598.0,5980.0
1828,306,10,826.6,8266.0
1829,72,10,307.73,3077.3
1829,252,7,125.78,880.46
1829,51,1,248.26,248.26
1829,305,6,403.74,2422.44
1829,285,10,600.89,6008.9
1830,237,8,617.97,4943.76
1830,357,2,269.56,539.12
1830,164,6,714.56,4287.36
1830,155,1,771.32,771.32
1830,328,10,389.24,3892.4
1831,183,9,620.5,5584.5
1831,390,4,921.02,3684.08
1831,178,3,308.12,924.36
1831,324,8,524.25,4194.0
1831,62,6,228.83,1372.98
1832,57,4,148.73,594.92
1832,464,6,350.59,2103.54
1832,137,3,977.56,2932.68
1832,125,5,157.41,787.05
1833,494,10,145.09,1450.9
1833,322,8,104.23,833.84
1834,261,8,952.32,7618.56
1834,283,4,815.39,3261.56
1834,158,3,495.7,1487.1
1834,475,8,361.26,2890.08
1834,403,9,626.49,5638.41
1835,196,6,207.8,1246.8000000000002
1835,108,3,723.11,2169.33
1835,255,4,428.81,1715.24
1835,408,8,639.58,5116.64
1835,424,2,833.58,1667.16
1836,262,7,203.18,1422.26
1837,454,2,909.22,1818.44
1837,462,7,796.9,5578.3
1837,291,5,135.62,678.1
1837,487,9,719.77,6477.93
1838,462,9,796.9,7172.099999999999
1838,5,1,21.32,21.32
1838,339,8,390.19,3121.52
1838,208,8,704.62,5636.96
1838,463,1,365.52,365.52
1839,14,6,421.69,2530.14
1840,32,8,54.84,438.72
1840,279,7,217.78,1524.46
1840,385,2,775.6,1551.2
1840,254,2,600.46,1200.92
1840,224,3,354.85,1064.5500000000002
1841,65,3,629.73,1889.19
1842,118,3,662.69,1988.07
1842,268,4,542.23,2168.92
1842,373,8,22.54,180.32
1843,156,6,402.74,2416.44
1844,369,8,67.33,538.64
1845,233,5,337.68,1688.4
1845,75,6,561.71,3370.26
1846,10,6,642.32,3853.92
1846,109,8,917.73,7341.84
1846,48,5,282.89,1414.4499999999998
1846,474,10,579.94,5799.400000000001
1847,163,3,91.22,273.66
1848,324,1,524.25,524.25
1848,15,4,759.78,3039.12
1848,188,6,974.48,5846.88
1849,213,5,680.7,3403.5
1849,3,3,452.27,1356.81
1849,278,10,444.68,4446.8
1850,40,8,875.81,7006.48
1850,20,5,121.09,605.45
1850,164,3,714.56,2143.68
1850,138,3,895.84,2687.52
1851,207,7,424.12,2968.84
1851,350,5,504.59,2522.95
1851,411,4,314.44,1257.76
1852,142,5,926.33,4631.650000000001
1852,1,3,482.68,1448.04
1852,105,10,966.84,9668.4
1852,484,1,605.65,605.65
1852,439,5,560.39,2801.95
1853,48,9,282.89,2546.01
1853,32,7,54.84,383.88
1853,391,8,557.34,4458.72
1853,47,10,255.04,2550.4
1853,195,3,371.37,1114.11
1854,264,10,687.85,6878.5
1854,334,9,357.68,3219.12
1855,180,7,426.89,2988.23
1855,272,8,825.05,6600.4
1855,412,3,983.28,2949.84
1856,281,8,614.16,4913.28
1856,296,7,381.42,2669.94
1857,214,6,966.06,5796.36
1858,315,4,883.33,3533.32
1858,87,3,126.14,378.42
1859,316,4,875.68,3502.72
1860,185,10,338.9,3389.0
1860,27,1,140.62,140.62
1860,345,9,877.07,7893.63
1860,45,4,676.76,2707.04
1861,299,7,697.76,4884.32
1862,368,9,701.69,6315.210000000001
1862,488,2,68.96,137.92
1862,397,5,230.95,1154.75
1863,353,2,862.21,1724.42
1863,258,1,175.2,175.2
1863,64,8,880.92,7047.36
1863,39,10,381.89,3818.9
1863,60,9,820.2,7381.8
1864,242,3,195.09,585.27
1864,105,4,966.84,3867.36
1864,197,4,684.9,2739.6
1865,115,3,226.53,679.59
1865,447,1,449.0,449.0
1865,241,10,581.57,5815.700000000001
1865,432,5,809.52,4047.6
1866,423,4,926.78,3707.12
1867,150,5,390.01,1950.05
1867,392,1,743.26,743.26
1867,474,4,579.94,2319.76
1867,170,4,517.32,2069.28
1867,206,4,924.26,3697.04
1868,60,8,820.2,6561.6
1868,8,2,411.36,822.72
1868,125,9,157.41,1416.69
1868,137,1,977.56,977.56
1869,124,4,115.95,463.8
1870,65,2,629.73,1259.46
1870,397,8,230.95,1847.6
1870,408,4,639.58,2558.32
1870,343,2,611.52,1223.04
1871,277,10,455.24,4552.4
1871,265,8,841.49,6731.92
1872,360,10,769.44,7694.400000000001
1873,134,4,65.55,262.2
1873,374,10,21.24,212.4
1873,72,10,307.73,3077.3
1873,30,8,31.55,252.4
1874,374,10,21.24,212.4
1874,143,5,567.87,2839.35
1874,496,8,961.06,7688.48
1874,186,3,806.04,2418.12
1875,210,9,118.28,1064.52
1875,52,5,598.0,2990.0
1875,219,5,774.62,3873.1
1875,428,5,455.07,2275.35
1876,294,5,398.77,1993.85
1876,237,9,617.97,5561.7300000000005
1876,58,9,817.63,7358.67
1877,326,2,988.27,1976.54
1877,280,3,692.24,2076.7200000000003
1877,213,8,680.7,5445.6
1877,469,1,363.86,363.86
1878,371,8,64.48,515.84
1878,202,3,309.8,929.4
1878,8,3,411.36,1234.08
1878,73,2,807.72,1615.44
1879,238,2,596.28,1192.56
1879,253,8,149.94,1199.52
1879,149,6,680.26,4081.56
1880,441,3,130.24,390.72
1880,414,4,714.54,2858.16
1880,91,2,386.86,773.72
1880,171,4,98.72,394.88
1880,231,4,930.62,3722.48
1881,443,6,378.52,2271.12
1881,8,9,411.36,3702.24
1881,439,8,560.39,4483.12
1882,463,10,365.52,3655.2
1882,321,4,434.94,1739.76
1882,90,10,556.56,5565.599999999999
1883,286,3,979.21,2937.63
1883,95,4,764.01,3056.04
1883,108,7,723.11,5061.77
1884,224,3,354.85,1064.5500000000002
1884,1,6,482.68,2896.08
1884,470,9,974.24,8768.16
1884,385,8,775.6,6204.8
1884,448,10,906.03,9060.3
1885,449,4,131.3,525.2
1885,117,5,934.56,4672.799999999999
1885,136,8,648.46,5187.68
1886,481,5,838.33,4191.650000000001
1886,201,6,676.25,4057.5
1887,15,8,759.78,6078.24
1887,228,5,76.5,382.5
1887,419,7,640.84,4485.88
1888,143,1,567.87,567.87
1888,207,7,424.12,2968.84
1888,180,1,426.89,426.89
1888,83,7,727.06,5089.42
1889,472,8,818.12,6544.96
1889,197,5,684.9,3424.5
1890,495,4,949.21,3796.84
1890,105,5,966.84,4834.2
1891,242,6,195.09,1170.54
1892,88,9,915.3,8237.699999999999
1892,361,9,408.25,3674.25
1892,373,4,22.54,90.16
1893,261,8,952.32,7618.56
1893,124,5,115.95,579.75
1893,424,2,833.58,1667.16
1893,271,2,123.06,246.12
1893,456,4,617.97,2471.88
1894,443,10,378.52,3785.2
1894,252,8,125.78,1006.24
1894,155,1,771.32,771.32
1894,340,7,321.36,2249.52
1895,146,4,754.73,3018.92
1895,167,5,450.29,2251.4500000000003
1895,209,10,597.88,5978.8
1895,485,10,483.21,4832.099999999999
1896,219,1,774.62,774.62
1897,204,9,83.23,749.07
1897,395,6,575.82,3454.92
1897,56,8,756.84,6054.72
1898,308,3,551.84,1655.52
1898,294,2,398.77,797.54
1898,51,6,248.26,1489.56
1898,467,7,39.01,273.07
1899,124,5,115.95,579.75
1899,98,10,154.46,1544.6
1899,225,4,786.43,3145.72
1899,10,9,642.32,5780.88
1899,118,2,662.69,1325.38
1900,113,10,146.12,1461.2
1900,303,9,638.49,5746.41
1900,121,5,540.38,2701.9
1901,354,1,371.76,371.76
1901,399,3,867.37,2602.11
1901,6,2,695.84,1391.68
1902,111,6,840.68,5044.08
1902,419,8,640.84,5126.72
1902,110,4,957.66,3830.64
1903,101,4,336.57,1346.28
1903,287,8,577.01,4616.08
1903,452,6,501.17,3007.02
1903,211,6,668.05,4008.3
1904,235,5,192.61,963.05
1904,373,10,22.54,225.4
1904,276,1,753.83,753.83
1905,381,7,975.3,6827.099999999999
1905,381,7,975.3,6827.099999999999
1905,282,8,619.99,4959.92
1905,443,1,378.52,378.52
1906,11,6,373.87,2243.2200000000003
1906,101,1,336.57,336.57
1906,107,10,797.03,7970.299999999999
1906,228,7,76.5,535.5
1906,21,1,903.86,903.86
1907,170,8,517.32,4138.56
1907,184,5,144.13,720.65
1907,92,10,365.67,3656.7
1907,485,6,483.21,2899.26
1907,391,2,557.34,1114.68
1908,153,9,63.16,568.4399999999999
1909,451,9,438.82,3949.38
1909,438,2,40.77,81.54
1910,186,4,806.04,3224.16
1910,253,2,149.94,299.88
1910,115,7,226.53,1585.71
1910,171,5,98.72,493.6
1910,432,8,809.52,6476.16
1911,361,6,408.25,2449.5
1911,478,2,914.84,1829.68
1912,209,6,597.88,3587.28
1912,87,8,126.14,1009.12
1912,416,9,418.93,3770.37
1912,32,7,54.84,383.88
1912,327,1,140.85,140.85
1913,299,1,697.76,697.76
1913,242,10,195.09,1950.9
1913,237,7,617.97,4325.79
1914,425,6,458.23,2749.38
1914,386,7,677.38,4741.66
1915,452,10,501.17,5011.7
1915,64,6,880.92,5285.52
1916,353,10,862.21,8622.1
1916,378,6,735.61,4413.66
1917,295,3,636.08,1908.24
1917,194,4,332.63,1330.52
1918,429,1,129.53,129.53
1919,105,3,966.84,2900.52
1920,237,6,617.97,3707.82
1921,349,4,499.94,1999.76
1921,344,5,36.56,182.8
1922,236,4,437.81,1751.24
1922,84,4,484.6,1938.4
1922,340,6,321.36,1928.16
1923,144,2,929.48,1858.96
1923,87,7,126.14,882.98
1923,57,1,148.73,148.73
1923,113,8,146.12,1168.96
1924,153,8,63.16,505.28
1925,39,4,381.89,1527.56
1925,99,7,935.41,6547.87
1926,321,3,434.94,1304.82
1927,271,2,123.06,246.12
1927,117,3,934.56,2803.68
1927,465,4,328.39,1313.56
1927,456,2,617.97,1235.94
1927,109,8,917.73,7341.84
1928,263,7,510.38,3572.66
1928,275,4,111.39,445.56
1928,263,4,510.38,2041.52
1929,102,8,835.03,6680.24
1929,386,5,677.38,3386.9
1929,463,9,365.52,3289.68
1930,212,1,616.55,616.55
1931,159,2,941.73,1883.46
1931,128,6,379.32,2275.92
1931,394,6,326.74,1960.44
1931,20,5,121.09,605.45
1932,249,4,802.61,3210.44
1932,244,2,864.01,1728.02
1932,464,7,350.59,2454.13
1933,257,6,931.39,5588.34
1933,313,1,446.87,446.87
1933,269,3,569.99,1709.97
1934,212,1,616.55,616.55
1934,468,3,68.01,204.03000000000003
1934,406,9,159.06,1431.54
1934,303,3,638.49,1915.47
1934,306,3,826.6,2479.8
1935,490,1,848.02,848.02
1936,204,6,83.23,499.38
1936,412,10,983.28,9832.8
1936,79,7,727.34,5091.38
1937,324,3,524.25,1572.75
1937,287,9,577.01,5193.09
1938,101,6,336.57,2019.42
1938,430,2,457.4,914.8
1939,107,4,797.03,3188.12
1939,25,5,493.94,2469.7
1939,451,7,438.82,3071.74
1939,400,6,334.03,2004.18
1940,428,1,455.07,455.07
1940,38,1,454.05,454.05
1940,293,6,830.2,4981.200000000001
1941,299,3,697.76,2093.28
1942,128,7,379.32,2655.24
1942,424,10,833.58,8335.800000000001
1942,44,9,758.62,6827.58
1942,258,3,175.2,525.5999999999999
1942,325,3,17.98,53.94
1943,209,4,597.88,2391.52
1943,6,2,695.84,1391.68
1943,395,7,575.82,4030.74
1944,43,8,136.07,1088.56
1944,292,7,257.18,1800.26
1944,490,9,848.02,7632.18
1944,236,8,437.81,3502.48
1945,382,5,501.19,2505.95
1946,322,3,104.23,312.69
1946,346,6,610.86,3665.16
1946,377,9,752.28,6770.52
1947,107,8,797.03,6376.24
1948,306,4,826.6,3306.4
1948,158,3,495.7,1487.1
1948,154,4,840.29,3361.16
1948,456,9,617.97,5561.7300000000005
1948,19,3,368.17,1104.51
1949,460,2,425.04,850.08
1950,272,2,825.05,1650.1
1950,295,4,636.08,2544.32
1950,399,4,867.37,3469.48
1950,12,5,957.79,4788.95
1950,83,3,727.06,2181.18
1951,154,8,840.29,6722.32
1951,313,10,446.87,4468.7
1951,483,9,47.58,428.22
1952,217,3,584.71,1754.13
1952,494,6,145.09,870.54
1952,326,7,988.27,6917.889999999999
1953,451,10,438.82,4388.2
1953,347,1,397.83,397.83
1954,484,4,605.65,2422.6
1955,157,1,39.33,39.33
1955,123,4,436.27,1745.08
1956,235,1,192.61,192.61
1956,111,10,840.68,8406.8
1956,477,8,808.15,6465.2
1957,499,10,789.12,7891.2
1957,12,7,957.79,6704.53
1958,487,10,719.77,7197.7
1958,134,5,65.55,327.75
1958,181,9,367.51,3307.59
1958,342,8,557.86,4462.88
1959,347,9,397.83,3580.47
1959,395,6,575.82,3454.92
1959,477,6,808.15,4848.9
1960,230,8,651.49,5211.92
1960,392,9,743.26,6689.34
1960,62,8,228.83,1830.64
1961,345,9,877.07,7893.63
1961,347,5,397.83,1989.15
1961,177,2,386.92,773.84
1962,352,9,934.59,8411.31
1963,121,8,540.38,4323.04
1963,287,2,577.01,1154.02
1964,376,3,266.65,799.9499999999999
1964,489,6,707.65,4245.9
1964,307,5,329.64,1648.1999999999998
1965,498,2,696.62,1393.24
1965,431,9,853.96,7685.64
1965,338,3,754.92,2264.76
1965,109,7,917.73,6424.110000000001
1965,195,9,371.37,3342.33
1966,124,1,115.95,115.95
1966,451,4,438.82,1755.28
1967,77,3,650.24,1950.72
1967,325,10,17.98,179.8
1967,193,9,496.1,4464.900000000001
1967,192,9,298.53,2686.7699999999995
1967,25,1,493.94,493.94
1968,337,4,95.82,383.28
1968,102,9,835.03,7515.269999999999
1968,476,3,184.34,553.02
1968,431,6,853.96,5123.76
1968,187,3,341.39,1024.17
1969,317,10,102.41,1024.1
1969,252,4,125.78,503.12
1970,149,7,680.26,4761.82
1970,418,4,584.96,2339.84
1970,341,5,284.2,1421.0
1970,399,1,867.37,867.37
1970,335,7,750.79,5255.53
1971,296,7,381.42,2669.94
1971,232,8,520.83,4166.64
1971,252,8,125.78,1006.24
1971,303,6,638.49,3830.94
1971,81,3,606.89,1820.67
1972,77,5,650.24,3251.2
1973,380,4,528.62,2114.48
1973,118,10,662.69,6626.900000000001
1973,431,10,853.96,8539.6
1974,356,3,26.52,79.56
1974,56,3,756.84,2270.52
1974,489,8,707.65,5661.2
1974,160,3,682.9,2048.7
1975,349,7,499.94,3499.58
1975,241,7,581.57,4070.99
1976,350,6,504.59,3027.54
1976,210,2,118.28,236.56
1977,484,7,605.65,4239.55
1977,356,2,26.52,53.04
1978,185,4,338.9,1355.6
1978,336,8,619.92,4959.36
1979,35,6,294.22,1765.3200000000002
1979,163,1,91.22,91.22
1979,363,2,92.76,185.52
1980,166,2,115.49,230.98
1980,247,10,358.47,3584.7000000000003
1980,180,8,426.89,3415.12
1980,212,4,616.55,2466.2
1980,156,8,402.74,3221.92
1981,297,10,796.65,7966.5
1981,159,8,941.73,7533.84
1981,110,3,957.66,2872.98
1981,344,2,36.56,73.12
1981,371,6,64.48,386.88
1982,288,5,985.63,4928.15
1982,137,2,977.56,1955.12
1982,395,8,575.82,4606.56
1982,364,7,921.72,6452.04
1983,44,5,758.62,3793.1
1983,24,4,683.49,2733.96
1983,124,9,115.95,1043.55
1983,313,2,446.87,893.74
1984,295,10,636.08,6360.8
1984,39,6,381.89,2291.34
1984,474,4,579.94,2319.76
1984,9,8,772.14,6177.12
1984,332,7,77.73,544.11
1985,22,5,541.29,2706.45
1986,464,6,350.59,2103.54
1986,363,7,92.76,649.32
1986,482,5,546.7,2733.5
1986,407,6,33.67,202.02
1986,4,2,308.93,617.86
1987,301,4,586.14,2344.56
1987,272,10,825.05,8250.5
1987,353,8,862.21,6897.68
1987,206,4,924.26,3697.04
1988,416,2,418.93,837.86
1988,98,8,154.46,1235.68
1988,184,9,144.13,1297.17
1989,294,10,398.77,3987.7
1989,41,9,861.68,7755.12
1989,389,7,55.52,388.64
1989,79,1,727.34,727.34
1990,102,2,835.03,1670.06
1990,13,10,460.43,4604.3
1990,433,2,699.91,1399.82
1990,420,2,595.98,1191.96
1990,136,4,648.46,2593.84
1991,437,7,305.85,2140.9500000000003
1991,182,7,723.69,5065.83
1991,254,1,600.46,600.46
1991,213,6,680.7,4084.2
1991,82,8,196.28,1570.24
1992,117,1,934.56,934.56
1992,255,7,428.81,3001.67
1992,188,7,974.48,6821.360000000001
1992,149,1,680.26,680.26
1992,271,4,123.06,492.24
1993,212,6,616.55,3699.3
1994,142,1,926.33,926.33
1994,220,8,505.46,4043.68
1994,348,5,785.96,3929.8
1994,466,6,35.8,214.8
1995,234,4,239.54,958.16
1995,386,5,677.38,3386.9
1995,153,8,63.16,505.28
1996,14,5,421.69,2108.45
1996,171,3,98.72,296.16
1996,196,4,207.8,831.2
1996,122,9,507.19,4564.71
1997,494,7,145.09,1015.63
1997,189,6,327.46,1964.76
1997,276,3,753.83,2261.49
1998,151,6,792.59,4755.54
1998,131,10,657.2,6572.0
1998,13,9,460.43,4143.87
1999,354,2,371.76,743.52
1999,432,2,809.52,1619.04
1999,370,7,124.83,873.81
2000,306,3,826.6,2479.8
2000,418,7,584.96,4094.72
2000,361,4,408.25,1633.0
2000,452,5,501.17,2505.85
2001,33,6,73.12,438.72
2001,482,8,546.7,4373.6
2001,247,6,358.47,2150.82
2002,399,1,867.37,867.37
2002,119,2,536.89,1073.78
2002,220,4,505.46,2021.84
2003,386,9,677.38,6096.42
2003,299,5,697.76,3488.8
2003,152,9,87.64,788.76
2003,156,9,402.74,3624.66
2003,215,3,20.44,61.32000000000001
2004,318,4,91.6,366.4
2005,367,7,684.25,4789.75
2005,404,5,595.77,2978.85
2005,131,3,657.2,1971.6
2005,49,6,767.84,4607.04
2005,166,9,115.49,1039.41
2006,64,7,880.92,6166.44
2006,275,2,111.39,222.78
2007,171,2,98.72,197.44
2007,465,6,328.39,1970.34
2007,22,4,541.29,2165.16
2007,433,8,699.91,5599.28
2007,193,1,496.1,496.1
2008,206,5,924.26,4621.3
2008,474,1,579.94,579.94
2009,190,4,208.84,835.36
2009,270,4,554.23,2216.92
2010,231,3,930.62,2791.86
2010,176,1,576.24,576.24
2011,500,10,593.06,5930.599999999999
2012,455,9,451.55,4063.95
2012,145,9,961.85,8656.65
2012,136,10,648.46,6484.6
2012,109,4,917.73,3670.92
2013,353,10,862.21,8622.1
2013,125,7,157.41,1101.87
2013,236,10,437.81,4378.1
2013,64,7,880.92,6166.44
2013,263,5,510.38,2551.9
2014,498,7,696.62,4876.34
2014,326,6,988.27,5929.62
2014,361,6,408.25,2449.5
2015,134,6,65.55,393.3
2015,367,2,684.25,1368.5
2015,199,3,217.55,652.6500000000001
2015,466,6,35.8,214.8
2015,374,4,21.24,84.96
2016,127,2,274.65,549.3
2016,239,9,707.69,6369.210000000001
2017,444,6,93.2,559.2
2017,288,2,985.63,1971.26
2017,361,10,408.25,4082.5
2017,426,4,944.12,3776.48
2017,252,6,125.78,754.6800000000001
2018,76,4,250.43,1001.72
2018,303,8,638.49,5107.92
2018,293,5,830.2,4151.0
2018,19,10,368.17,3681.7
2018,4,1,308.93,308.93
2019,442,8,139.41,1115.28
2019,373,10,22.54,225.4
2019,34,7,986.28,6903.96
2019,184,2,144.13,288.26
2020,353,8,862.21,6897.68
2020,153,9,63.16,568.4399999999999
2020,345,1,877.07,877.07
2020,120,6,26.56,159.36
2020,358,8,949.19,7593.52
2021,12,6,957.79,5746.74
2022,56,10,756.84,7568.400000000001
2022,38,5,454.05,2270.25
2022,467,1,39.01,39.01
2023,244,3,864.01,2592.03
2023,346,7,610.86,4276.02
2023,20,4,121.09,484.36
2023,247,8,358.47,2867.76
2024,461,6,256.66,1539.96
2024,102,4,835.03,3340.12
2024,35,10,294.22,2942.2000000000003
2025,274,9,446.95,4022.55
2025,41,10,861.68,8616.8
2026,454,1,909.22,909.22
2026,395,6,575.82,3454.92
2026,323,10,87.16,871.5999999999999
2026,392,2,743.26,1486.52
2026,462,2,796.9,1593.8
2027,338,7,754.92,5284.44
2027,444,3,93.2,279.6
2027,269,4,569.99,2279.96
2027,22,4,541.29,2165.16
2027,38,10,454.05,4540.5
2028,489,8,707.65,5661.2
2029,441,2,130.24,260.48
2030,375,7,527.78,3694.46
2030,492,7,942.5,6597.5
2030,175,8,727.6,5820.8
2030,249,3,802.61,2407.83
2031,302,5,102.21,511.05
2032,87,5,126.14,630.7
2032,68,8,787.95,6303.6
2032,92,2,365.67,731.34
2032,95,3,764.01,2292.03
2033,428,4,455.07,1820.28
2033,10,6,642.32,3853.92
2034,483,6,47.58,285.48
2035,267,5,299.17,1495.85
2035,118,1,662.69,662.69
2035,431,10,853.96,8539.6
2035,201,1,676.25,676.25
2035,417,9,463.87,4174.83
2036,436,2,402.28,804.56
2036,12,3,957.79,2873.37
2036,465,1,328.39,328.39
2037,168,6,111.21,667.26
2038,115,10,226.53,2265.3
2039,20,3,121.09,363.27
2040,66,8,500.66,4005.28
2040,40,3,875.81,2627.43
2040,145,9,961.85,8656.65
2040,323,4,87.16,348.64
2040,24,6,683.49,4100.9400000000005
2041,230,10,651.49,6514.9
2041,345,6,877.07,5262.42
2042,26,3,451.03,1353.09
2042,18,9,530.25,4772.25
2042,458,3,883.95,2651.8500000000004
2042,411,8,314.44,2515.52
2043,257,9,931.39,8382.51
2044,489,2,707.65,1415.3
2044,463,6,365.52,2193.12
2044,292,3,257.18,771.54
2045,117,2,934.56,1869.12
2045,354,8,371.76,2974.08
2046,205,10,586.42,5864.2
2046,444,6,93.2,559.2
2047,153,7,63.16,442.12
2047,15,8,759.78,6078.24
2047,282,2,619.99,1239.98
2047,170,9,517.32,4655.88
2047,106,2,495.69,991.38
2048,116,3,69.85,209.55
2048,460,4,425.04,1700.16
2048,424,8,833.58,6668.64
2049,410,6,382.51,2295.06
2050,214,2,966.06,1932.12
2050,375,9,527.78,4750.02
2050,388,2,860.1,1720.2
2050,487,6,719.77,4318.62
2050,374,9,21.24,191.16
2051,194,9,332.63,2993.67
2051,64,7,880.92,6166.44
2051,266,9,91.84,826.5600000000001
2051,248,4,180.8,723.2
2051,72,5,307.73,1538.65
2052,125,4,157.41,629.64
2052,236,5,437.81,2189.05
2052,235,7,192.61,1348.27
2052,367,7,684.25,4789.75
2053,7,8,127.04,1016.32
2054,210,6,118.28,709.6800000000001
2055,198,7,953.47,6674.29
2055,337,5,95.82,479.1
2055,30,8,31.55,252.4
2055,130,5,306.97,1534.85
2055,85,1,310.16,310.16
2056,238,2,596.28,1192.56
2056,146,5,754.73,3773.65
2057,131,9,657.2,5914.8
2057,78,3,848.66,2545.98
2057,439,6,560.39,3362.34
2057,182,1,723.69,723.69
2057,465,9,328.39,2955.51
2058,210,7,118.28,827.96
2058,355,4,765.1,3060.4
2058,126,6,531.19,3187.1400000000003
2059,40,9,875.81,7882.289999999999
2059,38,9,454.05,4086.45
2059,157,3,39.33,117.99
2059,222,9,921.34,8292.06
2060,118,4,662.69,2650.76
2061,195,4,371.37,1485.48
2061,358,6,949.19,5695.14
2062,253,8,149.94,1199.52
2062,88,4,915.3,3661.2
2063,440,1,103.78,103.78
2063,181,1,367.51,367.51
2063,340,7,321.36,2249.52
2063,363,4,92.76,371.04
2063,163,2,91.22,182.44
2064,44,6,758.62,4551.72
2064,449,3,131.3,393.9
2065,118,7,662.69,4638.83
2065,103,1,658.06,658.06
2065,149,3,680.26,2040.78
2066,263,10,510.38,5103.8
2066,236,5,437.81,2189.05
2067,371,5,64.48,322.40000000000003
2067,413,4,961.57,3846.28
2067,163,5,91.22,456.1
2067,145,7,961.85,6732.95
2067,95,1,764.01,764.01
2068,300,5,460.15,2300.75
2068,434,4,837.57,3350.28
2068,134,8,65.55,524.4
2068,84,5,484.6,2423.0
2069,24,1,683.49,683.49
2069,68,8,787.95,6303.6
2069,375,3,527.78,1583.34
2069,254,4,600.46,2401.84
2070,259,2,195.23,390.46
2071,412,3,983.28,2949.84
2072,209,5,597.88,2989.4
2072,375,7,527.78,3694.46
2073,217,5,584.71,2923.55
2073,399,10,867.37,8673.7
2073,311,5,55.48,277.4
2074,473,4,65.35,261.4
2074,463,2,365.52,731.04
2074,283,9,815.39,7338.51
2074,480,8,567.97,4543.76
2075,437,1,305.85,305.85
2075,257,8,931.39,7451.12
2075,59,8,325.71,2605.68
2075,19,2,368.17,736.34
2075,77,2,650.24,1300.48
2076,432,3,809.52,2428.56
2076,101,2,336.57,673.14
2076,216,2,515.57,1031.14
2076,153,4,63.16,252.64
2077,58,8,817.63,6541.04
2077,111,3,840.68,2522.04
2077,106,8,495.69,3965.52
2078,256,4,542.01,2168.04
2078,181,4,367.51,1470.04
2078,378,6,735.61,4413.66
2078,169,1,436.67,436.67
2078,370,10,124.83,1248.3
2079,52,5,598.0,2990.0
2079,332,3,77.73,233.19
2079,275,6,111.39,668.34
2080,206,7,924.26,6469.82
2081,90,9,556.56,5009.039999999999
2081,157,2,39.33,78.66
2081,419,4,640.84,2563.36
2082,192,6,298.53,1791.1799999999998
2082,172,8,600.96,4807.68
2083,38,4,454.05,1816.2
2084,329,9,112.17,1009.53
2084,280,3,692.24,2076.7200000000003
2084,236,3,437.81,1313.43
2085,81,2,606.89,1213.78
2086,80,9,275.78,2482.0199999999995
2086,68,9,787.95,7091.55
2086,169,1,436.67,436.67
2086,388,10,860.1,8601.0
2087,188,6,974.48,5846.88
2087,50,1,425.05,425.05
2087,78,3,848.66,2545.98
2088,202,1,309.8,309.8
2088,267,7,299.17,2094.19
2089,454,7,909.22,6364.54
2090,102,1,835.03,835.03
2090,342,10,557.86,5578.6
2091,115,8,226.53,1812.24
2092,58,5,817.63,4088.15
2092,359,10,293.62,2936.2
2092,345,7,877.07,6139.490000000001
2092,174,8,419.67,3357.36
2093,381,10,975.3,9753.0
2093,102,5,835.03,4175.15
2093,438,6,40.77,244.62
2093,66,8,500.66,4005.28
2094,116,9,69.85,628.65
2094,266,6,91.84,551.04
2094,192,4,298.53,1194.12
2094,57,3,148.73,446.19
2095,298,7,408.82,2861.74
2095,5,5,21.32,106.6
2096,315,7,883.33,6183.31
2097,289,8,144.23,1153.84
2098,111,4,840.68,3362.72
2098,344,7,36.56,255.92
2098,3,3,452.27,1356.81
2098,37,6,964.14,5784.84
2098,103,4,658.06,2632.24
2099,278,8,444.68,3557.44
2099,459,8,96.84,774.72
2099,483,8,47.58,380.64
2099,65,7,629.73,4408.110000000001
2100,424,6,833.58,5001.4800000000005
2100,225,7,786.43,5505.009999999999
2100,25,3,493.94,1481.82
2101,71,4,478.78,1915.12
2101,464,4,350.59,1402.36
2102,319,6,173.87,1043.22
2102,144,8,929.48,7435.84
2102,355,9,765.1,6885.900000000001
2102,135,7,179.67,1257.6899999999998
2102,113,6,146.12,876.72
2103,269,7,569.99,3989.93
2103,244,3,864.01,2592.03
2104,490,8,848.02,6784.16
2104,386,5,677.38,3386.9
2104,170,10,517.32,5173.200000000001
2104,18,7,530.25,3711.75
2104,394,1,326.74,326.74
2105,204,9,83.23,749.07
2105,83,3,727.06,2181.18
2105,332,7,77.73,544.11
2106,162,8,800.07,6400.56
2106,354,1,371.76,371.76
2107,334,10,357.68,3576.8
2107,201,3,676.25,2028.75
2107,110,5,957.66,4788.3
2107,153,10,63.16,631.5999999999999
2108,276,10,753.83,7538.3
2108,194,4,332.63,1330.52
2108,199,3,217.55,652.6500000000001
2108,95,7,764.01,5348.07
2109,450,3,60.13,180.39
2109,8,8,411.36,3290.88
2110,64,9,880.92,7928.28
2110,419,1,640.84,640.84
2110,136,2,648.46,1296.92
2110,498,2,696.62,1393.24
2110,117,2,934.56,1869.12
2111,491,6,960.95,5765.700000000001
2112,233,4,337.68,1350.72
2112,140,3,888.68,2666.04
2112,419,4,640.84,2563.36
2113,249,10,802.61,8026.1
2113,497,6,182.46,1094.76
2113,491,10,960.95,9609.5
2114,413,3,961.57,2884.71
2114,461,5,256.66,1283.3000000000002
2114,75,5,561.71,2808.55
2115,331,3,645.16,1935.48
2115,248,3,180.8,542.4000000000001
2116,262,10,203.18,2031.8
2116,95,7,764.01,5348.07
2116,263,3,510.38,1531.14
2116,95,9,764.01,6876.09
2116,244,9,864.01,7776.09
2117,289,4,144.23,576.92
2117,29,2,676.04,1352.08
2117,66,3,500.66,1501.98
2118,185,3,338.9,1016.7
2119,11,8,373.87,2990.96
2119,117,3,934.56,2803.68
2119,312,1,26.12,26.12
2119,246,10,398.62,3986.2
2120,91,10,386.86,3868.6
2120,27,10,140.62,1406.2
2120,469,3,363.86,1091.58
2120,86,8,219.69,1757.52
2121,116,6,69.85,419.1
2121,496,6,961.06,5766.36
2121,153,2,63.16,126.32
2121,280,6,692.24,4153.4400000000005
2121,248,2,180.8,361.6
2122,407,5,33.67,168.35000000000002
2122,187,7,341.39,2389.73
2122,332,3,77.73,233.19
2122,4,2,308.93,617.86
2122,123,4,436.27,1745.08
2123,417,2,463.87,927.74
2123,437,6,305.85,1835.1
2123,132,10,761.99,7619.9
2124,209,10,597.88,5978.8
2124,285,7,600.89,4206.23
2124,444,3,93.2,279.6
2124,221,6,487.94,2927.64
2124,366,5,637.95,3189.75
2125,37,9,964.14,8677.26
2125,74,1,566.76,566.76
2125,68,8,787.95,6303.6
2126,267,4,299.17,1196.68
2127,65,8,629.73,5037.84
2127,442,7,139.41,975.87
2127,292,6,257.18,1543.08
2128,347,2,397.83,795.66
2128,390,6,921.02,5526.12
2128,102,9,835.03,7515.269999999999
2128,59,1,325.71,325.71
2129,467,10,39.01,390.1
2130,117,4,934.56,3738.24
2130,86,8,219.69,1757.52
2130,226,7,354.82,2483.74
2130,492,7,942.5,6597.5
2131,38,7,454.05,3178.35
2131,294,6,398.77,2392.62
2131,228,6,76.5,459.0
2132,221,6,487.94,2927.64
2132,97,3,566.9,1700.6999999999998
2132,90,6,556.56,3339.36
2132,26,5,451.03,2255.15
2133,109,5,917.73,4588.65
2133,455,5,451.55,2257.75
2133,156,2,402.74,805.48
2133,254,8,600.46,4803.68
2134,17,9,683.54,6151.86
2134,39,2,381.89,763.78
2134,285,1,600.89,600.89
2135,158,2,495.7,991.4
2135,454,3,909.22,2727.66
2136,55,10,444.57,4445.7
2136,86,4,219.69,878.76
2137,494,1,145.09,145.09
2138,419,3,640.84,1922.52
2139,82,6,196.28,1177.68
2139,319,2,173.87,347.74
2139,361,10,408.25,4082.5
2139,422,2,298.76,597.52
2140,75,4,561.71,2246.84
2140,5,2,21.32,42.64
2141,471,1,660.3,660.3
2142,295,4,636.08,2544.32
2142,112,1,58.03,58.03
2143,313,9,446.87,4021.83
2143,411,4,314.44,1257.76
2143,384,8,175.21,1401.68
2144,276,10,753.83,7538.3
2144,449,3,131.3,393.9
2144,23,8,855.94,6847.52
2144,467,5,39.01,195.05
2145,22,8,541.29,4330.32
2146,225,2,786.43,1572.86
2147,378,3,735.61,2206.83
2147,9,9,772.14,6949.26
2147,27,10,140.62,1406.2
2148,108,2,723.11,1446.22
2149,194,4,332.63,1330.52
2149,304,3,851.61,2554.83
2149,449,7,131.3,919.1
2150,19,10,368.17,3681.7
2150,481,7,838.33,5868.31
2150,464,9,350.59,3155.31
2151,92,7,365.67,2559.69
2151,171,5,98.72,493.6
2152,262,9,203.18,1828.62
2152,61,1,877.5,877.5
2153,355,5,765.1,3825.5
2153,352,3,934.59,2803.77
2153,160,2,682.9,1365.8
2154,73,6,807.72,4846.32
2154,293,1,830.2,830.2
2154,345,10,877.07,8770.7
2154,80,7,275.78,1930.46
2155,91,1,386.86,386.86
2155,294,2,398.77,797.54
2155,138,6,895.84,5375.04
2155,468,10,68.01,680.1
2156,48,2,282.89,565.78
2156,299,10,697.76,6977.6
2156,16,5,827.35,4136.75
2156,45,6,676.76,4060.56
2156,402,8,568.17,4545.36
2157,274,6,446.95,2681.7
2157,258,8,175.2,1401.6
2157,296,5,381.42,1907.1
2157,85,8,310.16,2481.28
2158,363,4,92.76,371.04
2158,173,10,865.08,8650.800000000001
2159,482,7,546.7,3826.900000000001
2159,102,8,835.03,6680.24
2159,287,8,577.01,4616.08
2160,69,8,422.16,3377.28
2160,257,8,931.39,7451.12
2160,6,3,695.84,2087.52
2160,147,3,929.59,2788.77
2161,486,3,209.45,628.3499999999999
2162,223,7,833.0,5831.0
2162,57,6,148.73,892.3799999999999
2163,459,3,96.84,290.52
2163,421,10,665.82,6658.200000000001
2164,353,1,862.21,862.21
2165,263,5,510.38,2551.9
2165,45,6,676.76,4060.56
2166,410,7,382.51,2677.57
2166,74,3,566.76,1700.28
2166,210,5,118.28,591.4
2166,363,9,92.76,834.84
2167,149,8,680.26,5442.08
2167,53,10,675.3,6753.0
2168,376,3,266.65,799.9499999999999
2168,317,8,102.41,819.28
2168,97,1,566.9,566.9
2168,67,6,942.17,5653.02
2169,162,8,800.07,6400.56
2169,299,10,697.76,6977.6
2169,164,5,714.56,3572.8
2170,287,8,577.01,4616.08
2170,96,4,377.0,1508.0
2170,206,7,924.26,6469.82
2170,365,8,541.03,4328.24
2170,221,1,487.94,487.94
2171,422,6,298.76,1792.56
2171,346,5,610.86,3054.3
2172,208,10,704.62,7046.2
2172,91,2,386.86,773.72
2172,288,10,985.63,9856.3
2172,60,3,820.2,2460.6000000000004
2173,220,6,505.46,3032.76
2173,294,3,398.77,1196.31
2173,153,6,63.16,378.96
2174,167,1,450.29,450.29
2175,128,4,379.32,1517.28
2175,26,4,451.03,1804.12
2175,224,6,354.85,2129.1000000000004
2175,19,4,368.17,1472.68
2176,220,5,505.46,2527.3
2176,28,9,568.27,5114.43
2176,383,6,64.88,389.28
2176,491,10,960.95,9609.5
2177,153,3,63.16,189.48
2177,62,6,228.83,1372.98
2178,95,10,764.01,7640.1
2178,84,10,484.6,4846.0
2179,414,10,714.54,7145.4
2179,486,8,209.45,1675.6
2179,459,1,96.84,96.84
2179,254,6,600.46,3602.76
2180,212,3,616.55,1849.65
2180,223,10,833.0,8330.0
2180,443,6,378.52,2271.12
2180,414,2,714.54,1429.08
2181,179,10,72.63,726.3
2181,398,5,954.54,4772.7
2181,300,2,460.15,920.3
2181,428,8,455.07,3640.56
2182,299,3,697.76,2093.28
2182,307,6,329.64,1977.84
2182,280,1,692.24,692.24
2183,230,1,651.49,651.49
2183,221,6,487.94,2927.64
2184,114,9,77.29,695.61
2184,192,3,298.53,895.5899999999999
2184,334,5,357.68,1788.4
2184,120,6,26.56,159.36
2185,413,9,961.57,8654.130000000001
2185,305,4,403.74,1614.96
2185,272,4,825.05,3300.2
2185,156,10,402.74,4027.4
2185,206,10,924.26,9242.6
2186,92,4,365.67,1462.68
2187,11,4,373.87,1495.48
2187,102,7,835.03,5845.21
2187,389,7,55.52,388.64
2188,30,5,31.55,157.75
2188,131,4,657.2,2628.8
2188,292,3,257.18,771.54
2189,404,7,595.77,4170.389999999999
2190,10,3,642.32,1926.96
2190,376,8,266.65,2133.2
2190,323,7,87.16,610.12
2190,319,9,173.87,1564.83
2191,329,6,112.17,673.02
2191,332,2,77.73,155.46
2191,8,5,411.36,2056.8
2191,439,8,560.39,4483.12
2192,216,8,515.57,4124.56
2192,238,5,596.28,2981.4
2192,169,3,436.67,1310.01
2192,307,10,329.64,3296.4
2192,48,3,282.89,848.67
2193,20,1,121.09,121.09
2194,353,6,862.21,5173.26
2194,473,3,65.35,196.05
2194,81,6,606.89,3641.34
2194,272,7,825.05,5775.349999999999
2195,83,6,727.06,4362.36
2195,263,7,510.38,3572.66
2195,302,3,102.21,306.63
2195,366,6,637.95,3827.7
2196,341,6,284.2,1705.1999999999998
2196,71,10,478.78,4787.799999999999
2196,69,10,422.16,4221.6
2197,9,3,772.14,2316.42
2198,490,3,848.02,2544.06
2199,382,3,501.19,1503.57
2199,34,4,986.28,3945.12
2199,80,2,275.78,551.56
2199,65,6,629.73,3778.38
2199,38,6,454.05,2724.3
2200,44,6,758.62,4551.72
2200,488,2,68.96,137.92
2200,140,8,888.68,7109.44
2200,443,7,378.52,2649.64
2201,157,7,39.33,275.31
2201,339,7,390.19,2731.33
2201,128,3,379.32,1137.96
2201,89,9,706.73,6360.57
2201,134,2,65.55,131.1
2202,245,2,320.27,640.54
2202,314,5,210.3,1051.5
2203,232,9,520.83,4687.47
2204,394,8,326.74,2613.92
2204,415,1,922.06,922.06
2205,135,3,179.67,539.01
2205,51,3,248.26,744.78
2206,355,7,765.1,5355.7
2206,485,7,483.21,3382.47
2206,239,1,707.69,707.69
2207,415,1,922.06,922.06
2207,322,7,104.23,729.61
2207,124,9,115.95,1043.55
2207,443,2,378.52,757.04
2208,184,1,144.13,144.13
2208,352,4,934.59,3738.36
2208,354,4,371.76,1487.04
2208,397,10,230.95,2309.5
2208,326,8,988.27,7906.16
2209,140,10,888.68,8886.8
2210,383,7,64.88,454.16
2210,281,4,614.16,2456.64
2211,232,10,520.83,5208.3
2212,42,6,992.92,5957.52
2212,280,9,692.24,6230.16
2212,371,7,64.48,451.36
2212,405,3,735.14,2205.42
2212,284,4,574.37,2297.48
2213,214,4,966.06,3864.24
2213,92,6,365.67,2194.02
2213,453,5,432.4,2162.0
2214,247,8,358.47,2867.76
2214,87,1,126.14,126.14
2214,75,8,561.71,4493.68
2215,461,7,256.66,1796.62
2215,310,4,895.21,3580.84
2215,233,3,337.68,1013.04
2215,436,2,402.28,804.56
2215,179,1,72.63,72.63
2216,371,4,64.48,257.92
2216,244,10,864.01,8640.1
2217,425,10,458.23,4582.3
2217,449,5,131.3,656.5
2218,280,4,692.24,2768.96
2219,98,9,154.46,1390.14
2219,405,1,735.14,735.14
2220,429,3,129.53,388.59
2220,484,6,605.65,3633.9
2221,383,6,64.88,389.28
2221,464,8,350.59,2804.72
2221,276,7,753.83,5276.81
2221,311,10,55.48,554.8
2222,112,9,58.03,522.27
2222,239,10,707.69,7076.900000000001
2222,167,5,450.29,2251.4500000000003
2222,438,4,40.77,163.08
2223,253,1,149.94,149.94
2224,466,1,35.8,35.8
2225,55,8,444.57,3556.56
2225,175,7,727.6,5093.2
2225,397,10,230.95,2309.5
2226,465,6,328.39,1970.34
2227,433,7,699.91,4899.37
2227,32,6,54.84,329.04
2228,440,1,103.78,103.78
2228,140,5,888.68,4443.4
2228,50,1,425.05,425.05
2228,11,2,373.87,747.74
2229,87,8,126.14,1009.12
2229,404,4,595.77,2383.08
2229,322,2,104.23,208.46
2230,415,8,922.06,7376.48
2231,221,2,487.94,975.88
2232,314,9,210.3,1892.7
2232,154,5,840.29,4201.45
2232,153,5,63.16,315.79999999999995
2232,282,1,619.99,619.99
2232,300,10,460.15,4601.5
2233,373,4,22.54,90.16
2233,319,2,173.87,347.74
2234,140,1,888.68,888.68
2234,434,1,837.57,837.57
2234,400,8,334.03,2672.24
2234,443,7,378.52,2649.64
2235,24,1,683.49,683.49
2235,330,10,145.76,1457.6
2236,487,5,719.77,3598.85
2237,391,4,557.34,2229.36
2237,497,5,182.46,912.3
2237,311,1,55.48,55.48
2237,401,5,17.89,89.45
2238,345,1,877.07,877.07
2238,352,1,934.59,934.59
2238,128,10,379.32,3793.2
2238,127,7,274.65,1922.55
2239,135,4,179.67,718.68
2239,177,1,386.92,386.92
2239,65,5,629.73,3148.65
2239,153,6,63.16,378.96
2240,55,8,444.57,3556.56
2240,413,8,961.57,7692.56
2240,150,9,390.01,3510.09
2241,340,9,321.36,2892.24
2241,281,9,614.16,5527.44
2241,39,3,381.89,1145.67
2242,372,7,661.47,4630.29
2242,375,3,527.78,1583.34
2242,493,10,110.02,1100.2
2243,252,6,125.78,754.6800000000001
2243,230,5,651.49,3257.45
2243,326,3,988.27,2964.81
2243,248,8,180.8,1446.4
2244,83,6,727.06,4362.36
2244,99,7,935.41,6547.87
2244,439,2,560.39,1120.78
2244,82,10,196.28,1962.8
2245,209,6,597.88,3587.28
2245,161,8,94.84,758.72
2245,20,8,121.09,968.72
2246,452,1,501.17,501.17
2246,484,6,605.65,3633.9
2247,437,10,305.85,3058.5
2247,359,6,293.62,1761.72
2248,394,10,326.74,3267.4
2248,228,3,76.5,229.5
2249,340,2,321.36,642.72
2249,384,7,175.21,1226.47
2249,376,2,266.65,533.3
2249,94,9,107.62,968.58
2250,45,2,676.76,1353.52
2250,212,10,616.55,6165.5
2250,414,1,714.54,714.54
2250,252,5,125.78,628.9
2250,309,9,853.9,7685.099999999999
2251,259,6,195.23,1171.38
2251,476,8,184.34,1474.72
2252,389,9,55.52,499.68
2252,381,7,975.3,6827.099999999999
2252,232,9,520.83,4687.47
2253,456,10,617.97,6179.700000000001
2253,143,6,567.87,3407.2200000000003
2254,242,4,195.09,780.36
2255,489,3,707.65,2122.95
2255,129,4,569.35,2277.4
2255,109,1,917.73,917.73
2255,45,9,676.76,6090.84
2256,465,2,328.39,656.78
2256,207,5,424.12,2120.6
2257,30,4,31.55,126.2
2257,258,9,175.2,1576.8
2257,184,2,144.13,288.26
2258,320,1,312.45,312.45
2259,298,3,408.82,1226.46
2259,137,2,977.56,1955.12
2260,340,2,321.36,642.72
2260,129,7,569.35,3985.45
2260,210,6,118.28,709.6800000000001
2260,410,7,382.51,2677.57
2261,78,5,848.66,4243.3
2261,41,6,861.68,5170.08
2261,378,7,735.61,5149.27
2261,13,6,460.43,2762.58
2261,394,4,326.74,1306.96
2262,14,10,421.69,4216.9
2262,155,8,771.32,6170.56
2262,405,10,735.14,7351.4
2262,237,10,617.97,6179.700000000001
2262,37,1,964.14,964.14
2263,336,8,619.92,4959.36
2264,320,5,312.45,1562.25
2265,252,9,125.78,1132.02
2265,422,2,298.76,597.52
2265,103,7,658.06,4606.42
2265,398,10,954.54,9545.4
2266,176,1,576.24,576.24
2266,395,7,575.82,4030.74
2266,315,1,883.33,883.33
2266,135,8,179.67,1437.36
2267,24,9,683.49,6151.41
2267,248,2,180.8,361.6
2267,414,2,714.54,1429.08
2268,265,8,841.49,6731.92
2269,331,4,645.16,2580.64
2269,429,10,129.53,1295.3
2269,179,8,72.63,581.04
2270,411,9,314.44,2829.96
2270,297,8,796.65,6373.2
2270,396,4,676.59,2706.36
2271,154,1,840.29,840.29
2272,496,1,961.06,961.06
2272,311,9,55.48,499.32
2272,18,8,530.25,4242.0
2272,360,2,769.44,1538.88
2272,208,9,704.62,6341.58
2273,5,10,21.32,213.2
2273,127,7,274.65,1922.55
2273,169,9,436.67,3930.03
2274,415,5,922.06,4610.299999999999
2275,361,8,408.25,3266.0
2275,179,3,72.63,217.89
2275,455,8,451.55,3612.4
2275,180,5,426.89,2134.45
2275,257,3,931.39,2794.17
2276,62,6,228.83,1372.98
2276,83,7,727.06,5089.42
2276,480,2,567.97,1135.94
2276,242,3,195.09,585.27
2276,239,2,707.69,1415.38
2277,489,4,707.65,2830.6
2277,3,1,452.27,452.27
2277,254,7,600.46,4203.22
2277,35,3,294.22,882.6600000000001
2278,204,3,83.23,249.69
2278,113,4,146.12,584.48
2278,456,6,617.97,3707.82
2279,55,4,444.57,1778.28
2279,311,8,55.48,443.84
2279,270,2,554.23,1108.46
2279,241,2,581.57,1163.14
2280,10,10,642.32,6423.200000000001
2280,184,10,144.13,1441.3
2281,298,6,408.82,2452.92
2281,193,7,496.1,3472.7000000000003
2281,435,1,100.3,100.3
2281,13,9,460.43,4143.87
2282,289,2,144.23,288.46
2282,166,7,115.49,808.43
2282,33,8,73.12,584.96
2282,461,1,256.66,256.66
2282,472,5,818.12,4090.6
2283,169,2,436.67,873.34
2283,253,2,149.94,299.88
2283,472,2,818.12,1636.24
2283,363,5,92.76,463.8
2284,141,7,56.1,392.7
2284,433,9,699.91,6299.19
2284,257,4,931.39,3725.56
2284,82,3,196.28,588.84
2285,139,2,237.47,474.94
2285,430,10,457.4,4574.0
2286,352,8,934.59,7476.72
2286,2,9,16.76,150.84
2287,226,8,354.82,2838.56
2287,391,2,557.34,1114.68
2287,119,3,536.89,1610.67
2288,28,9,568.27,5114.43
2289,68,3,787.95,2363.8500000000004
2289,404,5,595.77,2978.85
2290,495,1,949.21,949.21
2290,433,6,699.91,4199.46
2290,165,1,742.26,742.26
2290,312,9,26.12,235.08
2291,104,5,264.75,1323.75
2291,457,10,650.81,6508.099999999999
2291,329,9,112.17,1009.53
2291,17,1,683.54,683.54
2291,451,5,438.82,2194.1
2292,347,8,397.83,3182.64
2292,151,4,792.59,3170.36
2293,138,8,895.84,7166.72
2293,458,8,883.95,7071.6
2293,149,4,680.26,2721.04
2293,6,2,695.84,1391.68
2294,91,9,386.86,3481.74
2294,245,2,320.27,640.54
2294,468,3,68.01,204.03000000000003
2294,348,3,785.96,2357.88
2294,156,9,402.74,3624.66
2295,181,9,367.51,3307.59
2295,359,2,293.62,587.24
2295,198,10,953.47,9534.7
2295,120,3,26.56,79.67999999999999
2296,435,6,100.3,601.8
2296,118,4,662.69,2650.76
2296,242,5,195.09,975.45
2296,388,7,860.1,6020.7
2297,5,6,21.32,127.92
2298,235,6,192.61,1155.66
2298,17,7,683.54,4784.78
2299,154,3,840.29,2520.87
2299,280,8,692.24,5537.92
2300,188,3,974.48,2923.44
2300,318,4,91.6,366.4
2300,4,10,308.93,3089.3
2300,80,9,275.78,2482.0199999999995
2301,297,7,796.65,5576.55
2302,475,2,361.26,722.52
2302,374,9,21.24,191.16
2302,467,2,39.01,78.02
2302,448,3,906.03,2718.09
2303,326,5,988.27,4941.35
2303,230,7,651.49,4560.43
2303,177,5,386.92,1934.6
2304,416,5,418.93,2094.65
2304,362,9,542.28,4880.52
2304,64,10,880.92,8809.199999999999
2305,343,9,611.52,5503.68
2305,106,8,495.69,3965.52
2305,323,7,87.16,610.12
2305,210,10,118.28,1182.8
2306,279,10,217.78,2177.8
2306,61,10,877.5,8775.0
2306,79,3,727.34,2182.02
2306,189,8,327.46,2619.68
2306,444,6,93.2,559.2
2307,315,6,883.33,5299.9800000000005
2307,352,9,934.59,8411.31
2307,292,9,257.18,2314.62
2307,226,10,354.82,3548.2
2308,15,5,759.78,3798.9
2308,363,5,92.76,463.8
2308,335,5,750.79,3753.95
2309,221,6,487.94,2927.64
2309,408,6,639.58,3837.480000000001
2310,181,6,367.51,2205.06
2310,108,5,723.11,3615.55
2311,191,7,964.93,6754.509999999999
2311,172,5,600.96,3004.8
2311,75,5,561.71,2808.55
2311,471,10,660.3,6603.0
2311,212,7,616.55,4315.849999999999
2312,254,10,600.46,6004.6
2312,217,3,584.71,1754.13
2313,159,6,941.73,5650.38
2313,327,9,140.85,1267.65
2314,443,8,378.52,3028.16
2314,147,10,929.59,9295.9
2315,401,5,17.89,89.45
2316,378,10,735.61,7356.1
2316,259,6,195.23,1171.38
2317,270,6,554.23,3325.38
2317,54,4,252.29,1009.16
2317,334,7,357.68,2503.76
2317,316,8,875.68,7005.44
2318,177,9,386.92,3482.28
2318,402,6,568.17,3409.0199999999995
2318,109,3,917.73,2753.19
2318,408,5,639.58,3197.9
2319,417,2,463.87,927.74
2319,279,7,217.78,1524.46
2319,207,9,424.12,3817.08
2320,175,4,727.6,2910.4
2321,155,9,771.32,6941.88
2321,31,10,748.35,7483.5
2321,426,5,944.12,4720.6
2321,371,9,64.48,580.32
2322,474,5,579.94,2899.7000000000003
2322,47,1,255.04,255.04
2323,31,10,748.35,7483.5
2323,245,2,320.27,640.54
2323,407,8,33.67,269.36
2323,351,7,533.0,3731.0
2324,48,3,282.89,848.67
2325,462,1,796.9,796.9
2325,280,1,692.24,692.24
2325,51,2,248.26,496.52
2326,16,9,827.35,7446.150000000001
2326,81,5,606.89,3034.45
2326,25,3,493.94,1481.82
2326,32,2,54.84,109.68
2326,89,7,706.73,4947.110000000001
2327,15,1,759.78,759.78
2327,303,1,638.49,638.49
2327,245,2,320.27,640.54
2327,391,6,557.34,3344.04
2327,321,10,434.94,4349.4
2328,44,4,758.62,3034.48
2328,325,4,17.98,71.92
2328,398,4,954.54,3818.16
2328,73,10,807.72,8077.200000000001
2329,323,9,87.16,784.4399999999999
2329,224,6,354.85,2129.1000000000004
2329,139,4,237.47,949.88
2330,377,10,752.28,7522.799999999999
2330,291,6,135.62,813.72
2330,310,4,895.21,3580.84
2330,354,3,371.76,1115.28
2330,66,7,500.66,3504.6200000000003
2331,108,1,723.11,723.11
2331,378,3,735.61,2206.83
2331,35,2,294.22,588.44
2331,305,10,403.74,4037.4
2331,479,10,703.56,7035.599999999999
2332,370,2,124.83,249.66
2333,344,4,36.56,146.24
2333,470,8,974.24,7793.92
2334,189,4,327.46,1309.84
2334,295,5,636.08,3180.4
2335,132,5,761.99,3809.95
2335,363,7,92.76,649.32
2336,328,8,389.24,3113.92
2336,179,4,72.63,290.52
2336,422,4,298.76,1195.04
2336,434,2,837.57,1675.14
2337,215,8,20.44,163.52
2337,82,3,196.28,588.84
2337,470,7,974.24,6819.68
2337,456,10,617.97,6179.700000000001
2338,31,5,748.35,3741.75
2338,456,4,617.97,2471.88
2338,160,8,682.9,5463.2
2338,206,7,924.26,6469.82
2338,99,9,935.41,8418.69
2339,450,8,60.13,481.04
2340,405,8,735.14,5881.12
2340,276,10,753.83,7538.3
2340,257,4,931.39,3725.56
2340,180,6,426.89,2561.34
2341,75,10,561.71,5617.1
2342,60,3,820.2,2460.6000000000004
2342,7,7,127.04,889.2800000000001
2342,72,4,307.73,1230.92
2342,420,4,595.98,2383.92
2343,54,5,252.29,1261.45
2343,331,4,645.16,2580.64
2343,196,5,207.8,1039.0
2343,259,4,195.23,780.92
2344,51,1,248.26,248.26
2344,419,10,640.84,6408.400000000001
2344,148,4,568.32,2273.28
2344,139,2,237.47,474.94
2345,99,7,935.41,6547.87
2346,439,7,560.39,3922.73
2346,273,1,824.38,824.38
2346,246,8,398.62,3188.96
2347,273,7,824.38,5770.66
2347,43,2,136.07,272.14
2347,132,7,761.99,5333.93
2347,49,5,767.84,3839.2
2348,237,6,617.97,3707.82
2348,309,5,853.9,4269.5
2348,33,8,73.12,584.96
2349,155,10,771.32,7713.200000000001
2349,290,9,919.58,8276.220000000001
2350,167,1,450.29,450.29
2350,384,7,175.21,1226.47
2351,181,2,367.51,735.02
2351,398,3,954.54,2863.62
2352,178,1,308.12,308.12
2352,169,5,436.67,2183.35
2352,103,2,658.06,1316.12
2352,268,9,542.23,4880.07
2352,163,5,91.22,456.1
2353,387,3,743.37,2230.11
2353,188,7,974.48,6821.360000000001
2353,18,5,530.25,2651.25
2354,248,5,180.8,904.0
2354,360,3,769.44,2308.32
2354,477,9,808.15,7273.349999999999
2354,30,2,31.55,63.1
2355,175,1,727.6,727.6
2355,404,10,595.77,5957.7
2355,388,3,860.1,2580.3
2355,402,5,568.17,2840.85
2355,303,9,638.49,5746.41
2356,337,4,95.82,383.28
2356,184,1,144.13,144.13
2357,462,2,796.9,1593.8
2358,257,9,931.39,8382.51
2358,479,2,703.56,1407.12
2359,12,3,957.79,2873.37
2359,77,3,650.24,1950.72
2359,76,9,250.43,2253.87
2360,457,6,650.81,3904.86
2361,58,1,817.63,817.63
2361,357,9,269.56,2426.04
2361,457,9,650.81,5857.289999999999
2361,445,1,918.25,918.25
2361,150,7,390.01,2730.07
2362,16,8,827.35,6618.8
2363,437,10,305.85,3058.5
2363,261,6,952.32,5713.92
2364,489,4,707.65,2830.6
2364,171,8,98.72,789.76
2364,192,3,298.53,895.5899999999999
2364,395,2,575.82,1151.64
2365,114,1,77.29,77.29
2365,366,2,637.95,1275.9
2365,69,7,422.16,2955.1200000000003
2365,122,3,507.19,1521.57
2365,132,1,761.99,761.99
2366,463,8,365.52,2924.16
2366,478,7,914.84,6403.88
2366,97,9,566.9,5102.099999999999
2366,251,9,320.05,2880.4500000000003
2366,486,7,209.45,1466.15
2367,88,6,915.3,5491.799999999999
2367,70,10,382.7,3827.0
2367,473,10,65.35,653.5
2367,26,7,451.03,3157.21
2367,21,5,903.86,4519.3
2368,61,9,877.5,7897.5
2368,218,8,451.32,3610.56
2369,176,2,576.24,1152.48
2369,475,10,361.26,3612.6
2370,445,10,918.25,9182.5
2371,381,5,975.3,4876.5
2371,448,6,906.03,5436.18
2371,175,1,727.6,727.6
2371,180,6,426.89,2561.34
2372,62,4,228.83,915.32
2373,216,8,515.57,4124.56
2373,464,10,350.59,3505.9
2374,365,7,541.03,3787.21
2374,3,4,452.27,1809.08
2374,423,3,926.78,2780.34
2375,422,5,298.76,1493.8
2375,142,8,926.33,7410.64
2375,25,7,493.94,3457.58
2375,434,8,837.57,6700.56
2376,144,4,929.48,3717.92
2376,212,8,616.55,4932.4
2376,269,3,569.99,1709.97
2377,336,3,619.92,1859.76
2377,477,2,808.15,1616.3
2378,167,6,450.29,2701.74
2379,449,2,131.3,262.6
2379,324,10,524.25,5242.5
2379,179,5,72.63,363.15
2379,10,6,642.32,3853.92
2380,491,1,960.95,960.95
2380,77,8,650.24,5201.92
2380,233,2,337.68,675.36
2380,410,6,382.51,2295.06
2381,40,9,875.81,7882.289999999999
2381,217,3,584.71,1754.13
2381,205,1,586.42,586.42
2382,359,5,293.62,1468.1
2382,457,1,650.81,650.81
2382,384,1,175.21,175.21
2382,40,9,875.81,7882.289999999999
2382,381,4,975.3,3901.2
2383,12,1,957.79,957.79
2383,10,8,642.32,5138.56
2383,133,7,385.47,2698.29
2384,345,6,877.07,5262.42
2384,444,10,93.2,932.0
2384,113,6,146.12,876.72
2384,303,5,638.49,3192.45
2385,453,10,432.4,4324.0
2385,333,2,614.22,1228.44
2385,156,8,402.74,3221.92
2385,236,8,437.81,3502.48
2385,492,7,942.5,6597.5
2386,300,10,460.15,4601.5
2386,70,9,382.7,3444.3
2386,91,2,386.86,773.72
2386,476,3,184.34,553.02
2386,45,7,676.76,4737.32
2387,227,5,724.77,3623.85
2387,123,3,436.27,1308.81
2387,189,3,327.46,982.38
2387,350,4,504.59,2018.36
2388,56,5,756.84,3784.2
2388,320,7,312.45,2187.15
2388,500,4,593.06,2372.24
2388,185,1,338.9,338.9
2389,158,3,495.7,1487.1
2390,258,4,175.2,700.8
2390,365,7,541.03,3787.21
2390,128,3,379.32,1137.96
2390,131,7,657.2,4600.400000000001
2390,489,9,707.65,6368.849999999999
2391,27,1,140.62,140.62
2391,424,2,833.58,1667.16
2392,122,8,507.19,4057.52
2392,473,2,65.35,130.7
2392,180,4,426.89,1707.56
2393,477,2,808.15,1616.3
2393,52,2,598.0,1196.0
2393,209,8,597.88,4783.04
2393,95,6,764.01,4584.06
2394,276,8,753.83,6030.64
2394,275,5,111.39,556.95
2394,149,10,680.26,6802.6
2395,153,6,63.16,378.96
2395,455,9,451.55,4063.95
2395,157,3,39.33,117.99
2396,438,9,40.77,366.93
2396,313,5,446.87,2234.35
2396,111,10,840.68,8406.8
2396,45,4,676.76,2707.04
2396,430,4,457.4,1829.6
2397,394,5,326.74,1633.7
2397,58,6,817.63,4905.78
2397,280,9,692.24,6230.16
2397,330,5,145.76,728.8
2398,290,1,919.58,919.58
2398,487,10,719.77,7197.7
2398,486,5,209.45,1047.25
2398,205,5,586.42,2932.1
2399,374,4,21.24,84.96
2399,9,4,772.14,3088.56
2399,113,4,146.12,584.48
2399,239,8,707.69,5661.52
2399,129,3,569.35,1708.0500000000002
2400,159,9,941.73,8475.57
2400,442,6,139.41,836.46
2400,444,7,93.2,652.4
2400,435,7,100.3,702.1
2400,80,7,275.78,1930.46
2401,324,2,524.25,1048.5
2401,44,4,758.62,3034.48
2401,367,3,684.25,2052.75
2402,193,6,496.1,2976.6000000000004
2403,83,7,727.06,5089.42
2403,485,3,483.21,1449.63
2403,173,7,865.08,6055.56
2403,347,8,397.83,3182.64
2404,202,2,309.8,619.6
2404,396,5,676.59,3382.9500000000003
2404,230,4,651.49,2605.96
2405,459,10,96.84,968.4
2405,119,4,536.89,2147.56
2405,205,7,586.42,4104.94
2405,441,7,130.24,911.68
2406,311,10,55.48,554.8
2406,202,3,309.8,929.4
2407,470,6,974.24,5845.4400000000005
2407,129,10,569.35,5693.5
2407,151,7,792.59,5548.13
2407,272,2,825.05,1650.1
2407,171,2,98.72,197.44
2408,340,3,321.36,964.08
2409,303,2,638.49,1276.98
2409,113,3,146.12,438.36
2409,296,1,381.42,381.42
2409,240,1,754.8,754.8
2410,118,3,662.69,1988.07
2411,204,10,83.23,832.3000000000001
2411,371,2,64.48,128.96
2411,163,1,91.22,91.22
2412,304,2,851.61,1703.22
2412,486,1,209.45,209.45
2412,345,10,877.07,8770.7
2413,7,1,127.04,127.04
2413,264,4,687.85,2751.4
2413,23,3,855.94,2567.82
2413,136,7,648.46,4539.22
2413,307,8,329.64,2637.12
2414,70,5,382.7,1913.5
2414,408,10,639.58,6395.8
2414,267,9,299.17,2692.53
2414,465,2,328.39,656.78
2414,199,10,217.55,2175.5
2415,430,8,457.4,3659.2
2416,93,9,517.69,4659.210000000001
2416,457,2,650.81,1301.62
2417,242,5,195.09,975.45
2417,480,1,567.97,567.97
2418,56,8,756.84,6054.72
2418,385,8,775.6,6204.8
2419,49,5,767.84,3839.2
2419,440,7,103.78,726.46
2419,178,7,308.12,2156.84
2420,223,4,833.0,3332.0
2420,247,4,358.47,1433.88
2420,111,8,840.68,6725.44
2421,459,1,96.84,96.84
2421,447,2,449.0,898.0
2422,264,3,687.85,2063.55
2423,386,3,677.38,2032.14
2423,300,2,460.15,920.3
2424,95,10,764.01,7640.1
2424,282,4,619.99,2479.96
2424,145,8,961.85,7694.8
2425,215,9,20.44,183.96
2426,175,8,727.6,5820.8
2426,445,1,918.25,918.25
2427,217,4,584.71,2338.84
2427,253,6,149.94,899.64
2427,377,2,752.28,1504.56
2427,251,1,320.05,320.05
2428,11,3,373.87,1121.61
2428,57,8,148.73,1189.84
2428,20,8,121.09,968.72
2428,499,7,789.12,5523.84
2429,284,3,574.37,1723.11
2429,202,6,309.8,1858.8
2429,328,7,389.24,2724.6800000000003
2429,314,6,210.3,1261.8000000000002
2430,426,1,944.12,944.12
2430,160,3,682.9,2048.7
2431,31,8,748.35,5986.8
2432,263,3,510.38,1531.14
2433,37,8,964.14,7713.12
2433,165,5,742.26,3711.3
2433,414,4,714.54,2858.16
2433,99,3,935.41,2806.23
2433,427,7,117.88,825.16
2434,105,6,966.84,5801.04
2434,141,10,56.1,561.0
2434,348,6,785.96,4715.76
2435,381,8,975.3,7802.4
2436,287,3,577.01,1731.03
2436,91,6,386.86,2321.16
2437,355,5,765.1,3825.5
2437,41,9,861.68,7755.12
2437,459,7,96.84,677.88
2437,319,9,173.87,1564.83
2437,26,10,451.03,4510.299999999999
2438,380,7,528.62,3700.34
2438,288,1,985.63,985.63
2439,462,9,796.9,7172.099999999999
2439,371,5,64.48,322.40000000000003
2439,265,9,841.49,7573.41
2439,143,8,567.87,4542.96
2439,351,1,533.0,533.0
2440,170,7,517.32,3621.24
2441,223,8,833.0,6664.0
2442,466,10,35.8,358.0
2442,315,4,883.33,3533.32
2442,391,6,557.34,3344.04
2442,206,10,924.26,9242.6
2442,407,4,33.67,134.68
2443,465,1,328.39,328.39
2443,226,4,354.82,1419.28
2443,384,10,175.21,1752.1
2444,483,1,47.58,47.58
2444,150,9,390.01,3510.09
2444,97,4,566.9,2267.6
2445,449,4,131.3,525.2
2445,477,7,808.15,5657.05
2445,44,1,758.62,758.62
2445,147,7,929.59,6507.13
2446,319,9,173.87,1564.83
2446,241,9,581.57,5234.13
2446,145,7,961.85,6732.95
2447,347,10,397.83,3978.3
2447,357,1,269.56,269.56
2447,384,8,175.21,1401.68
2448,254,9,600.46,5404.14
2448,120,5,26.56,132.79999999999998
2448,257,2,931.39,1862.78
2448,411,4,314.44,1257.76
2448,389,7,55.52,388.64
2449,150,3,390.01,1170.03
2449,60,9,820.2,7381.8
2449,277,4,455.24,1820.96
2450,413,2,961.57,1923.14
2450,386,6,677.38,4064.28
2450,99,4,935.41,3741.64
2450,243,8,462.97,3703.76
2451,106,5,495.69,2478.45
2451,147,3,929.59,2788.77
2452,477,7,808.15,5657.05
2452,9,3,772.14,2316.42
2452,154,7,840.29,5882.03
2453,324,6,524.25,3145.5
2453,67,2,942.17,1884.34
2454,286,9,979.21,8812.89
2454,386,2,677.38,1354.76
2454,315,2,883.33,1766.66
2454,454,3,909.22,2727.66
2454,446,2,997.19,1994.38
2455,262,5,203.18,1015.9
2456,207,6,424.12,2544.7200000000003
2456,382,2,501.19,1002.38
2456,306,9,826.6,7439.400000000001
2456,343,9,611.52,5503.68
2457,180,8,426.89,3415.12
2458,315,2,883.33,1766.66
2458,60,6,820.2,4921.200000000001
2458,491,2,960.95,1921.9
2459,275,4,111.39,445.56
2459,436,9,402.28,3620.52
2459,146,5,754.73,3773.65
2459,109,1,917.73,917.73
2460,26,3,451.03,1353.09
2461,114,9,77.29,695.61
2461,423,9,926.78,8341.02
2462,410,1,382.51,382.51
2462,96,6,377.0,2262.0
2462,204,7,83.23,582.61
2463,179,7,72.63,508.41
2463,57,4,148.73,594.92
2463,429,3,129.53,388.59
2463,477,4,808.15,3232.6
2463,288,10,985.63,9856.3
2464,73,2,807.72,1615.44
2464,325,4,17.98,71.92
2464,34,8,986.28,7890.24
2464,381,9,975.3,8777.699999999999
2464,349,8,499.94,3999.52
2465,293,4,830.2,3320.8
2465,329,1,112.17,112.17
2465,368,1,701.69,701.69
2466,114,10,77.29,772.9000000000001
2467,398,6,954.54,5727.24
2467,234,7,239.54,1676.78
2467,186,1,806.04,806.04
2468,231,3,930.62,2791.86
2469,404,9,595.77,5361.93
2469,293,2,830.2,1660.4
2469,2,10,16.76,167.60000000000002
2469,306,3,826.6,2479.8
2469,96,8,377.0,3016.0
2470,431,6,853.96,5123.76
2470,433,2,699.91,1399.82
2470,84,10,484.6,4846.0
2470,118,1,662.69,662.69
2470,196,6,207.8,1246.8000000000002
2471,142,7,926.33,6484.31
2471,75,5,561.71,2808.55
2471,257,1,931.39,931.39
2471,296,2,381.42,762.84
2471,57,1,148.73,148.73
2472,31,5,748.35,3741.75
2472,252,7,125.78,880.46
2473,190,7,208.84,1461.88
2473,300,2,460.15,920.3
2473,464,9,350.59,3155.31
2474,370,5,124.83,624.15
2474,351,5,533.0,2665.0
2474,126,7,531.19,3718.33
2474,266,1,91.84,91.84
2475,77,3,650.24,1950.72
2475,336,2,619.92,1239.84
2475,272,3,825.05,2475.15
2476,102,2,835.03,1670.06
2476,313,6,446.87,2681.2200000000003
2476,422,2,298.76,597.52
2476,202,2,309.8,619.6
2476,106,5,495.69,2478.45
2477,70,3,382.7,1148.1
2478,59,2,325.71,651.42
2478,27,4,140.62,562.48
2478,255,1,428.81,428.81
2478,262,5,203.18,1015.9
2478,430,5,457.4,2287.0
2479,26,9,451.03,4059.27
2480,56,5,756.84,3784.2
2480,380,9,528.62,4757.58
2480,226,5,354.82,1774.1
2480,394,2,326.74,653.48
2480,71,7,478.78,3351.46
2481,115,2,226.53,453.06
2481,474,6,579.94,3479.6400000000003
2481,110,5,957.66,4788.3
2481,260,1,623.22,623.22
2482,419,10,640.84,6408.400000000001
2483,124,1,115.95,115.95
2483,142,8,926.33,7410.64
2483,455,6,451.55,2709.3
2483,370,7,124.83,873.81
2484,355,3,765.1,2295.3
2484,265,10,841.49,8414.9
2484,180,9,426.89,3842.01
2485,232,3,520.83,1562.4900000000002
2485,391,3,557.34,1672.02
2485,209,10,597.88,5978.8
2486,364,8,921.72,7373.76
2487,411,3,314.44,943.32
2487,215,9,20.44,183.96
2488,193,9,496.1,4464.900000000001
2489,492,8,942.5,7540.0
2489,264,9,687.85,6190.650000000001
2490,493,4,110.02,440.08
2490,385,10,775.6,7756.0
2490,429,7,129.53,906.71
2490,134,4,65.55,262.2
2491,204,3,83.23,249.69
2491,97,7,566.9,3968.3
2491,61,10,877.5,8775.0
2492,67,5,942.17,4710.849999999999
2492,424,4,833.58,3334.32
2492,86,10,219.69,2196.9
2493,431,5,853.96,4269.8
2493,410,10,382.51,3825.1
2493,398,8,954.54,7636.32
2493,472,1,818.12,818.12
2494,414,4,714.54,2858.16
2494,155,5,771.32,3856.6
2494,170,3,517.32,1551.96
2494,460,10,425.04,4250.400000000001
2494,457,3,650.81,1952.43
2495,479,4,703.56,2814.24
2496,428,4,455.07,1820.28
2497,478,2,914.84,1829.68
2498,345,4,877.07,3508.28
2498,78,5,848.66,4243.3
2499,401,4,17.89,71.56
2500,443,7,378.52,2649.64
2501,212,8,616.55,4932.4
2501,321,3,434.94,1304.82
2502,98,6,154.46,926.76
2503,197,9,684.9,6164.099999999999
2503,62,5,228.83,1144.15
2503,202,8,309.8,2478.4
2503,270,4,554.23,2216.92
2504,356,7,26.52,185.64
2504,451,6,438.82,2632.92
2505,61,8,877.5,7020.0
2505,31,8,748.35,5986.8
2506,276,5,753.83,3769.15
2507,279,3,217.78,653.34
2507,30,1,31.55,31.55
2507,83,1,727.06,727.06
2507,85,8,310.16,2481.28
2508,260,7,623.22,4362.54
2508,453,2,432.4,864.8
2509,131,5,657.2,3286.0
2509,209,3,597.88,1793.64
2509,231,7,930.62,6514.34
2510,79,2,727.34,1454.68
2510,436,10,402.28,4022.8
2510,232,8,520.83,4166.64
2510,308,6,551.84,3311.04
2510,456,5,617.97,3089.8500000000004
2511,286,4,979.21,3916.84
2511,499,5,789.12,3945.6
2511,32,8,54.84,438.72
2511,344,7,36.56,255.92
2512,371,4,64.48,257.92
2512,53,8,675.3,5402.4
2512,423,3,926.78,2780.34
2512,246,1,398.62,398.62
2513,25,7,493.94,3457.58
2513,273,4,824.38,3297.52
2513,462,9,796.9,7172.099999999999
2513,344,9,36.56,329.04
2514,377,5,752.28,3761.4
2515,134,2,65.55,131.1
2515,435,5,100.3,501.5
2515,269,9,569.99,5129.91
2516,466,1,35.8,35.8
2516,79,2,727.34,1454.68
2516,293,10,830.2,8302.0
2516,30,2,31.55,63.1
2517,406,4,159.06,636.24
2517,236,9,437.81,3940.29
2517,456,10,617.97,6179.700000000001
2518,308,8,551.84,4414.72
2518,15,9,759.78,6838.02
2519,345,6,877.07,5262.42
2520,127,10,274.65,2746.5
2520,459,6,96.84,581.04
2520,395,1,575.82,575.82
2520,393,8,328.58,2628.64
2521,5,5,21.32,106.6
2522,133,10,385.47,3854.7
2522,306,4,826.6,3306.4
2522,41,7,861.68,6031.759999999999
2523,400,10,334.03,3340.3
2523,242,6,195.09,1170.54
2523,432,2,809.52,1619.04
2523,411,7,314.44,2201.08
2523,362,8,542.28,4338.24
2524,6,6,695.84,4175.04
2524,100,1,423.4,423.4
2525,295,4,636.08,2544.32
2525,466,9,35.8,322.2
2525,163,6,91.22,547.3199999999999
2525,296,8,381.42,3051.36
2526,429,1,129.53,129.53
2526,82,2,196.28,392.56
2526,403,2,626.49,1252.98
2526,114,10,77.29,772.9000000000001
2526,93,3,517.69,1553.0700000000002
2527,318,4,91.6,366.4
2528,498,2,696.62,1393.24
2528,98,2,154.46,308.92
2528,349,9,499.94,4499.46
2528,113,8,146.12,1168.96
2528,210,3,118.28,354.84000000000003
2529,476,4,184.34,737.36
2529,206,6,924.26,5545.56
2530,252,1,125.78,125.78
2530,46,10,536.61,5366.1
2530,283,7,815.39,5707.73
2531,295,8,636.08,5088.64
2531,268,4,542.23,2168.92
2531,345,2,877.07,1754.14
2531,36,6,768.17,4609.02
2531,367,4,684.25,2737.0
2532,4,5,308.93,1544.65
2533,12,1,957.79,957.79
2533,370,8,124.83,998.64
2534,72,3,307.73,923.19
2534,87,1,126.14,126.14
2534,56,8,756.84,6054.72
2534,451,4,438.82,1755.28
2534,154,7,840.29,5882.03
2535,239,9,707.69,6369.210000000001
2536,14,5,421.69,2108.45
2536,238,1,596.28,596.28
2536,490,7,848.02,5936.139999999999
2536,13,6,460.43,2762.58
2536,102,6,835.03,5010.18
2537,499,1,789.12,789.12
2537,459,2,96.84,193.68
2538,2,5,16.76,83.80000000000001
2539,75,4,561.71,2246.84
2539,70,1,382.7,382.7
2540,307,4,329.64,1318.56
2540,51,3,248.26,744.78
2541,50,8,425.05,3400.4
2542,212,1,616.55,616.55
2542,3,2,452.27,904.54
2543,79,7,727.34,5091.38
2543,192,3,298.53,895.5899999999999
2543,209,2,597.88,1195.76
2544,451,1,438.82,438.82
2544,397,3,230.95,692.8499999999999
2544,116,6,69.85,419.1
2544,209,1,597.88,597.88
2545,455,2,451.55,903.1
2545,255,2,428.81,857.62
2545,346,3,610.86,1832.58
2545,75,4,561.71,2246.84
2546,380,2,528.62,1057.24
2546,411,7,314.44,2201.08
2546,227,4,724.77,2899.08
2546,311,3,55.48,166.44
2547,442,9,139.41,1254.69
2547,417,9,463.87,4174.83
2547,6,10,695.84,6958.400000000001
2547,12,10,957.79,9577.9
2547,224,6,354.85,2129.1000000000004
2548,256,9,542.01,4878.09
2548,194,10,332.63,3326.3
2548,110,4,957.66,3830.64
2548,31,8,748.35,5986.8
2548,160,7,682.9,4780.3
2549,221,5,487.94,2439.7
2549,12,6,957.79,5746.74
2549,276,5,753.83,3769.15
2549,392,10,743.26,7432.6
2550,500,4,593.06,2372.24
2551,266,9,91.84,826.5600000000001
2551,136,8,648.46,5187.68
2551,311,2,55.48,110.96
2551,19,10,368.17,3681.7
2552,222,1,921.34,921.34
2552,86,4,219.69,878.76
2553,126,9,531.19,4780.710000000001
2554,110,3,957.66,2872.98
2554,338,1,754.92,754.92
2554,36,9,768.17,6913.53
2554,275,3,111.39,334.17
2554,393,9,328.58,2957.22
2555,274,1,446.95,446.95
2555,114,9,77.29,695.61
2556,182,4,723.69,2894.76
2557,439,6,560.39,3362.34
2558,15,5,759.78,3798.9
2559,370,3,124.83,374.49
2559,198,3,953.47,2860.41
2559,495,1,949.21,949.21
2559,451,7,438.82,3071.74
2559,39,8,381.89,3055.12
2560,109,2,917.73,1835.46
2560,325,9,17.98,161.82
2561,38,2,454.05,908.1
2561,58,7,817.63,5723.41
2561,208,9,704.62,6341.58
2561,435,2,100.3,200.6
2562,317,5,102.41,512.05
2562,317,6,102.41,614.46
2563,214,1,966.06,966.06
2564,18,1,530.25,530.25
2565,118,10,662.69,6626.900000000001
2565,333,2,614.22,1228.44
2566,13,8,460.43,3683.44
2566,311,2,55.48,110.96
2567,118,1,662.69,662.69
2567,456,10,617.97,6179.700000000001
2567,204,1,83.23,83.23
2568,43,7,136.07,952.49
2568,352,2,934.59,1869.18
2568,382,9,501.19,4510.71
2569,446,5,997.19,4985.950000000001
2569,496,3,961.06,2883.18
2569,78,2,848.66,1697.32
2570,188,10,974.48,9744.8
2570,474,9,579.94,5219.460000000001
2570,421,8,665.82,5326.56
2570,249,5,802.61,4013.05
2570,413,8,961.57,7692.56
2571,362,3,542.28,1626.84
2571,267,5,299.17,1495.85
2572,122,6,507.19,3043.14
2573,398,9,954.54,8590.86
2574,305,1,403.74,403.74
2575,317,5,102.41,512.05
2576,234,6,239.54,1437.24
2576,4,2,308.93,617.86
2576,336,6,619.92,3719.52
2577,294,3,398.77,1196.31
2577,42,7,992.92,6950.44
2577,205,7,586.42,4104.94
2577,149,10,680.26,6802.6
2577,443,2,378.52,757.04
2578,28,5,568.27,2841.35
2578,142,9,926.33,8336.970000000001
2579,185,1,338.9,338.9
2579,168,6,111.21,667.26
2579,189,5,327.46,1637.3
2580,351,1,533.0,533.0
2580,225,9,786.43,7077.87
2580,460,1,425.04,425.04
2580,473,8,65.35,522.8
2581,136,4,648.46,2593.84
2581,136,7,648.46,4539.22
2582,81,8,606.89,4855.12
2582,43,10,136.07,1360.6999999999998
2582,311,6,55.48,332.88
2582,85,1,310.16,310.16
2582,453,10,432.4,4324.0
2583,255,3,428.81,1286.43
2583,3,2,452.27,904.54
2584,101,2,336.57,673.14
2585,171,2,98.72,197.44
2585,246,9,398.62,3587.58
2585,138,9,895.84,8062.56
2585,303,1,638.49,638.49
2585,264,5,687.85,3439.25
2586,338,3,754.92,2264.76
2586,414,9,714.54,6430.86
2586,20,8,121.09,968.72
2587,361,4,408.25,1633.0
2587,267,7,299.17,2094.19
2587,251,4,320.05,1280.2
2587,274,9,446.95,4022.55
2587,223,2,833.0,1666.0
2588,200,3,832.97,2498.91
2588,30,2,31.55,63.1
2589,441,10,130.24,1302.4
2589,186,5,806.04,4030.2
2589,260,3,623.22,1869.66
2589,165,9,742.26,6680.34
2590,480,7,567.97,3975.79
2590,290,5,919.58,4597.900000000001
2590,93,3,517.69,1553.0700000000002
2591,343,3,611.52,1834.56
2591,299,6,697.76,4186.56
2591,143,9,567.87,5110.83
2591,102,7,835.03,5845.21
2592,230,5,651.49,3257.45
2592,353,2,862.21,1724.42
2592,195,8,371.37,2970.96
2593,221,7,487.94,3415.58
2593,99,3,935.41,2806.23
2593,82,6,196.28,1177.68
2594,150,3,390.01,1170.03
2595,397,6,230.95,1385.6999999999998
2595,76,9,250.43,2253.87
2595,337,3,95.82,287.46
2596,232,2,520.83,1041.66
2597,82,7,196.28,1373.96
2597,289,5,144.23,721.15
2597,136,5,648.46,3242.3
2598,316,9,875.68,7881.12
2598,296,1,381.42,381.42
2598,223,4,833.0,3332.0
2598,407,2,33.67,67.34
2598,375,6,527.78,3166.68
2599,100,9,423.4,3810.6
2599,303,3,638.49,1915.47
2599,274,5,446.95,2234.75
2599,493,6,110.02,660.12
2599,17,3,683.54,2050.62
2600,181,6,367.51,2205.06
2601,486,5,209.45,1047.25
2602,337,4,95.82,383.28
2602,397,6,230.95,1385.6999999999998
2603,273,10,824.38,8243.8
2603,289,6,144.23,865.3799999999999
2603,148,2,568.32,1136.64
2604,28,3,568.27,1704.81
2604,373,2,22.54,45.08
2605,396,8,676.59,5412.72
2605,237,9,617.97,5561.7300000000005
2605,326,8,988.27,7906.16
2605,91,2,386.86,773.72
2605,361,9,408.25,3674.25
2606,382,4,501.19,2004.76
2606,230,10,651.49,6514.9
2607,387,8,743.37,5946.96
2607,350,4,504.59,2018.36
2608,247,4,358.47,1433.88
2608,66,1,500.66,500.66
2608,26,7,451.03,3157.21
2609,417,2,463.87,927.74
2610,295,6,636.08,3816.480000000001
2610,130,7,306.97,2148.79
2610,63,2,70.35,140.7
2610,297,8,796.65,6373.2
2611,312,9,26.12,235.08
2611,407,1,33.67,33.67
2611,265,1,841.49,841.49
2611,125,3,157.41,472.23
2611,239,4,707.69,2830.76
2612,416,2,418.93,837.86
2612,265,6,841.49,5048.9400000000005
2612,354,7,371.76,2602.32
2612,293,2,830.2,1660.4
2612,179,9,72.63,653.67
2613,66,1,500.66,500.66
2613,29,4,676.04,2704.16
2613,249,7,802.61,5618.27
2613,465,6,328.39,1970.34
2613,150,8,390.01,3120.08
2614,218,5,451.32,2256.6
2614,256,5,542.01,2710.05
2614,399,10,867.37,8673.7
2614,357,2,269.56,539.12
2615,462,4,796.9,3187.6
2615,314,7,210.3,1472.1
2615,63,6,70.35,422.1
2615,311,10,55.48,554.8
2615,241,6,581.57,3489.42
2616,289,5,144.23,721.15
2617,261,9,952.32,8570.880000000001
2618,75,2,561.71,1123.42
2618,337,9,95.82,862.3799999999999
2618,424,5,833.58,4167.900000000001
2619,65,9,629.73,5667.57
2619,43,8,136.07,1088.56
2619,398,6,954.54,5727.24
2619,336,1,619.92,619.92
2620,213,4,680.7,2722.8
2620,251,3,320.05,960.15
2620,328,3,389.24,1167.72
2620,348,4,785.96,3143.84
2621,438,3,40.77,122.31
2621,370,2,124.83,249.66
2621,259,4,195.23,780.92
2621,125,8,157.41,1259.28
2621,10,5,642.32,3211.6000000000004
2622,270,2,554.23,1108.46
2622,240,2,754.8,1509.6
2622,69,5,422.16,2110.8
2622,399,1,867.37,867.37
2623,88,3,915.3,2745.9
2623,251,9,320.05,2880.4500000000003
2623,428,9,455.07,4095.63
2624,185,6,338.9,2033.4
2625,483,4,47.58,190.32
2625,113,8,146.12,1168.96
2625,287,7,577.01,4039.07
2626,156,9,402.74,3624.66
2627,161,3,94.84,284.52
2628,264,4,687.85,2751.4
2629,271,6,123.06,738.36
2629,196,7,207.8,1454.6
2630,60,1,820.2,820.2
2631,312,2,26.12,52.24
2631,142,6,926.33,5557.9800000000005
2631,404,4,595.77,2383.08
2631,298,2,408.82,817.64
2632,132,6,761.99,4571.9400000000005
2632,135,6,179.67,1078.02
2632,20,1,121.09,121.09
2633,217,3,584.71,1754.13
2633,78,7,848.66,5940.62
2633,205,10,586.42,5864.2
2633,221,2,487.94,975.88
2633,23,8,855.94,6847.52
2634,63,9,70.35,633.15
2634,369,3,67.33,201.99
2634,317,10,102.41,1024.1
2634,112,4,58.03,232.12
2635,317,1,102.41,102.41
2635,374,2,21.24,42.48
2635,256,4,542.01,2168.04
2636,428,9,455.07,4095.63
2637,275,5,111.39,556.95
2637,416,4,418.93,1675.72
2637,217,8,584.71,4677.68
2638,82,3,196.28,588.84
2638,318,7,91.6,641.1999999999999
2638,137,1,977.56,977.56
2638,242,4,195.09,780.36
2638,439,4,560.39,2241.56
2639,43,2,136.07,272.14
2639,477,1,808.15,808.15
2639,196,2,207.8,415.6
2639,184,6,144.13,864.78
2639,457,8,650.81,5206.48
2640,304,10,851.61,8516.1
2641,271,10,123.06,1230.6
2641,382,10,501.19,5011.9
2641,438,2,40.77,81.54
2642,239,3,707.69,2123.07
2642,26,1,451.03,451.03
2642,371,8,64.48,515.84
2642,158,5,495.7,2478.5
2642,395,10,575.82,5758.200000000001
2643,398,10,954.54,9545.4
2643,150,10,390.01,3900.1
2643,166,7,115.49,808.43
2643,333,10,614.22,6142.200000000001
2643,78,10,848.66,8486.6
2644,348,9,785.96,7073.64
2644,335,10,750.79,7507.9
2644,434,10,837.57,8375.7
2645,415,2,922.06,1844.12
2645,275,9,111.39,1002.51
2645,231,5,930.62,4653.1
2645,143,3,567.87,1703.61
2646,406,7,159.06,1113.42
2646,367,10,684.25,6842.5
2646,258,4,175.2,700.8
2646,314,3,210.3,630.9000000000001
2646,495,6,949.21,5695.26
2647,62,1,228.83,228.83
2647,224,9,354.85,3193.65
2647,251,5,320.05,1600.25
2648,429,3,129.53,388.59
2648,295,4,636.08,2544.32
2649,262,5,203.18,1015.9
2649,492,3,942.5,2827.5
2650,110,9,957.66,8618.94
2650,298,1,408.82,408.82
2650,137,7,977.56,6842.92
2650,387,10,743.37,7433.7
2650,230,1,651.49,651.49
2651,347,7,397.83,2784.81
2651,290,2,919.58,1839.16
2652,144,8,929.48,7435.84
2653,184,5,144.13,720.65
2653,366,9,637.95,5741.55
2654,451,4,438.82,1755.28
2654,404,6,595.77,3574.62
2654,423,10,926.78,9267.8
2654,193,6,496.1,2976.6000000000004
2654,202,4,309.8,1239.2
2655,120,1,26.56,26.56
2655,54,5,252.29,1261.45
2655,194,1,332.63,332.63
2655,332,6,77.73,466.38
2655,307,7,329.64,2307.48
2656,324,10,524.25,5242.5
2656,410,10,382.51,3825.1
2657,470,9,974.24,8768.16
2658,19,6,368.17,2209.02
2658,89,9,706.73,6360.57
2658,162,3,800.07,2400.21
2658,141,7,56.1,392.7
2658,218,5,451.32,2256.6
2659,11,10,373.87,3738.7
2659,77,7,650.24,4551.68
2659,171,6,98.72,592.3199999999999
2659,143,7,567.87,3975.09
2660,102,1,835.03,835.03
2660,165,9,742.26,6680.34
2661,325,3,17.98,53.94
2662,164,10,714.56,7145.599999999999
2662,7,6,127.04,762.24
2662,72,2,307.73,615.46
2663,104,7,264.75,1853.25
2663,89,9,706.73,6360.57
2663,287,3,577.01,1731.03
2664,348,9,785.96,7073.64
2664,420,5,595.98,2979.9
2664,210,1,118.28,118.28
2665,387,4,743.37,2973.48
2665,9,1,772.14,772.14
2665,174,1,419.67,419.67
2665,63,9,70.35,633.15
2666,7,7,127.04,889.2800000000001
2666,230,2,651.49,1302.98
2666,268,1,542.23,542.23
2666,480,2,567.97,1135.94
2667,257,2,931.39,1862.78
2667,138,2,895.84,1791.68
2668,324,6,524.25,3145.5
2668,333,1,614.22,614.22
2668,443,1,378.52,378.52
2668,296,2,381.42,762.84
2668,151,7,792.59,5548.13
2669,274,5,446.95,2234.75
2669,320,2,312.45,624.9
2669,162,5,800.07,4000.35
2669,248,10,180.8,1808.0
2669,424,2,833.58,1667.16
2670,113,7,146.12,1022.84
2670,148,3,568.32,1704.96
2670,183,9,620.5,5584.5
2670,369,4,67.33,269.32
2671,130,3,306.97,920.91
2671,311,1,55.48,55.48
2671,285,6,600.89,3605.34
2671,305,4,403.74,1614.96
2672,432,1,809.52,809.52
2672,277,8,455.24,3641.92
2672,327,8,140.85,1126.8
2673,115,7,226.53,1585.71
2673,361,3,408.25,1224.75
2673,462,1,796.9,796.9
2674,286,7,979.21,6854.47
2674,109,3,917.73,2753.19
2674,176,10,576.24,5762.4
2674,124,3,115.95,347.85
2675,351,2,533.0,1066.0
2675,431,8,853.96,6831.68
2675,496,8,961.06,7688.48
2675,244,7,864.01,6048.07
2675,93,1,517.69,517.69
2676,251,2,320.05,640.1
2676,106,5,495.69,2478.45
2676,181,1,367.51,367.51
2676,20,7,121.09,847.63
2676,361,9,408.25,3674.25
2677,98,2,154.46,308.92
2677,101,4,336.57,1346.28
2677,85,4,310.16,1240.64
2678,396,2,676.59,1353.18
2678,144,3,929.48,2788.44
2679,20,4,121.09,484.36
2679,130,6,306.97,1841.82
2680,7,9,127.04,1143.36
2680,246,2,398.62,797.24
2680,131,8,657.2,5257.6
2680,452,1,501.17,501.17
2681,227,2,724.77,1449.54
2682,322,7,104.23,729.61
2683,410,4,382.51,1530.04
2683,32,9,54.84,493.56000000000006
2683,250,6,594.27,3565.62
2683,23,3,855.94,2567.82
2684,435,10,100.3,1003.0
2684,265,6,841.49,5048.9400000000005
2684,224,7,354.85,2483.9500000000003
2684,410,2,382.51,765.02
2684,392,4,743.26,2973.04
2685,323,9,87.16,784.4399999999999
2686,464,10,350.59,3505.9
2686,349,1,499.94,499.94
2686,320,3,312.45,937.35
2687,175,3,727.6,2182.8
2688,359,1,293.62,293.62
2688,455,2,451.55,903.1
2688,208,7,704.62,4932.34
2688,111,5,840.68,4203.4
2688,351,5,533.0,2665.0
2689,401,4,17.89,71.56
2689,128,5,379.32,1896.6
2689,430,2,457.4,914.8
2689,7,7,127.04,889.2800000000001
2690,321,3,434.94,1304.82
2691,275,9,111.39,1002.51
2691,139,3,237.47,712.41
2691,232,3,520.83,1562.4900000000002
2691,169,2,436.67,873.34
2692,131,8,657.2,5257.6
2693,455,2,451.55,903.1
2693,121,4,540.38,2161.52
2694,295,3,636.08,1908.24
2694,362,10,542.28,5422.799999999999
2694,268,9,542.23,4880.07
2694,140,6,888.68,5332.08
2695,311,8,55.48,443.84
2695,368,4,701.69,2806.76
2695,296,7,381.42,2669.94
2695,275,4,111.39,445.56
2695,288,9,985.63,8870.67
2696,285,3,600.89,1802.67
2696,158,9,495.7,4461.3
2696,174,6,419.67,2518.02
2696,464,7,350.59,2454.13
2696,420,1,595.98,595.98
2697,438,8,40.77,326.16
2697,265,1,841.49,841.49
2697,278,8,444.68,3557.44
2697,368,10,701.69,7016.900000000001
2697,236,9,437.81,3940.29
2698,458,2,883.95,1767.9
2698,475,8,361.26,2890.08
2698,63,8,70.35,562.8
2698,55,1,444.57,444.57
2699,80,7,275.78,1930.46
2699,486,9,209.45,1885.05
2700,383,1,64.88,64.88
2700,204,7,83.23,582.61
2700,203,9,162.6,1463.4
2701,181,3,367.51,1102.53
2701,373,4,22.54,90.16
2702,319,3,173.87,521.61
2702,138,2,895.84,1791.68
2702,91,7,386.86,2708.02
2703,344,1,36.56,36.56
2703,382,6,501.19,3007.14
2703,99,9,935.41,8418.69
2704,266,7,91.84,642.88
2704,268,10,542.23,5422.3
2704,40,3,875.81,2627.43
2705,155,2,771.32,1542.64
2705,450,10,60.13,601.3000000000001
2706,174,7,419.67,2937.69
2706,478,8,914.84,7318.72
2706,382,10,501.19,5011.9
2706,393,1,328.58,328.58
2706,404,9,595.77,5361.93
2707,389,4,55.52,222.08
2707,256,7,542.01,3794.07
2707,338,10,754.92,7549.2
2708,132,9,761.99,6857.91
2708,415,1,922.06,922.06
2708,377,3,752.28,2256.84
2709,310,1,895.21,895.21
2709,446,10,997.19,9971.9
2709,163,4,91.22,364.88
2710,115,10,226.53,2265.3
2710,31,5,748.35,3741.75
2710,261,9,952.32,8570.880000000001
2710,427,5,117.88,589.4
2711,447,10,449.0,4490.0
2711,224,6,354.85,2129.1000000000004
2711,319,10,173.87,1738.7
2712,132,2,761.99,1523.98
2713,159,9,941.73,8475.57
2713,493,9,110.02,990.18
2713,253,8,149.94,1199.52
2713,380,1,528.62,528.62
2714,483,2,47.58,95.16
2714,210,6,118.28,709.6800000000001
2714,335,3,750.79,2252.37
2714,405,4,735.14,2940.56
2715,115,7,226.53,1585.71
2715,113,8,146.12,1168.96
2715,330,4,145.76,583.04
2715,36,9,768.17,6913.53
2716,171,10,98.72,987.2
2717,76,2,250.43,500.86
2717,129,10,569.35,5693.5
2717,256,2,542.01,1084.02
2717,137,8,977.56,7820.48
2718,278,8,444.68,3557.44
2718,267,7,299.17,2094.19
2718,342,9,557.86,5020.74
2718,138,3,895.84,2687.52
2718,200,10,832.97,8329.7
2719,217,8,584.71,4677.68
2719,148,3,568.32,1704.96
2719,8,3,411.36,1234.08
2719,293,6,830.2,4981.200000000001
2719,336,9,619.92,5579.28
2720,113,1,146.12,146.12
2720,172,9,600.96,5408.64
2720,378,6,735.61,4413.66
2720,310,9,895.21,8056.89
2721,117,4,934.56,3738.24
2721,109,6,917.73,5506.38
2722,358,1,949.19,949.19
2722,318,6,91.6,549.5999999999999
2722,304,7,851.61,5961.27
2723,130,6,306.97,1841.82
2723,151,8,792.59,6340.72
2723,392,10,743.26,7432.6
2723,422,1,298.76,298.76
2723,448,1,906.03,906.03
2724,154,5,840.29,4201.45
2724,11,9,373.87,3364.83
2725,179,6,72.63,435.78
2725,14,5,421.69,2108.45
2725,51,5,248.26,1241.3
2726,126,8,531.19,4249.52
2726,100,10,423.4,4234.0
2726,346,7,610.86,4276.02
2726,55,4,444.57,1778.28
2727,431,5,853.96,4269.8
2727,184,3,144.13,432.39
2727,101,4,336.57,1346.28
2727,136,3,648.46,1945.38
2727,167,9,450.29,4052.61
2728,495,4,949.21,3796.84
2728,375,4,527.78,2111.12
2728,101,9,336.57,3029.13
2728,82,10,196.28,1962.8
2729,350,3,504.59,1513.77
2729,190,5,208.84,1044.2
2729,462,2,796.9,1593.8
2729,65,6,629.73,3778.38
2730,480,8,567.97,4543.76
2730,61,3,877.5,2632.5
2730,285,6,600.89,3605.34
2731,412,3,983.28,2949.84
2731,59,7,325.71,2279.97
2731,333,10,614.22,6142.200000000001
2731,294,4,398.77,1595.08
2731,391,4,557.34,2229.36
2732,362,6,542.28,3253.68
2732,164,2,714.56,1429.12
2732,332,4,77.73,310.92
2732,381,9,975.3,8777.699999999999
2732,291,2,135.62,271.24
2733,24,6,683.49,4100.9400000000005
2733,256,6,542.01,3252.06
2733,146,1,754.73,754.73
2733,171,8,98.72,789.76
2734,493,9,110.02,990.18
2734,71,6,478.78,2872.68
2734,122,1,507.19,507.19
2734,191,10,964.93,9649.3
2735,368,5,701.69,3508.4500000000003
2735,58,4,817.63,3270.52
2735,8,1,411.36,411.36
2736,480,2,567.97,1135.94
2736,23,9,855.94,7703.460000000001
2736,471,10,660.3,6603.0
2736,330,2,145.76,291.52
2736,162,2,800.07,1600.14
2737,231,3,930.62,2791.86
2737,489,1,707.65,707.65
2737,12,4,957.79,3831.16
2737,424,9,833.58,7502.22
2738,439,4,560.39,2241.56
2738,500,5,593.06,2965.3
2738,444,1,93.2,93.2
2738,343,2,611.52,1223.04
2738,413,6,961.57,5769.42
2739,261,2,952.32,1904.64
2739,385,6,775.6,4653.6
2739,159,5,941.73,4708.65
2740,202,6,309.8,1858.8
2740,330,4,145.76,583.04
2740,59,2,325.71,651.42
2741,69,6,422.16,2532.96
2741,214,10,966.06,9660.6
2742,22,9,541.29,4871.61
2742,226,2,354.82,709.64
2742,51,4,248.26,993.04
2742,292,7,257.18,1800.26
2743,166,1,115.49,115.49
2744,463,2,365.52,731.04
2744,458,5,883.95,4419.75
2745,479,3,703.56,2110.68
2745,278,8,444.68,3557.44
2745,57,7,148.73,1041.11
2746,448,10,906.03,9060.3
2747,167,1,450.29,450.29
2747,401,10,17.89,178.9
2747,9,3,772.14,2316.42
2747,318,8,91.6,732.8
2747,159,1,941.73,941.73
2748,490,4,848.02,3392.08
2748,452,9,501.17,4510.53
2749,243,7,462.97,3240.79
2749,424,3,833.58,2500.74
2749,341,3,284.2,852.5999999999999
2750,331,7,645.16,4516.12
2750,113,1,146.12,146.12
2750,277,6,455.24,2731.44
2750,268,10,542.23,5422.3
2751,390,9,921.02,8289.18
2751,189,8,327.46,2619.68
2751,202,5,309.8,1549.0
2751,348,5,785.96,3929.8
2752,318,6,91.6,549.5999999999999
2752,3,9,452.27,4070.43
2752,247,6,358.47,2150.82
2752,146,5,754.73,3773.65
2753,234,10,239.54,2395.4
2753,140,7,888.68,6220.759999999999
2753,423,6,926.78,5560.68
2754,237,5,617.97,3089.8500000000004
2754,388,3,860.1,2580.3
2754,368,9,701.69,6315.210000000001
2754,365,3,541.03,1623.09
2754,163,5,91.22,456.1
2755,272,7,825.05,5775.349999999999
2756,74,1,566.76,566.76
2756,11,1,373.87,373.87
2757,95,6,764.01,4584.06
2757,387,4,743.37,2973.48
2757,268,10,542.23,5422.3
2758,343,4,611.52,2446.08
2759,155,6,771.32,4627.92
2760,377,1,752.28,752.28
2760,303,6,638.49,3830.94
2761,133,9,385.47,3469.2300000000005
2762,211,9,668.05,6012.45
2762,96,3,377.0,1131.0
2762,97,2,566.9,1133.8
2762,346,5,610.86,3054.3
2763,19,9,368.17,3313.53
2763,413,10,961.57,9615.7
2763,462,7,796.9,5578.3
2763,428,7,455.07,3185.49
2763,265,10,841.49,8414.9
2764,478,3,914.84,2744.52
2764,289,8,144.23,1153.84
2764,401,4,17.89,71.56
2764,436,7,402.28,2815.96
2765,492,5,942.5,4712.5
2765,97,7,566.9,3968.3
2765,150,3,390.01,1170.03
2765,331,1,645.16,645.16
2766,256,3,542.01,1626.03
2766,393,6,328.58,1971.48
2766,129,5,569.35,2846.75
2766,402,4,568.17,2272.68
2766,249,2,802.61,1605.22
2767,387,9,743.37,6690.33
2767,384,2,175.21,350.42
2768,213,3,680.7,2042.1
2769,293,1,830.2,830.2
2769,281,5,614.16,3070.8
2770,411,7,314.44,2201.08
2771,383,4,64.88,259.52
2771,499,7,789.12,5523.84
2771,363,5,92.76,463.8
2771,282,8,619.99,4959.92
2771,247,3,358.47,1075.41
2772,406,8,159.06,1272.48
2772,288,6,985.63,5913.78
2772,238,1,596.28,596.28
2772,469,9,363.86,3274.74
2772,435,3,100.3,300.9
2773,196,2,207.8,415.6
2773,4,8,308.93,2471.44
2773,343,3,611.52,1834.56
2773,117,3,934.56,2803.68
2773,18,6,530.25,3181.5
2774,345,5,877.07,4385.35
2774,387,6,743.37,4460.22
2774,69,9,422.16,3799.44
2775,440,3,103.78,311.34000000000003
2775,47,7,255.04,1785.28
2775,314,3,210.3,630.9000000000001
2775,466,10,35.8,358.0
2776,253,10,149.94,1499.4
2776,68,2,787.95,1575.9
2777,213,7,680.7,4764.900000000001
2777,137,9,977.56,8798.039999999999
2777,110,4,957.66,3830.64
2777,386,2,677.38,1354.76
2778,88,3,915.3,2745.9
2778,5,8,21.32,170.56
2778,4,2,308.93,617.86
2778,425,8,458.23,3665.84
2778,419,3,640.84,1922.52
2779,2,4,16.76,67.04
2779,209,8,597.88,4783.04
2780,174,3,419.67,1259.01
2780,27,1,140.62,140.62
2780,356,6,26.52,159.12
2780,444,3,93.2,279.6
2780,95,3,764.01,2292.03
2781,108,10,723.11,7231.1
2781,425,4,458.23,1832.92
2781,255,7,428.81,3001.67
2781,430,3,457.4,1372.1999999999998
2781,311,2,55.48,110.96
2782,24,2,683.49,1366.98
2782,308,5,551.84,2759.2000000000003
2782,108,4,723.11,2892.44
2782,398,9,954.54,8590.86
2782,263,9,510.38,4593.42
2783,325,6,17.98,107.88
2783,368,6,701.69,4210.14
2784,342,9,557.86,5020.74
2784,207,4,424.12,1696.48
2784,36,6,768.17,4609.02
2784,64,9,880.92,7928.28
2784,91,5,386.86,1934.3
2785,279,8,217.78,1742.24
2786,276,4,753.83,3015.32
2786,207,3,424.12,1272.36
2786,471,7,660.3,4622.099999999999
2786,401,5,17.89,89.45
2787,259,6,195.23,1171.38
2787,1,5,482.68,2413.4
2787,38,5,454.05,2270.25
2787,398,10,954.54,9545.4
2787,289,8,144.23,1153.84
2788,340,3,321.36,964.08
2789,205,8,586.42,4691.36
2789,461,1,256.66,256.66
2789,208,3,704.62,2113.86
2789,12,10,957.79,9577.9
2789,168,3,111.21,333.63
2790,185,1,338.9,338.9
2790,236,6,437.81,2626.86
2791,379,8,341.66,2733.28
2791,147,9,929.59,8366.31
2791,103,8,658.06,5264.48
2791,5,2,21.32,42.64
2791,413,4,961.57,3846.28
2792,217,3,584.71,1754.13
2792,411,10,314.44,3144.4
2792,173,9,865.08,7785.72
2793,332,3,77.73,233.19
2793,133,1,385.47,385.47
2794,124,6,115.95,695.7
2794,166,7,115.49,808.43
2795,451,3,438.82,1316.46
2795,173,1,865.08,865.08
2796,377,8,752.28,6018.24
2796,287,10,577.01,5770.1
2796,344,8,36.56,292.48
2796,452,9,501.17,4510.53
2796,369,9,67.33,605.97
2797,355,6,765.1,4590.6
2797,274,4,446.95,1787.8
2797,172,6,600.96,3605.76
2797,410,9,382.51,3442.59
2798,162,9,800.07,7200.63
2798,209,7,597.88,4185.16
2799,123,1,436.27,436.27
2799,347,5,397.83,1989.15
2800,392,2,743.26,1486.52
2800,12,10,957.79,9577.9
2800,65,10,629.73,6297.3
2800,251,6,320.05,1920.3
2801,486,6,209.45,1256.6999999999998
2802,373,2,22.54,45.08
2802,286,1,979.21,979.21
2802,390,3,921.02,2763.06
2802,271,10,123.06,1230.6
2802,133,3,385.47,1156.41
2803,218,1,451.32,451.32
2803,86,2,219.69,439.38
2803,62,5,228.83,1144.15
2804,423,9,926.78,8341.02
2804,164,4,714.56,2858.24
2804,221,1,487.94,487.94
2805,323,10,87.16,871.5999999999999
2806,450,4,60.13,240.52
2807,7,2,127.04,254.08
2807,56,10,756.84,7568.400000000001
2807,123,2,436.27,872.54
2807,272,3,825.05,2475.15
2808,176,3,576.24,1728.72
2808,357,2,269.56,539.12
2809,98,8,154.46,1235.68
2810,378,1,735.61,735.61
2810,187,2,341.39,682.78
2811,160,2,682.9,1365.8
2812,350,2,504.59,1009.18
2812,77,3,650.24,1950.72
2812,122,3,507.19,1521.57
2812,499,1,789.12,789.12
2813,228,8,76.5,612.0
2814,220,9,505.46,4549.139999999999
2814,102,8,835.03,6680.24
2814,416,4,418.93,1675.72
2815,321,1,434.94,434.94
2815,179,5,72.63,363.15
2816,295,7,636.08,4452.56
2816,472,6,818.12,4908.72
2816,137,4,977.56,3910.24
2816,436,9,402.28,3620.52
2817,399,8,867.37,6938.96
2817,360,5,769.44,3847.2
2818,307,5,329.64,1648.1999999999998
2818,291,3,135.62,406.86
2819,73,1,807.72,807.72
2819,79,9,727.34,6546.06
2819,37,7,964.14,6748.98
2820,365,6,541.03,3246.18
2820,182,1,723.69,723.69
2821,393,3,328.58,985.74
2821,411,3,314.44,943.32
2821,322,10,104.23,1042.3
2822,67,1,942.17,942.17
2822,181,10,367.51,3675.1
2823,75,6,561.71,3370.26
2823,345,7,877.07,6139.490000000001
2823,64,2,880.92,1761.84
2824,159,10,941.73,9417.3
2824,260,10,623.22,6232.200000000001
2825,432,8,809.52,6476.16
2825,266,1,91.84,91.84
2825,210,2,118.28,236.56
2825,268,4,542.23,2168.92
2825,115,8,226.53,1812.24
2826,257,4,931.39,3725.56
2826,153,7,63.16,442.12
2826,444,6,93.2,559.2
2827,99,6,935.41,5612.46
2827,149,7,680.26,4761.82
2827,307,5,329.64,1648.1999999999998
2827,192,3,298.53,895.5899999999999
2827,366,4,637.95,2551.8
2828,55,3,444.57,1333.71
2829,270,1,554.23,554.23
2829,398,7,954.54,6681.78
2829,381,2,975.3,1950.6
2829,246,6,398.62,2391.7200000000003
2830,331,4,645.16,2580.64
2830,265,9,841.49,7573.41
2830,248,8,180.8,1446.4
2830,362,5,542.28,2711.4
2831,175,10,727.6,7276.0
2831,123,1,436.27,436.27
2831,302,8,102.21,817.68
2831,253,2,149.94,299.88
2831,331,7,645.16,4516.12
2832,408,7,639.58,4477.06
2833,472,5,818.12,4090.6
2833,408,9,639.58,5756.22
2834,182,6,723.69,4342.14
2834,17,5,683.54,3417.7
2834,412,3,983.28,2949.84
2835,418,4,584.96,2339.84
2836,433,1,699.91,699.91
2836,367,4,684.25,2737.0
2836,343,1,611.52,611.52
2837,261,6,952.32,5713.92
2837,119,7,536.89,3758.23
2837,354,8,371.76,2974.08
2837,280,10,692.24,6922.4
2837,71,8,478.78,3830.24
2838,48,10,282.89,2828.9
2838,375,2,527.78,1055.56
2838,393,6,328.58,1971.48
2839,414,6,714.54,4287.24
2839,270,5,554.23,2771.15
2839,30,7,31.55,220.85
2840,403,8,626.49,5011.92
2840,127,2,274.65,549.3
2840,99,3,935.41,2806.23
2841,430,1,457.4,457.4
2841,411,2,314.44,628.88
2841,483,1,47.58,47.58
2841,369,9,67.33,605.97
2842,49,2,767.84,1535.68
2842,78,1,848.66,848.66
2842,447,4,449.0,1796.0
2842,406,1,159.06,159.06
2842,241,7,581.57,4070.99
2843,52,8,598.0,4784.0
2844,406,8,159.06,1272.48
2845,452,1,501.17,501.17
2845,89,9,706.73,6360.57
2845,212,1,616.55,616.55
2845,42,9,992.92,8936.279999999999
2845,481,2,838.33,1676.66
2846,297,2,796.65,1593.3
2846,373,3,22.54,67.62
2846,332,10,77.73,777.3000000000001
2846,429,1,129.53,129.53
2847,236,8,437.81,3502.48
2848,52,1,598.0,598.0
2848,312,7,26.12,182.84
2848,238,8,596.28,4770.24
2848,265,2,841.49,1682.98
2848,8,4,411.36,1645.44
2849,283,6,815.39,4892.34
2849,274,2,446.95,893.9
2850,22,9,541.29,4871.61
2850,436,5,402.28,2011.4
2850,148,8,568.32,4546.56
2851,55,3,444.57,1333.71
2851,169,2,436.67,873.34
2851,457,4,650.81,2603.24
2851,215,1,20.44,20.44
2852,56,3,756.84,2270.52
2852,3,6,452.27,2713.62
2852,112,9,58.03,522.27
2852,28,9,568.27,5114.43
2853,479,7,703.56,4924.92
2853,80,7,275.78,1930.46
2853,411,10,314.44,3144.4
2853,392,5,743.26,3716.3
2854,137,2,977.56,1955.12
2854,229,9,123.93,1115.37
2855,494,4,145.09,580.36
2855,203,10,162.6,1626.0
2856,177,5,386.92,1934.6
2856,101,7,336.57,2355.99
2856,499,7,789.12,5523.84
2856,267,7,299.17,2094.19
2857,233,10,337.68,3376.8
2857,79,2,727.34,1454.68
2857,304,9,851.61,7664.49
2858,64,1,880.92,880.92
2858,484,1,605.65,605.65
2858,32,1,54.84,54.84
2858,357,5,269.56,1347.8
2859,274,2,446.95,893.9
2859,72,5,307.73,1538.65
2859,140,6,888.68,5332.08
2859,178,10,308.12,3081.2
2860,326,1,988.27,988.27
2861,49,8,767.84,6142.72
2861,415,2,922.06,1844.12
2861,306,5,826.6,4133.0
2861,470,1,974.24,974.24
2862,416,10,418.93,4189.3
2862,453,4,432.4,1729.6
2862,296,9,381.42,3432.78
2863,167,5,450.29,2251.4500000000003
2863,231,10,930.62,9306.2
2863,71,1,478.78,478.78
2863,36,6,768.17,4609.02
2863,220,4,505.46,2021.84
2864,262,6,203.18,1219.08
2865,219,10,774.62,7746.2
2865,390,10,921.02,9210.2
2865,68,9,787.95,7091.55
2866,278,10,444.68,4446.8
2866,170,8,517.32,4138.56
2866,374,7,21.24,148.67999999999998
2867,7,4,127.04,508.16
2867,249,2,802.61,1605.22
2867,230,4,651.49,2605.96
2867,220,8,505.46,4043.68
2868,214,7,966.06,6762.42
2869,184,5,144.13,720.65
2869,499,2,789.12,1578.24
2869,468,7,68.01,476.0700000000001
2869,465,7,328.39,2298.73
2869,208,2,704.62,1409.24
2870,289,5,144.23,721.15
2870,293,1,830.2,830.2
2870,119,8,536.89,4295.12
2870,443,8,378.52,3028.16
2871,472,4,818.12,3272.48
2871,369,3,67.33,201.99
2872,381,4,975.3,3901.2
2872,93,9,517.69,4659.210000000001
2873,246,5,398.62,1993.1
2873,181,10,367.51,3675.1
2873,462,10,796.9,7969.0
2873,410,2,382.51,765.02
2873,404,10,595.77,5957.7
2874,22,5,541.29,2706.45
2875,419,1,640.84,640.84
2875,438,4,40.77,163.08
2876,253,8,149.94,1199.52
2876,271,9,123.06,1107.54
2876,386,3,677.38,2032.14
2876,198,2,953.47,1906.94
2876,490,2,848.02,1696.04
2877,46,1,536.61,536.61
2877,146,5,754.73,3773.65
2878,302,4,102.21,408.84
2879,124,10,115.95,1159.5
2879,102,9,835.03,7515.269999999999
2879,177,10,386.92,3869.2
2879,379,9,341.66,3074.94
2879,403,10,626.49,6264.9
2880,89,2,706.73,1413.46
2881,365,9,541.03,4869.27
2881,209,10,597.88,5978.8
2881,251,5,320.05,1600.25
2881,71,9,478.78,4309.02
2881,237,1,617.97,617.97
2882,480,5,567.97,2839.8500000000004
2882,196,5,207.8,1039.0
2882,291,9,135.62,1220.58
2882,100,3,423.4,1270.1999999999998
2883,150,6,390.01,2340.06
2883,46,9,536.61,4829.49
2883,246,9,398.62,3587.58
2883,74,4,566.76,2267.04
2884,125,6,157.41,944.46
2884,24,8,683.49,5467.92
2884,208,1,704.62,704.62
2884,126,9,531.19,4780.710000000001
2884,383,3,64.88,194.64
2885,119,9,536.89,4832.01
2885,473,1,65.35,65.35
2885,30,7,31.55,220.85
2886,234,2,239.54,479.08
2886,55,3,444.57,1333.71
2886,76,4,250.43,1001.72
2886,164,7,714.56,5001.92
2887,392,10,743.26,7432.6
2887,367,7,684.25,4789.75
2887,457,2,650.81,1301.62
2888,133,3,385.47,1156.41
2889,345,5,877.07,4385.35
2889,86,3,219.69,659.0699999999999
2889,297,10,796.65,7966.5
2889,306,7,826.6,5786.2
2889,107,9,797.03,7173.27
2890,24,7,683.49,4784.43
2890,325,10,17.98,179.8
2890,442,8,139.41,1115.28
2890,60,1,820.2,820.2
2891,254,6,600.46,3602.76
2891,38,4,454.05,1816.2
2891,119,2,536.89,1073.78
2891,38,5,454.05,2270.25
2891,393,2,328.58,657.16
2892,266,6,91.84,551.04
2893,157,9,39.33,353.97
2893,445,4,918.25,3673.0
2893,261,3,952.32,2856.96
2893,283,8,815.39,6523.12
2894,154,9,840.29,7562.61
2894,485,4,483.21,1932.84
2894,228,6,76.5,459.0
2894,25,7,493.94,3457.58
2894,339,6,390.19,2341.14
2895,347,7,397.83,2784.81
2895,221,3,487.94,1463.82
2895,338,5,754.92,3774.6
2895,254,1,600.46,600.46
2895,327,10,140.85,1408.5
2896,204,10,83.23,832.3000000000001
2896,328,7,389.24,2724.6800000000003
2896,370,7,124.83,873.81
2897,218,10,451.32,4513.2
2897,118,7,662.69,4638.83
2897,136,1,648.46,648.46
2898,85,5,310.16,1550.8000000000002
2898,318,3,91.6,274.79999999999995
2898,164,2,714.56,1429.12
2898,229,8,123.93,991.44
2898,333,1,614.22,614.22
2899,17,2,683.54,1367.08
2899,310,7,895.21,6266.47
2899,368,3,701.69,2105.07
2900,304,4,851.61,3406.44
2900,50,7,425.05,2975.35
2900,439,5,560.39,2801.95
2900,469,9,363.86,3274.74
2900,394,9,326.74,2940.66
2901,439,10,560.39,5603.9
2901,498,4,696.62,2786.48
2901,315,5,883.33,4416.650000000001
2901,244,9,864.01,7776.09
2901,466,7,35.8,250.6
2902,169,4,436.67,1746.68
2902,471,10,660.3,6603.0
2902,299,1,697.76,697.76
2902,45,7,676.76,4737.32
2902,37,3,964.14,2892.42
2903,391,3,557.34,1672.02
2903,158,9,495.7,4461.3
2903,207,8,424.12,3392.96
2903,141,10,56.1,561.0
2904,237,1,617.97,617.97
2904,224,10,354.85,3548.5
2904,458,2,883.95,1767.9
2904,431,2,853.96,1707.92
2905,448,2,906.03,1812.06
2905,146,10,754.73,7547.3
2906,216,3,515.57,1546.71
2906,427,4,117.88,471.52
2906,150,7,390.01,2730.07
2906,140,2,888.68,1777.36
2906,109,4,917.73,3670.92
2907,241,1,581.57,581.57
2907,160,6,682.9,4097.4
2907,418,3,584.96,1754.88
2907,419,4,640.84,2563.36
2908,120,9,26.56,239.04
2908,290,9,919.58,8276.220000000001
2908,96,2,377.0,754.0
2909,462,3,796.9,2390.7
2910,464,8,350.59,2804.72
2910,157,3,39.33,117.99
2910,387,5,743.37,3716.85
2911,59,7,325.71,2279.97
2912,14,4,421.69,1686.76
2913,318,1,91.6,91.6
2913,455,10,451.55,4515.5
2913,170,7,517.32,3621.24
2914,181,8,367.51,2940.08
2914,435,2,100.3,200.6
2914,131,9,657.2,5914.8
2914,140,3,888.68,2666.04
2915,17,9,683.54,6151.86
2915,392,10,743.26,7432.6
2915,249,9,802.61,7223.49
2915,327,1,140.85,140.85
2915,434,9,837.57,7538.13
2916,180,7,426.89,2988.23
2917,307,2,329.64,659.28
2917,365,5,541.03,2705.15
2918,357,7,269.56,1886.92
2918,223,9,833.0,7497.0
2918,131,2,657.2,1314.4
2919,221,3,487.94,1463.82
2919,337,7,95.82,670.74
2919,371,7,64.48,451.36
2919,49,5,767.84,3839.2
2919,396,9,676.59,6089.31
2920,463,10,365.52,3655.2
2920,316,4,875.68,3502.72
2920,107,10,797.03,7970.299999999999
2920,141,7,56.1,392.7
2920,435,10,100.3,1003.0
2921,198,9,953.47,8581.23
2921,498,7,696.62,4876.34
2921,90,10,556.56,5565.599999999999
2922,144,6,929.48,5576.88
2923,27,6,140.62,843.72
2923,221,1,487.94,487.94
2923,406,2,159.06,318.12
2924,321,10,434.94,4349.4
2924,360,3,769.44,2308.32
2925,445,6,918.25,5509.5
2925,136,4,648.46,2593.84
2925,429,7,129.53,906.71
2925,212,1,616.55,616.55
2926,219,8,774.62,6196.96
2927,135,4,179.67,718.68
2928,233,7,337.68,2363.76
2928,227,4,724.77,2899.08
2928,352,7,934.59,6542.13
2928,173,6,865.08,5190.4800000000005
2928,483,4,47.58,190.32
2929,149,2,680.26,1360.52
2929,344,9,36.56,329.04
2930,4,6,308.93,1853.58
2930,1,10,482.68,4826.8
2930,103,1,658.06,658.06
2931,300,1,460.15,460.15
2932,18,5,530.25,2651.25
2932,99,3,935.41,2806.23
2932,47,5,255.04,1275.2
2932,428,9,455.07,4095.63
2932,490,10,848.02,8480.2
2933,359,5,293.62,1468.1
2934,383,9,64.88,583.92
2934,201,10,676.25,6762.5
2934,292,7,257.18,1800.26
2935,353,1,862.21,862.21
2935,165,6,742.26,4453.56
2935,334,7,357.68,2503.76
2935,11,5,373.87,1869.35
2936,479,6,703.56,4221.36
2936,265,7,841.49,5890.43
2936,124,6,115.95,695.7
2937,377,9,752.28,6770.52
2937,148,1,568.32,568.32
2937,252,10,125.78,1257.8
2938,152,4,87.64,350.56
2938,216,4,515.57,2062.28
2938,209,9,597.88,5380.92
2939,330,3,145.76,437.28
2939,409,4,951.48,3805.92
2939,397,6,230.95,1385.6999999999998
2939,430,5,457.4,2287.0
2940,270,3,554.23,1662.69
2940,281,7,614.16,4299.12
2941,142,1,926.33,926.33
2941,391,2,557.34,1114.68
2941,409,7,951.48,6660.360000000001
2942,421,10,665.82,6658.200000000001
2942,368,6,701.69,4210.14
2942,65,4,629.73,2518.92
2942,345,1,877.07,877.07
2942,168,1,111.21,111.21
2943,417,3,463.87,1391.61
2943,257,3,931.39,2794.17
2943,428,2,455.07,910.14
2943,372,3,661.47,1984.41
2944,50,8,425.05,3400.4
2944,264,7,687.85,4814.95
2945,431,5,853.96,4269.8
2945,288,7,985.63,6899.41
2945,205,3,586.42,1759.2599999999998
2945,372,6,661.47,3968.82
2946,20,1,121.09,121.09
2946,487,2,719.77,1439.54
2946,241,2,581.57,1163.14
2946,102,3,835.03,2505.09
2947,39,2,381.89,763.78
2948,14,9,421.69,3795.21
2948,436,9,402.28,3620.52
2948,178,7,308.12,2156.84
2949,221,1,487.94,487.94
2949,161,2,94.84,189.68
2949,330,8,145.76,1166.08
2949,429,10,129.53,1295.3
2949,312,9,26.12,235.08
2950,194,9,332.63,2993.67
2950,99,3,935.41,2806.23
2950,197,4,684.9,2739.6
2950,497,2,182.46,364.92
2951,58,6,817.63,4905.78
2951,290,8,919.58,7356.64
2951,212,1,616.55,616.55
2951,155,5,771.32,3856.6
2951,430,8,457.4,3659.2
2952,483,5,47.58,237.9
2952,325,3,17.98,53.94
2952,392,7,743.26,5202.82
2952,353,2,862.21,1724.42
2953,364,3,921.72,2765.16
2954,406,5,159.06,795.3
2954,269,4,569.99,2279.96
2954,486,8,209.45,1675.6
2954,37,6,964.14,5784.84
2954,158,4,495.7,1982.8
2955,282,7,619.99,4339.93
2955,14,9,421.69,3795.21
2955,491,1,960.95,960.95
2955,250,8,594.27,4754.16
2955,86,9,219.69,1977.21
2956,428,6,455.07,2730.42
2956,97,5,566.9,2834.5
2957,322,3,104.23,312.69
2957,287,2,577.01,1154.02
2957,27,9,140.62,1265.58
2958,135,6,179.67,1078.02
2958,281,5,614.16,3070.8
2958,232,6,520.83,3124.9800000000005
2958,271,5,123.06,615.3
2958,440,1,103.78,103.78
2959,152,5,87.64,438.2
2959,229,5,123.93,619.6500000000001
2959,30,6,31.55,189.3
2959,327,5,140.85,704.25
2960,330,3,145.76,437.28
2960,230,4,651.49,2605.96
2960,454,2,909.22,1818.44
2961,113,3,146.12,438.36
2961,196,8,207.8,1662.4
2962,375,8,527.78,4222.24
2962,412,10,983.28,9832.8
2962,261,2,952.32,1904.64
2962,246,8,398.62,3188.96
2962,323,8,87.16,697.28
2963,228,5,76.5,382.5
2963,222,3,921.34,2764.02
2964,214,4,966.06,3864.24
2965,153,3,63.16,189.48
2965,427,2,117.88,235.76
2965,37,8,964.14,7713.12
2965,416,6,418.93,2513.58
2966,4,1,308.93,308.93
2966,172,2,600.96,1201.92
2966,72,10,307.73,3077.3
2966,270,7,554.23,3879.61
2966,351,4,533.0,2132.0
2967,224,4,354.85,1419.4
2967,170,1,517.32,517.32
2967,379,7,341.66,2391.6200000000003
2968,350,9,504.59,4541.31
2968,16,9,827.35,7446.150000000001
2968,462,3,796.9,2390.7
2969,358,6,949.19,5695.14
2969,56,4,756.84,3027.36
2970,186,2,806.04,1612.08
2971,210,8,118.28,946.24
2971,40,8,875.81,7006.48
2971,262,9,203.18,1828.62
2971,421,5,665.82,3329.1000000000004
2972,267,6,299.17,1795.02
2972,218,3,451.32,1353.96
2972,251,5,320.05,1600.25
2972,154,5,840.29,4201.45
2973,492,5,942.5,4712.5
2973,174,5,419.67,2098.35
2973,372,7,661.47,4630.29
2974,160,9,682.9,6146.099999999999
2974,304,6,851.61,5109.66
2975,206,10,924.26,9242.6
2975,381,10,975.3,9753.0
2975,452,4,501.17,2004.68
2975,345,8,877.07,7016.56
2976,227,1,724.77,724.77
2977,210,4,118.28,473.12
2977,236,10,437.81,4378.1
2977,483,2,47.58,95.16
2978,178,9,308.12,2773.08
2978,114,9,77.29,695.61
2978,218,5,451.32,2256.6
2978,178,9,308.12,2773.08
2979,499,10,789.12,7891.2
2979,359,7,293.62,2055.34
2979,145,10,961.85,9618.5
2979,394,9,326.74,2940.66
2979,233,9,337.68,3039.12
2980,227,1,724.77,724.77
2980,111,5,840.68,4203.4
2980,326,6,988.27,5929.62
2980,401,8,17.89,143.12
2980,303,10,638.49,6384.9
2981,53,2,675.3,1350.6
2981,445,5,918.25,4591.25
2981,490,8,848.02,6784.16
2981,365,3,541.03,1623.09
2982,326,1,988.27,988.27
2982,443,2,378.52,757.04
2983,202,5,309.8,1549.0
2983,24,3,683.49,2050.4700000000003
2983,488,5,68.96,344.79999999999995
2983,477,3,808.15,2424.45
2984,435,10,100.3,1003.0
2984,422,8,298.76,2390.08
2985,367,4,684.25,2737.0
2985,453,10,432.4,4324.0
2986,60,9,820.2,7381.8
2987,147,3,929.59,2788.77
2987,451,10,438.82,4388.2
2987,422,4,298.76,1195.04
2987,21,3,903.86,2711.58
2988,105,10,966.84,9668.4
2989,336,3,619.92,1859.76
2989,207,2,424.12,848.24
2990,273,3,824.38,2473.14
2991,483,1,47.58,47.58
2992,130,7,306.97,2148.79
2992,142,8,926.33,7410.64
2992,234,7,239.54,1676.78
2992,500,7,593.06,4151.42
2992,474,2,579.94,1159.88
2993,498,10,696.62,6966.2
2993,403,9,626.49,5638.41
2993,366,8,637.95,5103.6
2993,257,7,931.39,6519.73
2993,13,2,460.43,920.86
2994,343,5,611.52,3057.6
2995,388,2,860.1,1720.2
2995,73,5,807.72,4038.6
2995,312,1,26.12,26.12
2995,205,4,586.42,2345.68
2996,234,4,239.54,958.16
2996,255,2,428.81,857.62
2996,20,10,121.09,1210.9
2997,116,5,69.85,349.25
2997,200,7,832.97,5830.79
2997,54,9,252.29,2270.61
2997,249,3,802.61,2407.83
2998,164,7,714.56,5001.92
2998,306,10,826.6,8266.0
2998,307,6,329.64,1977.84
2999,299,1,697.76,697.76
3000,47,8,255.04,2040.32
3001,155,6,771.32,4627.92
3002,135,7,179.67,1257.6899999999998
3002,106,8,495.69,3965.52
3002,126,2,531.19,1062.38
3002,42,6,992.92,5957.52
3002,161,1,94.84,94.84
3003,302,7,102.21,715.4699999999999
3003,178,7,308.12,2156.84
3003,42,7,992.92,6950.44
3003,215,5,20.44,102.2
3004,287,7,577.01,4039.07
3005,290,2,919.58,1839.16
3006,138,1,895.84,895.84
3006,70,8,382.7,3061.6
3006,387,9,743.37,6690.33
3007,347,10,397.83,3978.3
3007,351,10,533.0,5330.0
3007,397,5,230.95,1154.75
3007,245,10,320.27,3202.7
3008,162,10,800.07,8000.700000000001
3008,199,1,217.55,217.55
3008,300,6,460.15,2760.9
3008,62,9,228.83,2059.4700000000003
3008,347,4,397.83,1591.32
3009,158,4,495.7,1982.8
3009,360,5,769.44,3847.2
3009,440,9,103.78,934.02
3009,41,3,861.68,2585.04
3009,325,7,17.98,125.86
3010,379,10,341.66,3416.6000000000004
3010,486,10,209.45,2094.5
3010,265,7,841.49,5890.43
3010,398,3,954.54,2863.62
3010,139,7,237.47,1662.29
3011,257,9,931.39,8382.51
3012,281,9,614.16,5527.44
3012,290,9,919.58,8276.220000000001
3012,27,9,140.62,1265.58
3012,135,10,179.67,1796.6999999999998
3013,219,8,774.62,6196.96
3013,488,10,68.96,689.5999999999999
3013,64,2,880.92,1761.84
3013,175,6,727.6,4365.6
3013,230,1,651.49,651.49
3014,81,3,606.89,1820.67
3014,359,6,293.62,1761.72
3014,438,8,40.77,326.16
3014,482,2,546.7,1093.4
3015,151,1,792.59,792.59
3015,182,10,723.69,7236.900000000001
3015,441,4,130.24,520.96
3015,233,3,337.68,1013.04
3016,313,7,446.87,3128.09
3016,460,6,425.04,2550.24
3017,214,10,966.06,9660.6
3017,24,9,683.49,6151.41
3017,267,3,299.17,897.51
3017,331,7,645.16,4516.12
3017,353,1,862.21,862.21
3018,92,1,365.67,365.67
3018,469,10,363.86,3638.6
3018,271,6,123.06,738.36
3018,64,3,880.92,2642.76
3018,485,2,483.21,966.42
3019,173,9,865.08,7785.72
3019,215,6,20.44,122.64
3019,344,2,36.56,73.12
3020,467,5,39.01,195.05
3020,444,2,93.2,186.4
3020,100,3,423.4,1270.1999999999998
3020,467,8,39.01,312.08
3021,32,3,54.84,164.52
3021,407,2,33.67,67.34
3021,50,2,425.05,850.1
3021,481,9,838.33,7544.97
3021,66,9,500.66,4505.9400000000005
3022,224,10,354.85,3548.5
3023,54,3,252.29,756.87
3023,413,7,961.57,6730.990000000001
3023,244,5,864.01,4320.05
3023,384,3,175.21,525.63
3024,328,8,389.24,3113.92
3024,277,6,455.24,2731.44
3024,19,9,368.17,3313.53
3024,249,10,802.61,8026.1
3024,49,2,767.84,1535.68
3025,123,6,436.27,2617.62
3025,400,5,334.03,1670.15
3025,400,3,334.03,1002.09
3026,269,5,569.99,2849.95
3026,368,6,701.69,4210.14
3026,471,8,660.3,5282.4
3027,210,9,118.28,1064.52
3027,341,3,284.2,852.5999999999999
3027,276,1,753.83,753.83
3027,102,10,835.03,8350.3
3028,318,8,91.6,732.8
3028,124,1,115.95,115.95
3028,303,10,638.49,6384.9
3029,118,2,662.69,1325.38
3030,250,6,594.27,3565.62
3030,240,7,754.8,5283.599999999999
3031,27,3,140.62,421.86
3031,217,4,584.71,2338.84
3031,212,3,616.55,1849.65
3031,481,5,838.33,4191.650000000001
3032,394,3,326.74,980.22
3032,86,9,219.69,1977.21
3032,499,10,789.12,7891.2
3032,122,6,507.19,3043.14
3032,450,5,60.13,300.65000000000003
3033,269,8,569.99,4559.92
3034,329,3,112.17,336.51
3034,371,3,64.48,193.44
3034,211,5,668.05,3340.25
3034,120,8,26.56,212.48
3034,223,4,833.0,3332.0
3035,101,2,336.57,673.14
3035,87,7,126.14,882.98
3035,159,9,941.73,8475.57
3035,164,6,714.56,4287.36
3036,112,1,58.03,58.03
3037,224,2,354.85,709.7
3038,400,1,334.03,334.03
3038,99,10,935.41,9354.1
3038,469,3,363.86,1091.58
3039,390,6,921.02,5526.12
3040,290,1,919.58,919.58
3041,341,1,284.2,284.2
3041,439,10,560.39,5603.9
3041,338,3,754.92,2264.76
3041,99,4,935.41,3741.64
3042,440,2,103.78,207.56
3042,405,7,735.14,5145.98
3042,102,10,835.03,8350.3
3042,493,6,110.02,660.12
3043,143,8,567.87,4542.96
3044,328,9,389.24,3503.16
3045,482,6,546.7,3280.2000000000003
3045,389,5,55.52,277.6
3045,65,4,629.73,2518.92
3045,56,3,756.84,2270.52
3045,166,10,115.49,1154.9
3046,468,10,68.01,680.1
3046,457,9,650.81,5857.289999999999
3046,300,10,460.15,4601.5
3046,260,4,623.22,2492.88
3047,184,10,144.13,1441.3
3047,185,5,338.9,1694.5
3048,152,7,87.64,613.48
3049,151,3,792.59,2377.77
3049,309,8,853.9,6831.2
3049,332,4,77.73,310.92
3049,198,5,953.47,4767.35
3049,429,9,129.53,1165.77
3050,222,1,921.34,921.34
3051,397,3,230.95,692.8499999999999
3052,50,7,425.05,2975.35
3052,246,4,398.62,1594.48
3052,77,3,650.24,1950.72
3052,280,2,692.24,1384.48
3052,142,8,926.33,7410.64
3053,17,8,683.54,5468.32
3053,92,5,365.67,1828.35
3053,495,9,949.21,8542.89
3054,450,7,60.13,420.91
3054,266,9,91.84,826.5600000000001
3055,7,9,127.04,1143.36
3055,16,7,827.35,5791.45
3055,187,1,341.39,341.39
3056,269,10,569.99,5699.9
3056,94,9,107.62,968.58
3057,421,5,665.82,3329.1000000000004
3057,364,9,921.72,8295.48
3057,34,9,986.28,8876.52
3058,494,3,145.09,435.27
3058,117,6,934.56,5607.36
3058,393,4,328.58,1314.32
3059,410,7,382.51,2677.57
3059,387,3,743.37,2230.11
3059,487,9,719.77,6477.93
3060,182,1,723.69,723.69
3060,302,8,102.21,817.68
3060,420,8,595.98,4767.84
3061,321,7,434.94,3044.58
3062,462,6,796.9,4781.4
3062,475,6,361.26,2167.56
3062,280,2,692.24,1384.48
3062,143,6,567.87,3407.2200000000003
3062,100,7,423.4,2963.8
3063,113,3,146.12,438.36
3063,395,1,575.82,575.82
3063,283,10,815.39,8153.9
3063,490,1,848.02,848.02
3063,194,9,332.63,2993.67
3064,66,1,500.66,500.66
3065,254,1,600.46,600.46
3065,397,10,230.95,2309.5
3065,17,2,683.54,1367.08
3066,115,2,226.53,453.06
3067,339,2,390.19,780.38
3067,84,10,484.6,4846.0
3067,258,1,175.2,175.2
3067,174,3,419.67,1259.01
3068,168,7,111.21,778.4699999999999
3068,159,1,941.73,941.73
3068,164,3,714.56,2143.68
3068,460,3,425.04,1275.12
3069,118,10,662.69,6626.900000000001
3069,275,6,111.39,668.34
3069,402,4,568.17,2272.68
3069,79,6,727.34,4364.04
3070,52,3,598.0,1794.0
3071,93,3,517.69,1553.0700000000002
3071,354,8,371.76,2974.08
3072,333,1,614.22,614.22
3072,274,1,446.95,446.95
3072,146,3,754.73,2264.19
3073,491,2,960.95,1921.9
3074,486,4,209.45,837.8
3074,118,3,662.69,1988.07
3074,441,6,130.24,781.44
3075,423,5,926.78,4633.9
3075,441,8,130.24,1041.92
3075,258,10,175.2,1752.0
3075,375,6,527.78,3166.68
3075,303,1,638.49,638.49
3076,342,8,557.86,4462.88
3077,209,3,597.88,1793.64
3077,326,8,988.27,7906.16
3078,24,6,683.49,4100.9400000000005
3079,359,6,293.62,1761.72
3079,55,1,444.57,444.57
3079,224,4,354.85,1419.4
3079,80,2,275.78,551.56
3079,493,1,110.02,110.02
3080,244,10,864.01,8640.1
3080,432,4,809.52,3238.08
3080,144,5,929.48,4647.4
3081,230,2,651.49,1302.98
3081,176,1,576.24,576.24
3081,228,5,76.5,382.5
3081,214,6,966.06,5796.36
3081,54,3,252.29,756.87
3082,335,1,750.79,750.79
3082,286,9,979.21,8812.89
3082,4,10,308.93,3089.3
3082,215,5,20.44,102.2
3083,429,5,129.53,647.65
3083,456,10,617.97,6179.700000000001
3083,31,2,748.35,1496.7
3083,72,4,307.73,1230.92
3083,184,6,144.13,864.78
3084,414,9,714.54,6430.86
3084,318,6,91.6,549.5999999999999
3085,296,10,381.42,3814.2
3085,127,6,274.65,1647.9
3085,58,3,817.63,2452.89
3086,191,2,964.93,1929.86
3086,16,1,827.35,827.35
3086,394,1,326.74,326.74
3086,280,7,692.24,4845.68
3087,25,1,493.94,493.94
3087,491,1,960.95,960.95
3087,371,7,64.48,451.36
3087,426,10,944.12,9441.2
3087,444,7,93.2,652.4
3088,391,9,557.34,5016.06
3089,233,8,337.68,2701.44
3089,170,5,517.32,2586.6000000000004
3089,435,1,100.3,100.3
3089,84,4,484.6,1938.4
3090,461,3,256.66,769.98
3090,11,4,373.87,1495.48
3090,181,4,367.51,1470.04
3091,385,10,775.6,7756.0
3091,21,6,903.86,5423.16
3091,440,4,103.78,415.12
3092,335,8,750.79,6006.32
3092,133,8,385.47,3083.76
3092,166,7,115.49,808.43
3092,390,3,921.02,2763.06
3093,23,4,855.94,3423.76
3094,496,1,961.06,961.06
3094,164,2,714.56,1429.12
3094,363,8,92.76,742.08
3095,393,5,328.58,1642.9
3095,452,3,501.17,1503.51
3095,217,7,584.71,4092.97
3096,334,8,357.68,2861.44
3097,408,10,639.58,6395.8
3097,305,1,403.74,403.74
3098,249,3,802.61,2407.83
3098,410,4,382.51,1530.04
3098,147,4,929.59,3718.36
3098,267,5,299.17,1495.85
3098,236,6,437.81,2626.86
3099,268,1,542.23,542.23
3100,280,1,692.24,692.24
3100,195,6,371.37,2228.2200000000003
3100,159,4,941.73,3766.92
3100,290,1,919.58,919.58
3101,188,7,974.48,6821.360000000001
3101,307,9,329.64,2966.76
3101,473,5,65.35,326.75
3101,333,4,614.22,2456.88
3101,365,1,541.03,541.03
3102,101,7,336.57,2355.99
3103,390,3,921.02,2763.06
3103,323,10,87.16,871.5999999999999
3104,301,8,586.14,4689.12
3104,276,6,753.83,4522.9800000000005
3104,207,10,424.12,4241.2
3105,280,6,692.24,4153.4400000000005
3105,353,10,862.21,8622.1
3105,201,3,676.25,2028.75
3105,137,2,977.56,1955.12
3106,474,7,579.94,4059.58
3106,191,5,964.93,4824.65
3106,91,3,386.86,1160.58
3106,281,7,614.16,4299.12
3106,497,1,182.46,182.46
3107,37,3,964.14,2892.42
3107,276,1,753.83,753.83
3107,457,3,650.81,1952.43
3107,13,8,460.43,3683.44
3108,334,3,357.68,1073.04
3108,313,2,446.87,893.74
3108,304,5,851.61,4258.05
3108,51,8,248.26,1986.08
3108,405,8,735.14,5881.12
3109,234,3,239.54,718.62
3109,308,1,551.84,551.84
3109,25,8,493.94,3951.52
3109,284,2,574.37,1148.74
3109,73,2,807.72,1615.44
3110,277,9,455.24,4097.16
3110,211,1,668.05,668.05
3111,200,3,832.97,2498.91
3111,346,2,610.86,1221.72
3111,10,10,642.32,6423.200000000001
3111,127,3,274.65,823.9499999999999
3112,20,2,121.09,242.18
3112,386,9,677.38,6096.42
3112,71,10,478.78,4787.799999999999
3112,125,8,157.41,1259.28
3112,103,1,658.06,658.06
3113,32,2,54.84,109.68
3113,160,7,682.9,4780.3
3113,404,2,595.77,1191.54
3113,35,2,294.22,588.44
3113,423,9,926.78,8341.02
3114,51,6,248.26,1489.56
3114,218,6,451.32,2707.92
3114,165,9,742.26,6680.34
3114,57,9,148.73,1338.57
3114,106,2,495.69,991.38
3115,230,8,651.49,5211.92
3115,20,8,121.09,968.72
3115,370,3,124.83,374.49
3115,369,2,67.33,134.66
3115,363,7,92.76,649.32
3116,54,1,252.29,252.29
3117,374,9,21.24,191.16
3117,230,10,651.49,6514.9
3117,134,4,65.55,262.2
3117,356,2,26.52,53.04
3118,434,3,837.57,2512.71
3118,115,9,226.53,2038.77
3118,105,10,966.84,9668.4
3118,120,8,26.56,212.48
3118,436,3,402.28,1206.84
3119,458,5,883.95,4419.75
3119,453,1,432.4,432.4
3119,42,2,992.92,1985.84
3120,360,8,769.44,6155.52
3120,174,3,419.67,1259.01
3121,373,9,22.54,202.86
3121,14,4,421.69,1686.76
3122,289,3,144.23,432.69
3122,111,4,840.68,3362.72
3122,141,3,56.1,168.3
3122,356,3,26.52,79.56
3122,24,1,683.49,683.49
3123,376,5,266.65,1333.25
3123,126,8,531.19,4249.52
3123,152,5,87.64,438.2
3124,469,9,363.86,3274.74
3124,140,2,888.68,1777.36
3125,110,10,957.66,9576.6
3125,319,10,173.87,1738.7
3125,492,4,942.5,3770.0
3126,325,1,17.98,17.98
3126,293,3,830.2,2490.6000000000004
3127,359,1,293.62,293.62
3127,305,5,403.74,2018.7
3128,435,3,100.3,300.9
3128,261,3,952.32,2856.96
3129,145,3,961.85,2885.55
3129,81,2,606.89,1213.78
3129,96,4,377.0,1508.0
3130,374,1,21.24,21.24
3130,147,3,929.59,2788.77
3131,254,6,600.46,3602.76
3131,339,1,390.19,390.19
3131,39,7,381.89,2673.23
3131,220,5,505.46,2527.3
3132,153,1,63.16,63.16
3133,82,4,196.28,785.12
3133,7,8,127.04,1016.32
3133,346,8,610.86,4886.88
3133,378,8,735.61,5884.88
3133,134,6,65.55,393.3
3134,433,10,699.91,6999.099999999999
3135,358,2,949.19,1898.38
3135,210,1,118.28,118.28
3136,386,2,677.38,1354.76
3136,359,7,293.62,2055.34
3136,155,2,771.32,1542.64
3136,288,8,985.63,7885.04
3136,285,5,600.89,3004.45
3137,375,3,527.78,1583.34
3138,180,4,426.89,1707.56
3138,446,2,997.19,1994.38
3138,140,1,888.68,888.68
3138,256,5,542.01,2710.05
3138,135,4,179.67,718.68
3139,286,10,979.21,9792.1
3140,261,3,952.32,2856.96
3140,252,10,125.78,1257.8
3141,146,7,754.73,5283.110000000001
3142,278,1,444.68,444.68
3142,428,6,455.07,2730.42
3142,491,7,960.95,6726.650000000001
3142,337,9,95.82,862.3799999999999
3142,381,6,975.3,5851.799999999999
3143,345,1,877.07,877.07
3143,159,7,941.73,6592.110000000001
3143,373,4,22.54,90.16
3143,395,7,575.82,4030.74
3144,182,9,723.69,6513.210000000001
3144,497,7,182.46,1277.22
3144,387,6,743.37,4460.22
3144,413,6,961.57,5769.42
3144,327,1,140.85,140.85
3145,248,5,180.8,904.0
3145,222,5,921.34,4606.7
3145,26,1,451.03,451.03
3146,372,4,661.47,2645.88
3146,149,5,680.26,3401.3
3146,89,10,706.73,7067.3
3146,485,4,483.21,1932.84
3147,156,6,402.74,2416.44
3147,137,1,977.56,977.56
3147,68,5,787.95,3939.75
3147,245,10,320.27,3202.7
3148,14,4,421.69,1686.76
3148,356,3,26.52,79.56
3148,112,3,58.03,174.09
3148,334,7,357.68,2503.76
3149,330,2,145.76,291.52
3150,34,4,986.28,3945.12
3150,263,7,510.38,3572.66
3150,319,3,173.87,521.61
3151,488,6,68.96,413.76
3151,314,5,210.3,1051.5
3151,116,3,69.85,209.55
3151,405,2,735.14,1470.28
3151,127,9,274.65,2471.85
3152,13,9,460.43,4143.87
3153,114,2,77.29,154.58
3153,485,10,483.21,4832.099999999999
3153,189,7,327.46,2292.22
3153,339,3,390.19,1170.57
3153,442,4,139.41,557.64
3154,187,10,341.39,3413.9
3155,118,5,662.69,3313.4500000000003
3155,30,4,31.55,126.2
3155,448,4,906.03,3624.12
3155,199,9,217.55,1957.95
3156,260,5,623.22,3116.1000000000004
3156,73,8,807.72,6461.76
3157,398,6,954.54,5727.24
3158,170,4,517.32,2069.28
3158,380,5,528.62,2643.1
3159,36,2,768.17,1536.34
3159,386,2,677.38,1354.76
3160,452,8,501.17,4009.36
3160,483,7,47.58,333.06
3160,452,1,501.17,501.17
3160,405,6,735.14,4410.84
3160,448,5,906.03,4530.15
3161,24,10,683.49,6834.9
3161,221,5,487.94,2439.7
3161,438,8,40.77,326.16
3161,77,6,650.24,3901.44
3162,276,5,753.83,3769.15
3162,155,6,771.32,4627.92
3162,350,4,504.59,2018.36
3162,384,6,175.21,1051.26
3162,381,4,975.3,3901.2
3163,233,8,337.68,2701.44
3163,363,5,92.76,463.8
3163,329,7,112.17,785.19
3163,472,7,818.12,5726.84
3163,303,10,638.49,6384.9
3164,289,7,144.23,1009.61
3165,183,2,620.5,1241.0
3165,306,3,826.6,2479.8
3166,323,1,87.16,87.16
3166,316,9,875.68,7881.12
3166,376,1,266.65,266.65
3167,55,5,444.57,2222.85
3167,238,9,596.28,5366.52
3167,391,2,557.34,1114.68
3167,378,6,735.61,4413.66
3167,238,3,596.28,1788.84
3168,436,6,402.28,2413.68
3168,392,6,743.26,4459.56
3169,500,5,593.06,2965.3
3169,93,8,517.69,4141.52
3169,470,3,974.24,2922.7200000000003
3169,311,2,55.48,110.96
3170,265,5,841.49,4207.45
3170,161,3,94.84,284.52
3170,45,4,676.76,2707.04
3170,285,6,600.89,3605.34
3171,410,3,382.51,1147.53
3171,77,7,650.24,4551.68
3171,268,2,542.23,1084.46
3172,206,9,924.26,8318.34
3172,115,10,226.53,2265.3
3172,351,4,533.0,2132.0
3173,96,2,377.0,754.0
3173,467,5,39.01,195.05
3173,454,6,909.22,5455.32
3173,485,5,483.21,2416.05
3174,69,8,422.16,3377.28
3175,30,8,31.55,252.4
3175,274,4,446.95,1787.8
3176,229,1,123.93,123.93
3177,334,8,357.68,2861.44
3178,471,3,660.3,1980.9
3178,53,2,675.3,1350.6
3179,200,8,832.97,6663.76
3179,99,2,935.41,1870.82
3179,134,9,65.55,589.9499999999999
3179,482,5,546.7,2733.5
3179,191,6,964.93,5789.58
3180,476,5,184.34,921.7
3180,55,3,444.57,1333.71
3180,268,7,542.23,3795.61
3181,370,5,124.83,624.15
3181,252,8,125.78,1006.24
3181,99,1,935.41,935.41
3182,144,3,929.48,2788.44
3182,287,1,577.01,577.01
3183,28,6,568.27,3409.62
3183,209,3,597.88,1793.64
3183,346,4,610.86,2443.44
3183,488,8,68.96,551.68
3184,473,10,65.35,653.5
3184,282,7,619.99,4339.93
3185,76,7,250.43,1753.01
3185,321,4,434.94,1739.76
3185,172,4,600.96,2403.84
3186,255,5,428.81,2144.05
3187,91,6,386.86,2321.16
3188,150,2,390.01,780.02
3188,186,1,806.04,806.04
3188,213,6,680.7,4084.2
3188,464,6,350.59,2103.54
3188,323,9,87.16,784.4399999999999
3189,314,1,210.3,210.3
3190,306,3,826.6,2479.8
3190,287,2,577.01,1154.02
3191,13,8,460.43,3683.44
3191,192,4,298.53,1194.12
3191,471,2,660.3,1320.6
3192,84,5,484.6,2423.0
3192,148,4,568.32,2273.28
3192,82,10,196.28,1962.8
3192,140,2,888.68,1777.36
3192,197,4,684.9,2739.6
3193,154,8,840.29,6722.32
3194,15,2,759.78,1519.56
3194,3,4,452.27,1809.08
3195,53,6,675.3,4051.8
3195,53,3,675.3,2025.9
3195,455,9,451.55,4063.95
3196,103,10,658.06,6580.599999999999
3197,99,8,935.41,7483.28
3197,181,4,367.51,1470.04
3197,304,6,851.61,5109.66
3197,296,3,381.42,1144.26
3197,184,6,144.13,864.78
3198,270,4,554.23,2216.92
3198,463,3,365.52,1096.56
3199,449,4,131.3,525.2
3199,225,10,786.43,7864.299999999999
3199,163,4,91.22,364.88
3199,142,9,926.33,8336.970000000001
3200,190,1,208.84,208.84
3200,477,5,808.15,4040.75
3201,120,6,26.56,159.36
3201,330,4,145.76,583.04
3202,467,7,39.01,273.07
3202,187,2,341.39,682.78
3202,274,9,446.95,4022.55
3202,118,6,662.69,3976.14
3203,403,2,626.49,1252.98
3203,375,1,527.78,527.78
3203,156,9,402.74,3624.66
3203,142,8,926.33,7410.64
3204,453,7,432.4,3026.8
3204,475,10,361.26,3612.6
3205,90,3,556.56,1669.6799999999998
3205,280,4,692.24,2768.96
3205,461,7,256.66,1796.62
3205,61,1,877.5,877.5
3205,419,2,640.84,1281.68
3206,410,3,382.51,1147.53
3207,60,9,820.2,7381.8
3207,266,4,91.84,367.36
3207,336,9,619.92,5579.28
3208,67,2,942.17,1884.34
3208,118,8,662.69,5301.52
3209,243,5,462.97,2314.8500000000004
3209,35,9,294.22,2647.9800000000005
3209,447,5,449.0,2245.0
3209,90,7,556.56,3895.92
3210,122,8,507.19,4057.52
3210,245,5,320.27,1601.35
3210,8,3,411.36,1234.08
3211,48,3,282.89,848.67
3211,392,3,743.26,2229.78
3212,433,1,699.91,699.91
3212,373,2,22.54,45.08
3212,344,10,36.56,365.6
3212,55,5,444.57,2222.85
3212,455,5,451.55,2257.75
3213,142,10,926.33,9263.3
3213,78,3,848.66,2545.98
3213,361,3,408.25,1224.75
3213,319,3,173.87,521.61
3213,334,6,357.68,2146.08
3214,308,3,551.84,1655.52
3214,75,10,561.71,5617.1
3214,46,6,536.61,3219.66
3214,350,4,504.59,2018.36
3215,325,7,17.98,125.86
3216,195,4,371.37,1485.48
3216,437,2,305.85,611.7
3216,66,2,500.66,1001.32
3216,263,9,510.38,4593.42
3217,313,8,446.87,3574.96
3217,458,5,883.95,4419.75
3217,284,2,574.37,1148.74
3217,112,4,58.03,232.12
3218,321,4,434.94,1739.76
3218,297,9,796.65,7169.849999999999
3218,255,5,428.81,2144.05
3219,318,6,91.6,549.5999999999999
3219,393,3,328.58,985.74
3219,120,1,26.56,26.56
3219,387,2,743.37,1486.74
3219,206,4,924.26,3697.04
3220,358,1,949.19,949.19
3220,142,9,926.33,8336.970000000001
3220,37,5,964.14,4820.7
3220,2,7,16.76,117.32
3221,56,6,756.84,4541.04
3221,3,7,452.27,3165.89
3221,477,2,808.15,1616.3
3221,447,6,449.0,2694.0
3222,198,6,953.47,5720.82
3223,17,2,683.54,1367.08
3223,329,3,112.17,336.51
3223,314,2,210.3,420.6
3223,383,6,64.88,389.28
3223,214,2,966.06,1932.12
3224,266,2,91.84,183.68
3224,454,2,909.22,1818.44
3224,442,10,139.41,1394.1
3225,299,7,697.76,4884.32
3225,154,5,840.29,4201.45
3225,6,1,695.84,695.84
3226,314,10,210.3,2103.0
3227,249,10,802.61,8026.1
3227,398,6,954.54,5727.24
3228,98,6,154.46,926.76
3228,342,3,557.86,1673.58
3228,225,1,786.43,786.43
3228,484,8,605.65,4845.2
3229,325,5,17.98,89.9
3230,367,1,684.25,684.25
3230,304,2,851.61,1703.22
3231,467,2,39.01,78.02
3231,457,3,650.81,1952.43
3231,499,2,789.12,1578.24
3231,312,3,26.12,78.36
3232,118,10,662.69,6626.900000000001
3232,127,4,274.65,1098.6
3233,410,8,382.51,3060.08
3233,435,9,100.3,902.7
3233,211,10,668.05,6680.5
3233,91,8,386.86,3094.88
3234,129,9,569.35,5124.150000000001
3234,10,8,642.32,5138.56
3234,334,4,357.68,1430.72
3234,400,2,334.03,668.06
3234,196,3,207.8,623.4000000000001
3235,227,4,724.77,2899.08
3235,364,2,921.72,1843.44
3235,340,10,321.36,3213.6000000000004
3235,490,3,848.02,2544.06
3236,142,1,926.33,926.33
3236,432,8,809.52,6476.16
3236,130,6,306.97,1841.82
3236,319,10,173.87,1738.7
3237,47,8,255.04,2040.32
3237,121,9,540.38,4863.42
3237,248,7,180.8,1265.6
3237,15,6,759.78,4558.68
3237,256,4,542.01,2168.04
3238,110,5,957.66,4788.3
3238,226,4,354.82,1419.28
3238,173,2,865.08,1730.16
3238,370,10,124.83,1248.3
3238,150,2,390.01,780.02
3239,387,5,743.37,3716.85
3239,420,4,595.98,2383.92
3239,28,1,568.27,568.27
3240,379,6,341.66,2049.96
3240,252,3,125.78,377.34
3240,99,4,935.41,3741.64
3240,201,2,676.25,1352.5
3240,373,3,22.54,67.62
3241,300,10,460.15,4601.5
3242,13,6,460.43,2762.58
3243,319,5,173.87,869.35
3243,290,10,919.58,9195.8
3243,145,8,961.85,7694.8
3244,458,1,883.95,883.95
3245,175,9,727.6,6548.400000000001
3245,184,8,144.13,1153.04
3245,272,7,825.05,5775.349999999999
3245,164,5,714.56,3572.8
3246,402,8,568.17,4545.36
3246,330,7,145.76,1020.32
3246,18,5,530.25,2651.25
3246,491,10,960.95,9609.5
3247,389,5,55.52,277.6
3247,368,2,701.69,1403.38
3247,80,7,275.78,1930.46
3247,27,4,140.62,562.48
3248,207,1,424.12,424.12
3248,449,5,131.3,656.5
3248,35,6,294.22,1765.3200000000002
3248,399,1,867.37,867.37
3249,325,6,17.98,107.88
3249,65,6,629.73,3778.38
3250,334,4,357.68,1430.72
3250,18,1,530.25,530.25
3250,398,10,954.54,9545.4
3250,493,7,110.02,770.14
3251,1,10,482.68,4826.8
3251,394,3,326.74,980.22
3251,85,8,310.16,2481.28
3251,287,8,577.01,4616.08
3252,69,6,422.16,2532.96
3252,284,3,574.37,1723.11
3252,111,10,840.68,8406.8
3252,159,7,941.73,6592.110000000001
3252,410,4,382.51,1530.04
3253,122,6,507.19,3043.14
3254,63,3,70.35,211.05
3255,315,3,883.33,2649.99
3256,336,7,619.92,4339.44
3256,274,4,446.95,1787.8
3256,146,7,754.73,5283.110000000001
3256,89,5,706.73,3533.65
3257,193,10,496.1,4961.0
3257,27,5,140.62,703.1
3257,277,9,455.24,4097.16
3258,128,6,379.32,2275.92
3258,190,10,208.84,2088.4
3258,241,7,581.57,4070.99
3258,488,6,68.96,413.76
3258,122,5,507.19,2535.95
3259,72,4,307.73,1230.92
3259,143,5,567.87,2839.35
3259,351,6,533.0,3198.0
3259,363,5,92.76,463.8
3260,452,5,501.17,2505.85
3260,341,5,284.2,1421.0
3261,360,2,769.44,1538.88
3261,101,7,336.57,2355.99
3261,462,10,796.9,7969.0
3261,351,10,533.0,5330.0
3261,194,10,332.63,3326.3
3262,50,5,425.05,2125.25
3262,429,5,129.53,647.65
3263,347,4,397.83,1591.32
3263,79,10,727.34,7273.400000000001
3263,379,5,341.66,1708.3000000000002
3264,162,9,800.07,7200.63
3265,72,3,307.73,923.19
3265,146,3,754.73,2264.19
3265,304,4,851.61,3406.44
3265,207,1,424.12,424.12
3265,466,10,35.8,358.0
3266,345,3,877.07,2631.21
3266,49,10,767.84,7678.400000000001
3266,288,8,985.63,7885.04
3266,307,4,329.64,1318.56
3267,224,9,354.85,3193.65
3267,316,10,875.68,8756.8
3267,317,5,102.41,512.05
3267,349,2,499.94,999.88
3267,14,4,421.69,1686.76
3268,1,10,482.68,4826.8
3269,326,3,988.27,2964.81
3270,255,8,428.81,3430.48
3271,352,6,934.59,5607.54
3271,453,4,432.4,1729.6
3271,84,5,484.6,2423.0
3271,41,7,861.68,6031.759999999999
3271,490,6,848.02,5088.12
3272,129,3,569.35,1708.0500000000002
3272,447,3,449.0,1347.0
3272,436,1,402.28,402.28
3272,231,4,930.62,3722.48
3272,418,1,584.96,584.96
3273,156,10,402.74,4027.4
3273,496,7,961.06,6727.42
3273,277,5,455.24,2276.2
3274,461,10,256.66,2566.6000000000004
3274,366,4,637.95,2551.8
3275,118,3,662.69,1988.07
3276,348,2,785.96,1571.92
3276,287,4,577.01,2308.04
3277,191,6,964.93,5789.58
3277,209,9,597.88,5380.92
3277,180,10,426.89,4268.9
3277,365,7,541.03,3787.21
3278,450,6,60.13,360.78
3278,432,8,809.52,6476.16
3278,126,1,531.19,531.19
3278,430,9,457.4,4116.599999999999
3278,413,7,961.57,6730.990000000001
3279,434,4,837.57,3350.28
3279,146,2,754.73,1509.46
3279,375,5,527.78,2638.9
3279,408,6,639.58,3837.480000000001
3279,226,9,354.82,3193.38
3280,178,6,308.12,1848.72
3280,180,7,426.89,2988.23
3280,373,7,22.54,157.78
3281,298,4,408.82,1635.28
3282,347,1,397.83,397.83
3282,218,4,451.32,1805.28
3282,205,5,586.42,2932.1
3283,138,3,895.84,2687.52
3283,184,3,144.13,432.39
3283,374,1,21.24,21.24
3283,240,4,754.8,3019.2
3284,138,5,895.84,4479.2
3284,452,3,501.17,1503.51
3284,174,5,419.67,2098.35
3284,463,7,365.52,2558.64
3285,122,1,507.19,507.19
3286,78,10,848.66,8486.6
3286,423,7,926.78,6487.46
3286,154,9,840.29,7562.61
3286,40,7,875.81,6130.67
3287,393,9,328.58,2957.22
3288,27,10,140.62,1406.2
3288,178,5,308.12,1540.6
3289,491,3,960.95,2882.8500000000004
3290,254,8,600.46,4803.68
3290,384,5,175.21,876.0500000000001
3290,390,2,921.02,1842.04
3290,387,8,743.37,5946.96
3291,52,5,598.0,2990.0
3292,82,3,196.28,588.84
3293,245,1,320.27,320.27
3293,47,3,255.04,765.12
3293,118,3,662.69,1988.07
3294,476,7,184.34,1290.38
3294,366,7,637.95,4465.650000000001
3294,88,6,915.3,5491.799999999999
3295,216,3,515.57,1546.71
3295,98,4,154.46,617.84
3295,85,4,310.16,1240.64
3296,201,10,676.25,6762.5
3296,186,4,806.04,3224.16
3297,355,3,765.1,2295.3
3298,212,2,616.55,1233.1
3298,28,4,568.27,2273.08
3298,365,4,541.03,2164.12
3298,326,1,988.27,988.27
3298,7,4,127.04,508.16
3299,157,5,39.33,196.65
3299,203,7,162.6,1138.2
3300,297,2,796.65,1593.3
3301,201,6,676.25,4057.5
3301,289,1,144.23,144.23
3301,146,8,754.73,6037.84
3301,258,7,175.2,1226.4
3302,212,10,616.55,6165.5
3302,101,6,336.57,2019.42
3302,180,6,426.89,2561.34
3302,248,4,180.8,723.2
3302,336,1,619.92,619.92
3303,391,4,557.34,2229.36
3303,173,1,865.08,865.08
3303,392,2,743.26,1486.52
3304,472,9,818.12,7363.08
3304,138,5,895.84,4479.2
3304,43,8,136.07,1088.56
3304,312,3,26.12,78.36
3304,425,4,458.23,1832.92
3305,433,3,699.91,2099.73
3305,198,1,953.47,953.47
3305,156,3,402.74,1208.22
3306,255,2,428.81,857.62
3306,287,10,577.01,5770.1
3306,244,1,864.01,864.01
3306,388,2,860.1,1720.2
3307,250,3,594.27,1782.81
3307,498,3,696.62,2089.86
3308,94,1,107.62,107.62
3308,181,8,367.51,2940.08
3308,431,7,853.96,5977.72
3309,112,8,58.03,464.24
3309,60,2,820.2,1640.4
3309,142,8,926.33,7410.64
3309,424,8,833.58,6668.64
3309,157,6,39.33,235.98
3310,319,10,173.87,1738.7
3311,152,1,87.64,87.64
3311,387,7,743.37,5203.59
3311,333,6,614.22,3685.32
3312,330,9,145.76,1311.84
3312,84,8,484.6,3876.8
3313,82,3,196.28,588.84
3313,458,6,883.95,5303.700000000001
3313,229,9,123.93,1115.37
3313,127,2,274.65,549.3
3314,283,10,815.39,8153.9
3314,223,1,833.0,833.0
3314,24,10,683.49,6834.9
3315,331,7,645.16,4516.12
3315,448,9,906.03,8154.269999999999
3315,44,5,758.62,3793.1
3315,95,5,764.01,3820.05
3316,313,4,446.87,1787.48
3316,435,8,100.3,802.4
3317,228,8,76.5,612.0
3317,202,10,309.8,3098.0
3318,149,3,680.26,2040.78
3319,448,2,906.03,1812.06
3320,134,1,65.55,65.55
3320,472,4,818.12,3272.48
3320,418,6,584.96,3509.76
3320,432,9,809.52,7285.68
3320,85,7,310.16,2171.1200000000003
3321,312,8,26.12,208.96
3322,316,1,875.68,875.68
3322,386,4,677.38,2709.52
3322,439,10,560.39,5603.9
3323,440,10,103.78,1037.8
3324,275,6,111.39,668.34
3324,434,3,837.57,2512.71
3324,271,10,123.06,1230.6
3325,393,8,328.58,2628.64
3326,402,3,568.17,1704.5099999999998
3326,236,8,437.81,3502.48
3327,280,4,692.24,2768.96
3327,33,4,73.12,292.48
3327,380,9,528.62,4757.58
3328,353,1,862.21,862.21
3328,473,6,65.35,392.1
3329,485,2,483.21,966.42
3329,262,7,203.18,1422.26
3330,441,5,130.24,651.2
3330,283,10,815.39,8153.9
3330,415,7,922.06,6454.42
3331,314,9,210.3,1892.7
3332,70,5,382.7,1913.5
3332,339,5,390.19,1950.95
3332,403,8,626.49,5011.92
3333,263,9,510.38,4593.42
3333,480,8,567.97,4543.76
3333,20,9,121.09,1089.81
3333,382,10,501.19,5011.9
3333,172,10,600.96,6009.6
3334,460,8,425.04,3400.32
3334,438,1,40.77,40.77
3334,429,3,129.53,388.59
3335,317,7,102.41,716.87
3335,499,9,789.12,7102.08
3335,146,6,754.73,4528.38
3335,181,2,367.51,735.02
3335,353,10,862.21,8622.1
3336,413,8,961.57,7692.56
3336,83,5,727.06,3635.3
3336,66,10,500.66,5006.6
3336,100,3,423.4,1270.1999999999998
3337,261,3,952.32,2856.96
3337,302,10,102.21,1022.1
3338,408,5,639.58,3197.9
3338,212,3,616.55,1849.65
3339,407,6,33.67,202.02
3339,89,3,706.73,2120.19
3339,65,3,629.73,1889.19
3339,51,6,248.26,1489.56
3340,251,7,320.05,2240.35
3341,490,9,848.02,7632.18
3341,227,2,724.77,1449.54
3341,313,3,446.87,1340.61
3342,154,6,840.29,5041.74
3343,77,3,650.24,1950.72
3343,309,10,853.9,8539.0
3344,434,6,837.57,5025.42
3345,4,3,308.93,926.79
3346,165,10,742.26,7422.6
3346,384,7,175.21,1226.47
3346,50,4,425.05,1700.2
3347,327,3,140.85,422.55
3347,309,7,853.9,5977.3
3347,434,3,837.57,2512.71
3347,470,10,974.24,9742.4
3348,341,1,284.2,284.2
3348,459,7,96.84,677.88
3349,329,5,112.17,560.85
3349,14,10,421.69,4216.9
3349,327,9,140.85,1267.65
3350,158,6,495.7,2974.2
3350,304,2,851.61,1703.22
3350,421,4,665.82,2663.28
3350,186,4,806.04,3224.16
3350,215,2,20.44,40.88
3351,113,1,146.12,146.12
3351,37,1,964.14,964.14
3351,305,5,403.74,2018.7
3351,143,10,567.87,5678.7
3351,330,9,145.76,1311.84
3352,451,2,438.82,877.64
3352,486,2,209.45,418.9
3353,63,3,70.35,211.05
3354,320,9,312.45,2812.05
3354,467,2,39.01,78.02
3354,19,6,368.17,2209.02
3355,334,9,357.68,3219.12
3355,272,7,825.05,5775.349999999999
3355,259,9,195.23,1757.07
3355,217,8,584.71,4677.68
3356,362,2,542.28,1084.56
3357,71,6,478.78,2872.68
3357,56,5,756.84,3784.2
3357,280,9,692.24,6230.16
3357,7,9,127.04,1143.36
3357,483,1,47.58,47.58
3358,264,3,687.85,2063.55
3358,307,1,329.64,329.64
3358,353,1,862.21,862.21
3359,292,9,257.18,2314.62
3359,384,8,175.21,1401.68
3359,480,8,567.97,4543.76
3359,418,9,584.96,5264.64
3359,43,8,136.07,1088.56
3360,142,6,926.33,5557.9800000000005
3360,50,7,425.05,2975.35
3360,396,7,676.59,4736.13
3360,58,5,817.63,4088.15
3360,186,7,806.04,5642.28
3361,196,10,207.8,2078.0
3362,228,4,76.5,306.0
3362,159,5,941.73,4708.65
3363,467,10,39.01,390.1
3364,172,3,600.96,1802.88
3364,25,3,493.94,1481.82
3364,38,2,454.05,908.1
3364,149,4,680.26,2721.04
3365,336,2,619.92,1239.84
3365,117,1,934.56,934.56
3365,134,5,65.55,327.75
3366,185,9,338.9,3050.1
3366,420,4,595.98,2383.92
3366,8,2,411.36,822.72
3367,459,9,96.84,871.5600000000001
3367,57,10,148.73,1487.3
3367,10,2,642.32,1284.64
3367,205,2,586.42,1172.84
3368,286,3,979.21,2937.63
3368,236,7,437.81,3064.67
3368,3,10,452.27,4522.7
3368,6,10,695.84,6958.400000000001
3369,401,10,17.89,178.9
3369,328,9,389.24,3503.16
3369,126,2,531.19,1062.38
3370,238,4,596.28,2385.12
3370,493,2,110.02,220.04
3370,242,9,195.09,1755.81
3370,357,1,269.56,269.56
3370,289,1,144.23,144.23
3371,30,7,31.55,220.85
3371,326,1,988.27,988.27
3371,489,3,707.65,2122.95
3371,50,1,425.05,425.05
3372,432,4,809.52,3238.08
3372,68,3,787.95,2363.8500000000004
3372,382,9,501.19,4510.71
3373,438,7,40.77,285.39000000000004
3373,79,4,727.34,2909.36
3373,465,2,328.39,656.78
3373,316,1,875.68,875.68
3373,180,6,426.89,2561.34
3374,160,3,682.9,2048.7
3374,354,5,371.76,1858.8
3374,275,4,111.39,445.56
3375,392,1,743.26,743.26
3375,227,6,724.77,4348.62
3375,141,9,56.1,504.9
3375,414,3,714.54,2143.62
3375,145,7,961.85,6732.95
3376,421,10,665.82,6658.200000000001
3376,241,1,581.57,581.57
3376,499,1,789.12,789.12
3376,348,8,785.96,6287.68
3376,251,7,320.05,2240.35
3377,66,3,500.66,1501.98
3377,304,8,851.61,6812.88
3377,350,7,504.59,3532.13
3377,91,4,386.86,1547.44
3378,32,4,54.84,219.36
3378,296,9,381.42,3432.78
3378,97,10,566.9,5669.0
3378,204,7,83.23,582.61
3378,300,4,460.15,1840.6
3379,15,2,759.78,1519.56
3379,342,9,557.86,5020.74
3379,276,6,753.83,4522.9800000000005
3379,126,2,531.19,1062.38
3380,3,3,452.27,1356.81
3380,225,7,786.43,5505.009999999999
3380,26,8,451.03,3608.24
3380,424,2,833.58,1667.16
3381,10,5,642.32,3211.6000000000004
3381,148,2,568.32,1136.64
3381,400,1,334.03,334.03
3381,256,2,542.01,1084.02
3381,306,4,826.6,3306.4
3382,388,3,860.1,2580.3
3382,365,4,541.03,2164.12
3382,179,4,72.63,290.52
3382,323,10,87.16,871.5999999999999
3382,38,3,454.05,1362.15
3383,143,9,567.87,5110.83
3383,165,4,742.26,2969.04
3383,179,6,72.63,435.78
3383,220,3,505.46,1516.38
3383,152,8,87.64,701.12
3384,446,9,997.19,8974.710000000001
3385,75,7,561.71,3931.97
3386,427,2,117.88,235.76
3386,31,1,748.35,748.35
3386,69,7,422.16,2955.1200000000003
3386,154,6,840.29,5041.74
3387,56,9,756.84,6811.56
3388,368,4,701.69,2806.76
3388,165,2,742.26,1484.52
3388,288,10,985.63,9856.3
3389,295,8,636.08,5088.64
3389,413,7,961.57,6730.990000000001
3389,423,2,926.78,1853.56
3389,272,8,825.05,6600.4
3389,142,9,926.33,8336.970000000001
3390,101,10,336.57,3365.7
3390,32,7,54.84,383.88
3390,352,10,934.59,9345.9
3391,427,9,117.88,1060.92
3391,413,5,961.57,4807.85
3392,386,3,677.38,2032.14
3392,472,1,818.12,818.12
3392,329,3,112.17,336.51
3392,345,7,877.07,6139.490000000001
3393,467,9,39.01,351.09
3393,116,7,69.85,488.94999999999993
3393,208,3,704.62,2113.86
3393,7,10,127.04,1270.4
3394,235,3,192.61,577.83
3395,134,5,65.55,327.75
3395,433,10,699.91,6999.099999999999
3396,152,3,87.64,262.92
3396,52,6,598.0,3588.0
3396,363,6,92.76,556.5600000000001
3396,41,4,861.68,3446.72
3396,374,10,21.24,212.4
3397,299,1,697.76,697.76
3397,408,8,639.58,5116.64
3397,355,5,765.1,3825.5
3397,247,3,358.47,1075.41
3398,430,8,457.4,3659.2
3399,293,3,830.2,2490.6000000000004
3399,161,10,94.84,948.4
3399,246,7,398.62,2790.34
3399,498,7,696.62,4876.34
3400,206,8,924.26,7394.08
3401,170,8,517.32,4138.56
3401,358,1,949.19,949.19
3401,123,9,436.27,3926.43
3401,175,1,727.6,727.6
3402,427,5,117.88,589.4
3402,344,8,36.56,292.48
3402,327,5,140.85,704.25
3402,348,9,785.96,7073.64
3403,324,10,524.25,5242.5
3403,360,5,769.44,3847.2
3403,306,7,826.6,5786.2
3403,160,5,682.9,3414.5
3403,219,2,774.62,1549.24
3404,486,9,209.45,1885.05
3404,36,5,768.17,3840.85
3404,54,2,252.29,504.58
3404,453,7,432.4,3026.8
3404,39,8,381.89,3055.12
3405,239,9,707.69,6369.210000000001
3405,41,6,861.68,5170.08
3405,222,4,921.34,3685.36
3405,223,7,833.0,5831.0
3406,329,2,112.17,224.34
3406,403,7,626.49,4385.43
3406,348,5,785.96,3929.8
3406,406,10,159.06,1590.6
3406,298,9,408.82,3679.38
3407,335,6,750.79,4504.74
3407,143,1,567.87,567.87
3407,264,10,687.85,6878.5
3408,299,7,697.76,4884.32
3408,53,1,675.3,675.3
3408,148,6,568.32,3409.92
3408,31,3,748.35,2245.05
3408,12,2,957.79,1915.58
3409,321,3,434.94,1304.82
3409,311,8,55.48,443.84
3409,349,1,499.94,499.94
3409,400,7,334.03,2338.21
3410,479,10,703.56,7035.599999999999
3410,93,1,517.69,517.69
3410,241,1,581.57,581.57
3410,181,9,367.51,3307.59
3410,99,3,935.41,2806.23
3411,399,6,867.37,5204.22
3411,307,9,329.64,2966.76
3411,268,2,542.23,1084.46
3412,156,9,402.74,3624.66
3412,368,10,701.69,7016.900000000001
3412,138,9,895.84,8062.56
3412,70,4,382.7,1530.8
3412,22,1,541.29,541.29
3413,20,9,121.09,1089.81
3413,302,9,102.21,919.89
3413,257,4,931.39,3725.56
3414,174,5,419.67,2098.35
3414,113,2,146.12,292.24
3414,356,9,26.52,238.68
3414,25,6,493.94,2963.64
3415,366,3,637.95,1913.85
3416,130,1,306.97,306.97
3417,293,6,830.2,4981.200000000001
3418,100,2,423.4,846.8
3418,378,10,735.61,7356.1
3418,275,10,111.39,1113.9
3418,262,6,203.18,1219.08
3419,130,6,306.97,1841.82
3420,403,9,626.49,5638.41
3421,150,8,390.01,3120.08
3421,133,9,385.47,3469.2300000000005
3422,262,8,203.18,1625.44
3422,268,10,542.23,5422.3
3422,30,1,31.55,31.55
3422,159,9,941.73,8475.57
3423,73,2,807.72,1615.44
3424,274,7,446.95,3128.65
3424,187,1,341.39,341.39
3425,330,7,145.76,1020.32
3425,385,6,775.6,4653.6
3426,297,4,796.65,3186.6
3427,477,5,808.15,4040.75
3427,450,3,60.13,180.39
3427,435,10,100.3,1003.0
3428,148,8,568.32,4546.56
3428,154,5,840.29,4201.45
3428,300,6,460.15,2760.9
3428,340,7,321.36,2249.52
3429,177,3,386.92,1160.76
3429,304,5,851.61,4258.05
3429,296,1,381.42,381.42
3430,264,2,687.85,1375.7
3430,373,6,22.54,135.24
3431,34,7,986.28,6903.96
3431,369,8,67.33,538.64
3431,5,3,21.32,63.96
3431,160,6,682.9,4097.4
3431,455,7,451.55,3160.85
3432,490,2,848.02,1696.04
3432,208,10,704.62,7046.2
3433,333,4,614.22,2456.88
3433,177,5,386.92,1934.6
3434,6,8,695.84,5566.72
3434,103,5,658.06,3290.3
3434,355,8,765.1,6120.8
3435,409,5,951.48,4757.4
3435,417,6,463.87,2783.2200000000003
3435,411,6,314.44,1886.64
3435,49,10,767.84,7678.400000000001
3435,92,4,365.67,1462.68
3436,265,3,841.49,2524.4700000000003
3436,300,2,460.15,920.3
3436,51,4,248.26,993.04
3437,76,1,250.43,250.43
3437,455,8,451.55,3612.4
3437,244,2,864.01,1728.02
3438,360,6,769.44,4616.64
3438,206,4,924.26,3697.04
3438,432,2,809.52,1619.04
3439,377,1,752.28,752.28
3439,72,1,307.73,307.73
3439,200,4,832.97,3331.88
3439,360,7,769.44,5386.08
3439,162,3,800.07,2400.21
3440,70,2,382.7,765.4
3441,439,8,560.39,4483.12
3441,312,8,26.12,208.96
3442,101,9,336.57,3029.13
3442,67,9,942.17,8479.529999999999
3442,460,4,425.04,1700.16
3443,51,6,248.26,1489.56
3443,159,6,941.73,5650.38
3443,60,9,820.2,7381.8
3443,349,6,499.94,2999.64
3443,488,3,68.96,206.88
3444,275,3,111.39,334.17
3444,30,6,31.55,189.3
3444,236,3,437.81,1313.43
3445,171,7,98.72,691.04
3446,80,8,275.78,2206.24
3446,253,6,149.94,899.64
3446,259,10,195.23,1952.3
3447,305,1,403.74,403.74
3448,484,1,605.65,605.65
3448,473,6,65.35,392.1
3448,460,5,425.04,2125.2000000000003
3448,304,10,851.61,8516.1
3448,185,2,338.9,677.8
3449,372,5,661.47,3307.3500000000004
3449,291,5,135.62,678.1
3449,195,8,371.37,2970.96
3449,275,4,111.39,445.56
3450,84,6,484.6,2907.6000000000004
3450,142,3,926.33,2778.99
3451,2,5,16.76,83.80000000000001
3451,454,2,909.22,1818.44
3451,464,8,350.59,2804.72
3451,308,2,551.84,1103.68
3451,123,6,436.27,2617.62
3452,390,8,921.02,7368.16
3452,429,4,129.53,518.12
3452,28,5,568.27,2841.35
3452,469,5,363.86,1819.3
3452,61,10,877.5,8775.0
3453,324,4,524.25,2097.0
3453,306,8,826.6,6612.8
3453,10,9,642.32,5780.88
3454,451,4,438.82,1755.28
3454,80,2,275.78,551.56
3455,104,2,264.75,529.5
3455,98,2,154.46,308.92
3455,10,4,642.32,2569.28
3455,76,4,250.43,1001.72
3456,355,3,765.1,2295.3
3456,485,7,483.21,3382.47
3456,383,1,64.88,64.88
3456,451,9,438.82,3949.38
3456,103,8,658.06,5264.48
3457,133,9,385.47,3469.2300000000005
3457,290,2,919.58,1839.16
3458,205,9,586.42,5277.78
3458,377,8,752.28,6018.24
3458,7,4,127.04,508.16
3458,86,1,219.69,219.69
3459,161,3,94.84,284.52
3459,186,6,806.04,4836.24
3459,500,2,593.06,1186.12
3459,385,6,775.6,4653.6
3460,239,5,707.69,3538.4500000000003
3460,49,7,767.84,5374.88
3460,34,6,986.28,5917.68
3460,180,4,426.89,1707.56
3461,274,8,446.95,3575.6
3461,210,9,118.28,1064.52
3462,186,10,806.04,8060.4
3462,448,2,906.03,1812.06
3462,170,6,517.32,3103.92
3462,489,7,707.65,4953.55
3462,25,8,493.94,3951.52
3463,318,7,91.6,641.1999999999999
3463,235,8,192.61,1540.88
3463,129,2,569.35,1138.7
3464,147,3,929.59,2788.77
3464,21,10,903.86,9038.6
3464,197,7,684.9,4794.3
3464,144,10,929.48,9294.8
3465,320,4,312.45,1249.8
3465,400,7,334.03,2338.21
3466,376,10,266.65,2666.5
3466,170,5,517.32,2586.6000000000004
3466,74,7,566.76,3967.32
3466,24,7,683.49,4784.43
3466,459,5,96.84,484.2000000000001
3467,386,10,677.38,6773.8
3467,330,10,145.76,1457.6
3467,480,10,567.97,5679.700000000001
3467,170,1,517.32,517.32
3467,267,1,299.17,299.17
3468,363,10,92.76,927.6
3468,339,9,390.19,3511.71
3468,452,6,501.17,3007.02
3468,472,8,818.12,6544.96
3468,90,4,556.56,2226.24
3469,437,4,305.85,1223.4
3469,129,6,569.35,3416.1000000000004
3469,466,3,35.8,107.4
3469,273,2,824.38,1648.76
3469,60,2,820.2,1640.4
3470,291,9,135.62,1220.58
3470,211,5,668.05,3340.25
3470,162,5,800.07,4000.35
3470,309,3,853.9,2561.7
3471,336,5,619.92,3099.6
3471,459,9,96.84,871.5600000000001
3471,20,9,121.09,1089.81
3471,217,5,584.71,2923.55
3472,43,8,136.07,1088.56
3472,332,10,77.73,777.3000000000001
3472,147,6,929.59,5577.54
3472,499,8,789.12,6312.96
3472,450,3,60.13,180.39
3473,384,6,175.21,1051.26
3473,273,10,824.38,8243.8
3473,384,6,175.21,1051.26
3473,23,9,855.94,7703.460000000001
3474,279,10,217.78,2177.8
3475,293,2,830.2,1660.4
3475,436,8,402.28,3218.24
3476,112,10,58.03,580.3
3476,167,2,450.29,900.58
3476,353,3,862.21,2586.63
3476,44,5,758.62,3793.1
3476,464,9,350.59,3155.31
3477,327,8,140.85,1126.8
3477,298,2,408.82,817.64
3477,92,8,365.67,2925.36
3477,258,1,175.2,175.2
3477,150,6,390.01,2340.06
3478,37,5,964.14,4820.7
3478,449,6,131.3,787.8000000000001
3478,84,2,484.6,969.2
3479,209,8,597.88,4783.04
3479,442,3,139.41,418.23
3479,289,9,144.23,1298.07
3479,66,7,500.66,3504.6200000000003
3480,85,3,310.16,930.48
3481,69,4,422.16,1688.64
3482,196,7,207.8,1454.6
3482,308,9,551.84,4966.56
3482,288,2,985.63,1971.26
3483,345,10,877.07,8770.7
3483,411,8,314.44,2515.52
3484,125,6,157.41,944.46
3484,499,10,789.12,7891.2
3484,302,1,102.21,102.21
3485,187,10,341.39,3413.9
3485,395,3,575.82,1727.46
3485,329,2,112.17,224.34
3485,85,8,310.16,2481.28
3485,447,8,449.0,3592.0
3486,32,6,54.84,329.04
3486,321,3,434.94,1304.82
3486,23,9,855.94,7703.460000000001
3487,313,4,446.87,1787.48
3487,394,4,326.74,1306.96
3487,52,6,598.0,3588.0
3487,209,2,597.88,1195.76
3487,44,6,758.62,4551.72
3488,26,8,451.03,3608.24
3489,386,4,677.38,2709.52
3489,291,3,135.62,406.86
3489,199,7,217.55,1522.85
3490,85,2,310.16,620.32
3491,264,2,687.85,1375.7
3491,427,1,117.88,117.88
3491,34,4,986.28,3945.12
3491,285,9,600.89,5408.01
3491,270,3,554.23,1662.69
3492,268,3,542.23,1626.69
3492,96,6,377.0,2262.0
3492,217,6,584.71,3508.26
3493,31,1,748.35,748.35
3493,205,10,586.42,5864.2
3493,150,1,390.01,390.01
3493,100,9,423.4,3810.6
3494,2,9,16.76,150.84
3495,235,6,192.61,1155.66
3495,460,1,425.04,425.04
3495,238,3,596.28,1788.84
3496,71,4,478.78,1915.12
3496,383,7,64.88,454.16
3496,449,2,131.3,262.6
3496,289,6,144.23,865.3799999999999
3497,363,4,92.76,371.04
3497,411,7,314.44,2201.08
3497,168,7,111.21,778.4699999999999
3497,30,3,31.55,94.65
3498,301,6,586.14,3516.84
3498,208,9,704.62,6341.58
3499,138,4,895.84,3583.36
3499,342,4,557.86,2231.44
3499,494,6,145.09,870.54
3499,24,4,683.49,2733.96
3499,291,10,135.62,1356.2
3500,305,6,403.74,2422.44
3501,462,2,796.9,1593.8
3501,347,6,397.83,2386.98
3501,156,5,402.74,2013.7
3501,378,8,735.61,5884.88
3502,382,6,501.19,3007.14
3503,198,10,953.47,9534.7
3503,275,8,111.39,891.12
3504,300,6,460.15,2760.9
3504,373,2,22.54,45.08
3504,474,2,579.94,1159.88
3505,354,7,371.76,2602.32
3505,22,10,541.29,5412.9
3506,499,9,789.12,7102.08
3506,289,4,144.23,576.92
3507,16,8,827.35,6618.8
3507,175,1,727.6,727.6
3508,177,7,386.92,2708.44
3508,385,7,775.6,5429.2
3508,25,7,493.94,3457.58
3508,295,1,636.08,636.08
3508,262,6,203.18,1219.08
3509,323,9,87.16,784.4399999999999
3509,103,2,658.06,1316.12
3510,127,2,274.65,549.3
3510,210,7,118.28,827.96
3510,81,2,606.89,1213.78
3511,277,8,455.24,3641.92
3511,102,6,835.03,5010.18
3511,301,4,586.14,2344.56
3511,341,6,284.2,1705.1999999999998
3511,390,9,921.02,8289.18
3512,40,5,875.81,4379.049999999999
3512,314,1,210.3,210.3
3512,324,6,524.25,3145.5
3512,232,2,520.83,1041.66
3513,145,9,961.85,8656.65
3513,7,1,127.04,127.04
3513,230,3,651.49,1954.47
3513,27,8,140.62,1124.96
3513,136,4,648.46,2593.84
3514,180,8,426.89,3415.12
3514,49,7,767.84,5374.88
3515,270,9,554.23,4988.07
3515,60,2,820.2,1640.4
3516,10,5,642.32,3211.6000000000004
3516,382,8,501.19,4009.52
3516,219,2,774.62,1549.24
3517,99,10,935.41,9354.1
3517,210,6,118.28,709.6800000000001
3518,369,7,67.33,471.31
3518,77,10,650.24,6502.4
3518,418,1,584.96,584.96
3518,328,7,389.24,2724.6800000000003
3518,434,8,837.57,6700.56
3519,283,1,815.39,815.39
3519,431,10,853.96,8539.6
3519,370,3,124.83,374.49
3519,278,3,444.68,1334.04
3519,76,9,250.43,2253.87
3520,250,9,594.27,5348.43
3520,292,8,257.18,2057.44
3520,326,5,988.27,4941.35
3520,41,6,861.68,5170.08
3520,355,6,765.1,4590.6
3521,209,6,597.88,3587.28
3521,191,9,964.93,8684.369999999999
3522,400,2,334.03,668.06
3522,209,8,597.88,4783.04
3522,361,5,408.25,2041.25
3522,98,4,154.46,617.84
3523,414,9,714.54,6430.86
3523,1,9,482.68,4344.12
3523,33,2,73.12,146.24
3523,273,2,824.38,1648.76
3524,44,4,758.62,3034.48
3525,282,9,619.99,5579.91
3525,434,9,837.57,7538.13
3525,21,2,903.86,1807.72
3525,373,9,22.54,202.86
3525,424,8,833.58,6668.64
3526,63,8,70.35,562.8
3526,449,6,131.3,787.8000000000001
3526,59,9,325.71,2931.39
3526,341,4,284.2,1136.8
3527,20,5,121.09,605.45
3527,96,8,377.0,3016.0
3527,422,8,298.76,2390.08
3527,85,1,310.16,310.16
3528,365,1,541.03,541.03
3528,357,10,269.56,2695.6
3529,453,6,432.4,2594.4
3530,165,1,742.26,742.26
3530,443,3,378.52,1135.56
3530,255,9,428.81,3859.29
3530,60,3,820.2,2460.6000000000004
3531,145,5,961.85,4809.25
3531,369,3,67.33,201.99
3531,438,1,40.77,40.77
3532,414,4,714.54,2858.16
3532,237,2,617.97,1235.94
3533,353,8,862.21,6897.68
3533,433,8,699.91,5599.28
3533,370,3,124.83,374.49
3534,394,2,326.74,653.48
3534,494,1,145.09,145.09
3534,65,1,629.73,629.73
3535,468,10,68.01,680.1
3535,472,5,818.12,4090.6
3535,288,2,985.63,1971.26
3535,470,10,974.24,9742.4
3536,373,6,22.54,135.24
3536,200,4,832.97,3331.88
3536,337,9,95.82,862.3799999999999
3537,489,10,707.65,7076.5
3538,51,5,248.26,1241.3
3538,116,2,69.85,139.7
3538,199,3,217.55,652.6500000000001
3538,20,3,121.09,363.27
3538,188,5,974.48,4872.4
3539,376,10,266.65,2666.5
3540,15,7,759.78,5318.46
3540,47,5,255.04,1275.2
3541,309,3,853.9,2561.7
3541,13,3,460.43,1381.29
3542,141,5,56.1,280.5
3542,414,3,714.54,2143.62
3542,495,3,949.21,2847.63
3542,406,5,159.06,795.3
3543,349,3,499.94,1499.82
3543,203,7,162.6,1138.2
3544,113,10,146.12,1461.2
3544,86,1,219.69,219.69
3544,147,1,929.59,929.59
3544,443,4,378.52,1514.08
3544,350,5,504.59,2522.95
3545,329,2,112.17,224.34
3545,8,7,411.36,2879.52
3545,444,4,93.2,372.8
3545,357,1,269.56,269.56
3546,221,9,487.94,4391.46
3546,196,7,207.8,1454.6
3547,163,1,91.22,91.22
3547,207,3,424.12,1272.36
3548,387,6,743.37,4460.22
3548,94,4,107.62,430.48
3548,214,7,966.06,6762.42
3548,142,7,926.33,6484.31
3548,73,3,807.72,2423.16
3549,387,4,743.37,2973.48
3549,256,7,542.01,3794.07
3549,128,9,379.32,3413.88
3550,467,6,39.01,234.06
3551,209,6,597.88,3587.28
3551,108,1,723.11,723.11
3551,256,1,542.01,542.01
3551,150,2,390.01,780.02
3551,446,8,997.19,7977.52
3552,23,10,855.94,8559.400000000001
3552,141,1,56.1,56.1
3552,219,1,774.62,774.62
3553,409,8,951.48,7611.84
3553,258,2,175.2,350.4
3553,233,4,337.68,1350.72
3553,470,1,974.24,974.24
3553,381,8,975.3,7802.4
3554,219,2,774.62,1549.24
3555,318,10,91.6,916.0
3555,487,1,719.77,719.77
3555,96,9,377.0,3393.0
3555,101,8,336.57,2692.56
3556,464,8,350.59,2804.72
3556,222,3,921.34,2764.02
3556,328,3,389.24,1167.72
3556,322,2,104.23,208.46
3557,9,5,772.14,3860.7
3557,169,7,436.67,3056.69
3557,317,2,102.41,204.82
3558,332,3,77.73,233.19
3558,432,9,809.52,7285.68
3558,53,2,675.3,1350.6
3558,127,8,274.65,2197.2
3558,255,1,428.81,428.81
3559,272,4,825.05,3300.2
3559,140,7,888.68,6220.759999999999
3559,25,1,493.94,493.94
3560,174,5,419.67,2098.35
3560,488,3,68.96,206.88
3560,312,3,26.12,78.36
3561,325,7,17.98,125.86
3562,30,3,31.55,94.65
3562,232,4,520.83,2083.32
3562,301,10,586.14,5861.4
3563,429,1,129.53,129.53
3563,324,10,524.25,5242.5
3564,332,8,77.73,621.84
3564,469,3,363.86,1091.58
3564,287,7,577.01,4039.07
3564,180,10,426.89,4268.9
3565,284,7,574.37,4020.59
3565,326,6,988.27,5929.62
3566,335,3,750.79,2252.37
3566,125,8,157.41,1259.28
3567,231,10,930.62,9306.2
3567,323,5,87.16,435.8
3567,97,9,566.9,5102.099999999999
3567,371,1,64.48,64.48
3568,478,6,914.84,5489.04
3568,13,6,460.43,2762.58
3568,75,10,561.71,5617.1
3569,358,7,949.19,6644.33
3570,310,2,895.21,1790.42
3571,103,6,658.06,3948.36
3572,266,3,91.84,275.52
3573,230,5,651.49,3257.45
3573,87,10,126.14,1261.4
3573,267,9,299.17,2692.53
3573,82,7,196.28,1373.96
3574,415,7,922.06,6454.42
3574,113,9,146.12,1315.08
3574,381,7,975.3,6827.099999999999
3574,300,3,460.15,1380.4499999999998
3574,372,4,661.47,2645.88
3575,61,1,877.5,877.5
3576,430,5,457.4,2287.0
3576,238,8,596.28,4770.24
3576,99,5,935.41,4677.05
3577,112,8,58.03,464.24
3577,330,9,145.76,1311.84
3578,151,10,792.59,7925.900000000001
3579,230,10,651.49,6514.9
3579,132,10,761.99,7619.9
3579,322,3,104.23,312.69
3580,481,1,838.33,838.33
3580,272,1,825.05,825.05
3580,450,7,60.13,420.91
3581,222,4,921.34,3685.36
3581,277,7,455.24,3186.6800000000003
3581,215,10,20.44,204.4
3581,232,3,520.83,1562.4900000000002
3581,229,4,123.93,495.72
3582,395,9,575.82,5182.38
3582,341,5,284.2,1421.0
3582,308,9,551.84,4966.56
3583,117,1,934.56,934.56
3583,101,9,336.57,3029.13
3583,176,3,576.24,1728.72
3583,47,2,255.04,510.08
3584,69,7,422.16,2955.1200000000003
3584,268,6,542.23,3253.38
3584,286,5,979.21,4896.05
3584,400,7,334.03,2338.21
3584,205,3,586.42,1759.2599999999998
3585,279,3,217.78,653.34
3586,357,8,269.56,2156.48
3586,76,3,250.43,751.29
3587,295,1,636.08,636.08
3587,260,4,623.22,2492.88
3587,408,4,639.58,2558.32
3588,445,1,918.25,918.25
3589,230,4,651.49,2605.96
3589,402,5,568.17,2840.85
3589,218,7,451.32,3159.24
3589,404,8,595.77,4766.16
3590,32,10,54.84,548.4000000000001
3591,144,9,929.48,8365.32
3591,248,10,180.8,1808.0
3591,415,10,922.06,9220.6
3591,457,2,650.81,1301.62
3591,322,2,104.23,208.46
3592,275,1,111.39,111.39
3592,164,1,714.56,714.56
3592,286,10,979.21,9792.1
3592,304,2,851.61,1703.22
3593,167,4,450.29,1801.16
3593,169,3,436.67,1310.01
3594,280,8,692.24,5537.92
3594,404,10,595.77,5957.7
3595,55,8,444.57,3556.56
3595,174,10,419.67,4196.7
3595,489,1,707.65,707.65
3595,10,7,642.32,4496.240000000001
3595,41,1,861.68,861.68
3596,222,5,921.34,4606.7
3596,87,9,126.14,1135.26
3596,89,2,706.73,1413.46
3597,195,5,371.37,1856.85
3597,227,7,724.77,5073.389999999999
3597,406,4,159.06,636.24
3597,453,1,432.4,432.4
3598,234,10,239.54,2395.4
3598,225,9,786.43,7077.87
3598,290,5,919.58,4597.900000000001
3598,196,4,207.8,831.2
3598,118,4,662.69,2650.76
3599,337,4,95.82,383.28
3600,52,9,598.0,5382.0
3601,443,10,378.52,3785.2
3602,397,5,230.95,1154.75
3602,339,6,390.19,2341.14
3602,207,9,424.12,3817.08
3603,109,3,917.73,2753.19
3603,232,1,520.83,520.83
3603,364,4,921.72,3686.88
3604,363,2,92.76,185.52
3605,386,4,677.38,2709.52
3605,482,5,546.7,2733.5
3605,354,7,371.76,2602.32
3606,249,6,802.61,4815.66
3606,417,7,463.87,3247.09
3606,225,10,786.43,7864.299999999999
3606,429,10,129.53,1295.3
3607,461,10,256.66,2566.6000000000004
3607,31,5,748.35,3741.75
3607,262,7,203.18,1422.26
3608,383,1,64.88,64.88
3608,177,2,386.92,773.84
3609,45,5,676.76,3383.8
3609,401,1,17.89,17.89
3610,198,2,953.47,1906.94
3610,460,9,425.04,3825.36
3610,1,3,482.68,1448.04
3610,156,3,402.74,1208.22
3610,67,4,942.17,3768.68
3611,381,5,975.3,4876.5
3611,233,1,337.68,337.68
3611,436,3,402.28,1206.84
3611,364,7,921.72,6452.04
3611,468,3,68.01,204.03000000000003
3612,148,9,568.32,5114.88
3612,429,2,129.53,259.06
3612,385,8,775.6,6204.8
3613,247,3,358.47,1075.41
3613,240,8,754.8,6038.4
3613,414,4,714.54,2858.16
3614,259,7,195.23,1366.61
3614,465,5,328.39,1641.9499999999998
3615,422,8,298.76,2390.08
3615,440,1,103.78,103.78
3615,330,1,145.76,145.76
3616,205,10,586.42,5864.2
3616,293,2,830.2,1660.4
3617,93,6,517.69,3106.1400000000003
3617,45,2,676.76,1353.52
3617,8,9,411.36,3702.24
3617,422,2,298.76,597.52
3617,270,7,554.23,3879.61
3618,260,6,623.22,3739.32
3618,88,6,915.3,5491.799999999999
3619,144,7,929.48,6506.360000000001
3619,170,2,517.32,1034.64
3619,216,1,515.57,515.57
3620,356,3,26.52,79.56
3620,41,4,861.68,3446.72
3620,499,1,789.12,789.12
3620,350,5,504.59,2522.95
3620,490,7,848.02,5936.139999999999
3621,184,2,144.13,288.26
3622,57,9,148.73,1338.57
3622,111,3,840.68,2522.04
3623,79,2,727.34,1454.68
3624,340,10,321.36,3213.6000000000004
3624,198,7,953.47,6674.29
3625,28,3,568.27,1704.81
3626,236,9,437.81,3940.29
3626,144,6,929.48,5576.88
3626,469,1,363.86,363.86
3627,458,7,883.95,6187.650000000001
3627,284,6,574.37,3446.2200000000003
3627,483,4,47.58,190.32
3627,319,5,173.87,869.35
3628,353,5,862.21,4311.05
3629,268,8,542.23,4337.84
3629,33,7,73.12,511.84
3630,413,7,961.57,6730.990000000001
3630,344,1,36.56,36.56
3630,15,2,759.78,1519.56
3631,197,4,684.9,2739.6
3631,331,1,645.16,645.16
3631,41,6,861.68,5170.08
3632,433,5,699.91,3499.55
3632,346,8,610.86,4886.88
3633,310,6,895.21,5371.26
3633,450,9,60.13,541.1700000000001
3634,7,7,127.04,889.2800000000001
3634,185,9,338.9,3050.1
3634,39,3,381.89,1145.67
3634,244,3,864.01,2592.03
3635,255,8,428.81,3430.48
3635,12,3,957.79,2873.37
3636,20,9,121.09,1089.81
3637,379,6,341.66,2049.96
3637,19,7,368.17,2577.19
3637,311,3,55.48,166.44
3637,12,3,957.79,2873.37
3638,211,8,668.05,5344.4
3638,255,7,428.81,3001.67
3638,98,9,154.46,1390.14
3638,293,8,830.2,6641.6
3638,466,9,35.8,322.2
3639,429,8,129.53,1036.24
3639,181,8,367.51,2940.08
3639,60,2,820.2,1640.4
3640,365,1,541.03,541.03
3640,203,4,162.6,650.4
3640,41,6,861.68,5170.08
3640,392,1,743.26,743.26
3640,243,1,462.97,462.97
3641,101,5,336.57,1682.85
3641,467,9,39.01,351.09
3641,379,10,341.66,3416.6000000000004
3641,14,8,421.69,3373.52
3641,420,5,595.98,2979.9
3642,1,6,482.68,2896.08
3642,458,5,883.95,4419.75
3643,117,5,934.56,4672.799999999999
3644,138,9,895.84,8062.56
3644,124,3,115.95,347.85
3644,496,2,961.06,1922.12
3644,266,3,91.84,275.52
3645,95,5,764.01,3820.05
3645,260,10,623.22,6232.200000000001
3645,376,6,266.65,1599.9
3645,277,3,455.24,1365.72
3646,361,3,408.25,1224.75
3646,350,1,504.59,504.59
3646,93,7,517.69,3623.83
3646,139,5,237.47,1187.35
3646,192,5,298.53,1492.65
3647,410,2,382.51,765.02
3648,70,8,382.7,3061.6
3648,100,4,423.4,1693.6
3648,308,9,551.84,4966.56
3648,120,9,26.56,239.04
3648,99,2,935.41,1870.82
3649,316,4,875.68,3502.72
3649,198,1,953.47,953.47
3649,120,7,26.56,185.92
3649,486,4,209.45,837.8
3650,210,10,118.28,1182.8
3650,252,5,125.78,628.9
3650,425,9,458.23,4124.07
3651,459,9,96.84,871.5600000000001
3652,12,7,957.79,6704.53
3652,487,9,719.77,6477.93
3652,117,1,934.56,934.56
3652,159,7,941.73,6592.110000000001
3652,267,7,299.17,2094.19
3653,311,2,55.48,110.96
3653,173,2,865.08,1730.16
3653,453,1,432.4,432.4
3654,421,6,665.82,3994.92
3654,148,5,568.32,2841.6000000000004
3655,157,2,39.33,78.66
3655,344,3,36.56,109.68
3655,128,4,379.32,1517.28
3656,248,1,180.8,180.8
3656,212,5,616.55,3082.75
3656,220,10,505.46,5054.599999999999
3656,88,9,915.3,8237.699999999999
3657,15,8,759.78,6078.24
3657,135,3,179.67,539.01
3658,189,7,327.46,2292.22
3658,227,1,724.77,724.77
3658,387,1,743.37,743.37
3658,146,4,754.73,3018.92
3658,451,3,438.82,1316.46
3659,275,2,111.39,222.78
3659,486,10,209.45,2094.5
3660,342,10,557.86,5578.6
3660,25,10,493.94,4939.4
3660,217,1,584.71,584.71
3660,42,2,992.92,1985.84
3660,497,2,182.46,364.92
3661,242,4,195.09,780.36
3662,26,4,451.03,1804.12
3663,222,2,921.34,1842.68
3663,354,10,371.76,3717.6
3663,233,8,337.68,2701.44
3663,31,9,748.35,6735.150000000001
3664,188,7,974.48,6821.360000000001
3665,104,1,264.75,264.75
3665,123,9,436.27,3926.43
3665,408,5,639.58,3197.9
3665,334,2,357.68,715.36
3665,97,10,566.9,5669.0
3666,232,9,520.83,4687.47
3666,31,6,748.35,4490.1
3666,214,6,966.06,5796.36
3666,93,1,517.69,517.69
3667,398,4,954.54,3818.16
3668,433,6,699.91,4199.46
3668,461,9,256.66,2309.94
3669,328,1,389.24,389.24
3670,179,9,72.63,653.67
3670,350,8,504.59,4036.72
3670,158,9,495.7,4461.3
3670,402,1,568.17,568.17
3670,432,8,809.52,6476.16
3671,220,1,505.46,505.46
3671,390,4,921.02,3684.08
3671,450,8,60.13,481.04
3671,17,2,683.54,1367.08
3671,305,7,403.74,2826.1800000000003
3672,168,9,111.21,1000.89
3673,219,10,774.62,7746.2
3674,478,4,914.84,3659.36
3674,46,10,536.61,5366.1
3675,25,5,493.94,2469.7
3675,8,8,411.36,3290.88
3675,462,8,796.9,6375.2
3675,169,2,436.67,873.34
3676,390,6,921.02,5526.12
3676,103,4,658.06,2632.24
3676,398,1,954.54,954.54
3676,196,8,207.8,1662.4
3677,244,1,864.01,864.01
3678,485,1,483.21,483.21
3678,284,9,574.37,5169.33
3678,447,6,449.0,2694.0
3678,460,6,425.04,2550.24
3678,256,8,542.01,4336.08
3679,390,3,921.02,2763.06
3680,331,4,645.16,2580.64
3680,380,3,528.62,1585.86
3680,5,4,21.32,85.28
3681,289,2,144.23,288.46
3681,195,7,371.37,2599.59
3682,469,10,363.86,3638.6
3682,279,7,217.78,1524.46
3682,480,9,567.97,5111.7300000000005
3682,334,6,357.68,2146.08
3683,198,8,953.47,7627.76
3683,20,1,121.09,121.09
3683,317,7,102.41,716.87
3683,206,8,924.26,7394.08
3684,12,2,957.79,1915.58
3684,137,7,977.56,6842.92
3684,116,10,69.85,698.5
3685,302,10,102.21,1022.1
3685,133,6,385.47,2312.82
3686,393,2,328.58,657.16
3686,488,6,68.96,413.76
3687,52,7,598.0,4186.0
3688,161,2,94.84,189.68
3688,287,1,577.01,577.01
3688,224,8,354.85,2838.8
3688,425,1,458.23,458.23
3689,401,1,17.89,17.89
3689,50,9,425.05,3825.45
3689,138,5,895.84,4479.2
3690,249,2,802.61,1605.22
3690,339,10,390.19,3901.9
3691,333,3,614.22,1842.66
3691,432,5,809.52,4047.6
3691,444,9,93.2,838.8000000000001
3691,485,5,483.21,2416.05
3691,209,9,597.88,5380.92
3692,252,1,125.78,125.78
3693,442,10,139.41,1394.1
3693,129,2,569.35,1138.7
3693,293,1,830.2,830.2
3693,365,6,541.03,3246.18
3694,326,2,988.27,1976.54
3694,280,6,692.24,4153.4400000000005
3695,206,6,924.26,5545.56
3695,285,9,600.89,5408.01
3695,91,7,386.86,2708.02
3695,205,5,586.42,2932.1
3696,387,4,743.37,2973.48
3696,283,10,815.39,8153.9
3697,112,9,58.03,522.27
3697,497,2,182.46,364.92
3697,86,2,219.69,439.38
3698,420,2,595.98,1191.96
3699,455,5,451.55,2257.75
3699,407,3,33.67,101.01
3699,493,8,110.02,880.16
3699,235,9,192.61,1733.4900000000002
3700,70,6,382.7,2296.2
3701,415,6,922.06,5532.36
3701,136,6,648.46,3890.76
3701,111,2,840.68,1681.36
3701,130,3,306.97,920.91
3701,214,9,966.06,8694.539999999999
3702,345,6,877.07,5262.42
3702,7,2,127.04,254.08
3702,414,3,714.54,2143.62
3702,163,4,91.22,364.88
3703,160,8,682.9,5463.2
3703,230,9,651.49,5863.41
3703,405,2,735.14,1470.28
3703,36,6,768.17,4609.02
3703,207,6,424.12,2544.7200000000003
3704,249,1,802.61,802.61
3704,178,10,308.12,3081.2
3704,95,8,764.01,6112.08
3704,381,3,975.3,2925.9
3705,163,1,91.22,91.22
3705,414,3,714.54,2143.62
3705,301,5,586.14,2930.7
3705,389,5,55.52,277.6
3706,88,5,915.3,4576.5
3706,312,7,26.12,182.84
3706,224,8,354.85,2838.8
3707,167,6,450.29,2701.74
3708,11,1,373.87,373.87
3709,391,9,557.34,5016.06
3710,386,7,677.38,4741.66
3710,292,5,257.18,1285.9
3710,380,8,528.62,4228.96
3711,40,8,875.81,7006.48
3711,329,1,112.17,112.17
3712,157,6,39.33,235.98
3712,222,5,921.34,4606.7
3712,412,4,983.28,3933.12
3712,220,9,505.46,4549.139999999999
3713,118,5,662.69,3313.4500000000003
3713,165,2,742.26,1484.52
3713,184,5,144.13,720.65
3713,487,9,719.77,6477.93
3714,168,3,111.21,333.63
3714,90,7,556.56,3895.92
3714,237,1,617.97,617.97
3714,287,3,577.01,1731.03
3715,229,5,123.93,619.6500000000001
3715,298,7,408.82,2861.74
3715,344,9,36.56,329.04
3716,27,3,140.62,421.86
3716,128,9,379.32,3413.88
3716,61,9,877.5,7897.5
3716,367,5,684.25,3421.25
3717,355,7,765.1,5355.7
3717,195,5,371.37,1856.85
3717,218,3,451.32,1353.96
3717,172,1,600.96,600.96
3718,21,4,903.86,3615.44
3718,457,3,650.81,1952.43
3718,335,8,750.79,6006.32
3718,212,2,616.55,1233.1
3719,240,4,754.8,3019.2
3719,128,9,379.32,3413.88
3719,36,7,768.17,5377.19
3720,334,6,357.68,2146.08
3720,489,10,707.65,7076.5
3721,264,7,687.85,4814.95
3721,496,9,961.06,8649.539999999999
3721,261,8,952.32,7618.56
3721,337,10,95.82,958.2
3721,19,1,368.17,368.17
3722,439,5,560.39,2801.95
3723,127,10,274.65,2746.5
3723,417,4,463.87,1855.48
3723,11,3,373.87,1121.61
3723,428,1,455.07,455.07
3724,481,4,838.33,3353.32
3724,72,5,307.73,1538.65
3724,32,1,54.84,54.84
3725,274,10,446.95,4469.5
3725,461,3,256.66,769.98
3725,280,8,692.24,5537.92
3725,126,4,531.19,2124.76
3725,175,10,727.6,7276.0
3726,40,6,875.81,5254.86
3727,186,5,806.04,4030.2
3727,143,1,567.87,567.87
3727,461,6,256.66,1539.96
3727,468,4,68.01,272.04
3728,103,7,658.06,4606.42
3728,453,8,432.4,3459.2
3728,457,1,650.81,650.81
3729,350,8,504.59,4036.72
3729,165,8,742.26,5938.08
3729,152,6,87.64,525.84
3729,28,6,568.27,3409.62
3729,241,5,581.57,2907.8500000000004
3730,402,10,568.17,5681.7
3731,320,9,312.45,2812.05
3731,401,5,17.89,89.45
3732,215,4,20.44,81.76
3732,205,7,586.42,4104.94
3732,50,3,425.05,1275.15
3732,74,8,566.76,4534.08
3733,436,3,402.28,1206.84
3734,385,8,775.6,6204.8
3734,190,2,208.84,417.68
3735,440,6,103.78,622.6800000000001
3735,29,8,676.04,5408.32
3735,118,7,662.69,4638.83
3735,124,10,115.95,1159.5
3736,459,7,96.84,677.88
3737,122,3,507.19,1521.57
3737,145,10,961.85,9618.5
3737,269,9,569.99,5129.91
3738,396,5,676.59,3382.9500000000003
3738,108,9,723.11,6507.99
3738,16,7,827.35,5791.45
3739,113,1,146.12,146.12
3739,255,6,428.81,2572.86
3740,166,10,115.49,1154.9
3740,98,1,154.46,154.46
3740,156,4,402.74,1610.96
3740,423,10,926.78,9267.8
3741,466,3,35.8,107.4
3742,36,1,768.17,768.17
3742,158,2,495.7,991.4
3742,66,5,500.66,2503.3
3742,205,3,586.42,1759.2599999999998
3742,284,7,574.37,4020.59
3743,388,1,860.1,860.1
3744,452,2,501.17,1002.34
3745,277,4,455.24,1820.96
3746,395,8,575.82,4606.56
3746,81,1,606.89,606.89
3747,433,1,699.91,699.91
3748,74,4,566.76,2267.04
3748,466,3,35.8,107.4
3749,273,5,824.38,4121.9
3749,246,5,398.62,1993.1
3750,319,2,173.87,347.74
3750,79,8,727.34,5818.72
3751,100,8,423.4,3387.2
3751,46,7,536.61,3756.27
3751,351,4,533.0,2132.0
3752,494,4,145.09,580.36
3752,386,10,677.38,6773.8
3752,56,1,756.84,756.84
3752,189,7,327.46,2292.22
3752,431,6,853.96,5123.76
3753,128,6,379.32,2275.92
3753,172,10,600.96,6009.6
3754,150,2,390.01,780.02
3754,405,10,735.14,7351.4
3754,66,4,500.66,2002.64
3755,290,8,919.58,7356.64
3755,248,3,180.8,542.4000000000001
3756,279,2,217.78,435.56
3756,338,3,754.92,2264.76
3756,298,10,408.82,4088.2
3756,347,2,397.83,795.66
3756,200,7,832.97,5830.79
3757,303,5,638.49,3192.45
3758,207,3,424.12,1272.36
3759,173,8,865.08,6920.64
3759,112,7,58.03,406.21
3759,335,6,750.79,4504.74
3759,167,3,450.29,1350.87
3760,162,5,800.07,4000.35
3760,111,6,840.68,5044.08
3760,415,4,922.06,3688.24
3760,482,10,546.7,5467.0
3760,259,8,195.23,1561.84
3761,329,6,112.17,673.02
3761,257,1,931.39,931.39
3761,472,8,818.12,6544.96
3761,431,1,853.96,853.96
3761,419,9,640.84,5767.56
3762,84,1,484.6,484.6
3762,128,7,379.32,2655.24
3762,462,8,796.9,6375.2
3763,435,3,100.3,300.9
3764,202,2,309.8,619.6
3765,371,1,64.48,64.48
3765,408,3,639.58,1918.74
3765,453,3,432.4,1297.1999999999998
3765,497,2,182.46,364.92
3765,253,6,149.94,899.64
3766,406,1,159.06,159.06
3766,341,5,284.2,1421.0
3766,269,5,569.99,2849.95
3766,312,9,26.12,235.08
3766,404,10,595.77,5957.7
3767,335,3,750.79,2252.37
3767,9,3,772.14,2316.42
3768,462,4,796.9,3187.6
3768,105,3,966.84,2900.52
3769,308,6,551.84,3311.04
3769,163,2,91.22,182.44
3770,102,6,835.03,5010.18
3770,78,6,848.66,5091.96
3770,376,1,266.65,266.65
3771,139,6,237.47,1424.82
3771,96,5,377.0,1885.0
3772,418,4,584.96,2339.84
3773,111,9,840.68,7566.12
3773,482,9,546.7,4920.3
3773,158,5,495.7,2478.5
3773,295,4,636.08,2544.32
3773,377,10,752.28,7522.799999999999
3774,362,3,542.28,1626.84
3774,86,5,219.69,1098.45
3775,105,10,966.84,9668.4
3775,187,7,341.39,2389.73
3776,415,1,922.06,922.06
3776,166,6,115.49,692.9399999999999
3776,88,10,915.3,9153.0
3776,209,9,597.88,5380.92
3776,455,4,451.55,1806.2
3777,177,5,386.92,1934.6
3777,141,2,56.1,112.2
3777,92,3,365.67,1097.01
3778,92,6,365.67,2194.02
3778,236,10,437.81,4378.1
3778,490,7,848.02,5936.139999999999
3778,103,6,658.06,3948.36
3779,22,3,541.29,1623.87
3779,66,1,500.66,500.66
3779,197,2,684.9,1369.8
3779,25,3,493.94,1481.82
3779,362,4,542.28,2169.12
3780,245,2,320.27,640.54
3780,349,8,499.94,3999.52
3781,291,6,135.62,813.72
3781,179,5,72.63,363.15
3781,464,3,350.59,1051.77
3781,22,2,541.29,1082.58
3781,114,1,77.29,77.29
3782,277,5,455.24,2276.2
3782,259,2,195.23,390.46
3782,491,10,960.95,9609.5
3782,322,4,104.23,416.92
3782,349,8,499.94,3999.52
3783,459,10,96.84,968.4
3784,99,8,935.41,7483.28
3784,437,2,305.85,611.7
3784,100,4,423.4,1693.6
3784,18,2,530.25,1060.5
3785,251,7,320.05,2240.35
3785,242,3,195.09,585.27
3786,225,6,786.43,4718.58
3786,181,3,367.51,1102.53
3786,83,9,727.06,6543.539999999999
3786,167,7,450.29,3152.03
3787,18,3,530.25,1590.75
3788,435,7,100.3,702.1
3788,268,2,542.23,1084.46
3788,60,8,820.2,6561.6
3788,314,4,210.3,841.2
3788,441,1,130.24,130.24
3789,373,3,22.54,67.62
3789,207,9,424.12,3817.08
3789,205,5,586.42,2932.1
3789,146,6,754.73,4528.38
3789,322,3,104.23,312.69
3790,309,3,853.9,2561.7
3790,54,2,252.29,504.58
3791,404,6,595.77,3574.62
3791,145,6,961.85,5771.1
3792,497,5,182.46,912.3
3793,18,2,530.25,1060.5
3793,341,10,284.2,2842.0
3794,318,4,91.6,366.4
3794,373,1,22.54,22.54
3794,21,9,903.86,8134.74
3795,484,8,605.65,4845.2
3795,164,3,714.56,2143.68
3795,179,5,72.63,363.15
3795,414,8,714.54,5716.32
3795,406,10,159.06,1590.6
3796,403,3,626.49,1879.47
3796,350,3,504.59,1513.77
3796,167,2,450.29,900.58
3797,297,5,796.65,3983.25
3797,165,6,742.26,4453.56
3798,236,10,437.81,4378.1
3799,59,5,325.71,1628.55
3800,254,1,600.46,600.46
3800,12,7,957.79,6704.53
3800,204,8,83.23,665.84
3800,428,7,455.07,3185.49
3801,244,4,864.01,3456.04
3801,105,3,966.84,2900.52
3802,465,7,328.39,2298.73
3802,409,6,951.48,5708.88
3802,146,2,754.73,1509.46
3802,129,6,569.35,3416.1000000000004
3802,83,10,727.06,7270.599999999999
3803,337,8,95.82,766.56
3803,94,9,107.62,968.58
3803,393,5,328.58,1642.9
3804,82,9,196.28,1766.52
3805,123,6,436.27,2617.62
3805,254,9,600.46,5404.14
3805,22,9,541.29,4871.61
3805,392,4,743.26,2973.04
3805,396,9,676.59,6089.31
3806,474,8,579.94,4639.52
3806,245,3,320.27,960.81
3806,212,7,616.55,4315.849999999999
3806,165,3,742.26,2226.78
3807,238,5,596.28,2981.4
3807,365,7,541.03,3787.21
3807,454,8,909.22,7273.76
3807,103,3,658.06,1974.18
3807,158,10,495.7,4957.0
3808,316,4,875.68,3502.72
3808,292,6,257.18,1543.08
3808,309,6,853.9,5123.4
3809,56,3,756.84,2270.52
3809,161,9,94.84,853.5600000000001
3809,487,3,719.77,2159.31
3809,312,3,26.12,78.36
3810,158,2,495.7,991.4
3811,38,7,454.05,3178.35
3811,301,3,586.14,1758.42
3811,13,5,460.43,2302.15
3812,405,7,735.14,5145.98
3812,116,4,69.85,279.4
3812,384,10,175.21,1752.1
3812,178,5,308.12,1540.6
3812,392,3,743.26,2229.78
3813,275,3,111.39,334.17
3814,53,2,675.3,1350.6
3814,85,5,310.16,1550.8000000000002
3814,62,10,228.83,2288.3
3815,134,1,65.55,65.55
3815,95,1,764.01,764.01
3815,275,10,111.39,1113.9
3815,44,7,758.62,5310.34
3815,414,7,714.54,5001.78
3816,174,1,419.67,419.67
3816,358,3,949.19,2847.57
3816,426,7,944.12,6608.84
3816,102,7,835.03,5845.21
3817,144,1,929.48,929.48
3817,400,10,334.03,3340.3
3817,327,6,140.85,845.0999999999999
3818,253,2,149.94,299.88
3818,219,8,774.62,6196.96
3819,434,1,837.57,837.57
3820,429,1,129.53,129.53
3821,410,4,382.51,1530.04
3821,413,6,961.57,5769.42
3822,356,3,26.52,79.56
3822,40,3,875.81,2627.43
3822,448,3,906.03,2718.09
3822,361,5,408.25,2041.25
3822,117,8,934.56,7476.48
3823,136,4,648.46,2593.84
3823,40,7,875.81,6130.67
3823,292,1,257.18,257.18
3823,472,1,818.12,818.12
3823,460,7,425.04,2975.28
3824,115,8,226.53,1812.24
3824,300,8,460.15,3681.2
3825,219,7,774.62,5422.34
3825,84,5,484.6,2423.0
3825,474,7,579.94,4059.58
3826,104,1,264.75,264.75
3826,70,8,382.7,3061.6
3826,9,7,772.14,5404.98
3826,174,3,419.67,1259.01
3827,104,9,264.75,2382.75
3827,260,6,623.22,3739.32
3828,246,6,398.62,2391.7200000000003
3828,160,4,682.9,2731.6
3828,470,8,974.24,7793.92
3828,220,3,505.46,1516.38
3828,333,4,614.22,2456.88
3829,181,8,367.51,2940.08
3830,219,4,774.62,3098.48
3830,137,2,977.56,1955.12
3831,252,2,125.78,251.56
3831,99,1,935.41,935.41
3831,13,10,460.43,4604.3
3831,426,5,944.12,4720.6
3832,146,7,754.73,5283.110000000001
3833,145,2,961.85,1923.7
3833,378,7,735.61,5149.27
3834,461,2,256.66,513.32
3834,384,4,175.21,700.84
3834,112,8,58.03,464.24
3835,390,7,921.02,6447.139999999999
3835,88,9,915.3,8237.699999999999
3835,396,6,676.59,4059.54
3835,323,8,87.16,697.28
3836,362,4,542.28,2169.12
3836,436,5,402.28,2011.4
3836,104,10,264.75,2647.5
3836,289,5,144.23,721.15
3837,78,5,848.66,4243.3
3838,290,6,919.58,5517.4800000000005
3838,429,6,129.53,777.1800000000001
3838,253,2,149.94,299.88
3838,375,9,527.78,4750.02
3839,37,2,964.14,1928.28
3840,134,10,65.55,655.5
3840,201,4,676.25,2705.0
3840,327,3,140.85,422.55
3840,110,5,957.66,4788.3
3840,296,3,381.42,1144.26
3841,340,9,321.36,2892.24
3841,138,4,895.84,3583.36
3841,167,8,450.29,3602.32
3842,62,2,228.83,457.66
3842,39,8,381.89,3055.12
3842,431,3,853.96,2561.88
3843,437,7,305.85,2140.9500000000003
3843,175,6,727.6,4365.6
3843,95,4,764.01,3056.04
3844,305,5,403.74,2018.7
3844,413,8,961.57,7692.56
3844,190,10,208.84,2088.4
3844,7,1,127.04,127.04
3844,466,3,35.8,107.4
3845,191,6,964.93,5789.58
3845,118,4,662.69,2650.76
3845,77,7,650.24,4551.68
3845,22,3,541.29,1623.87
3845,264,7,687.85,4814.95
3846,420,5,595.98,2979.9
3847,459,4,96.84,387.36
3847,311,9,55.48,499.32
3848,378,2,735.61,1471.22
3848,282,1,619.99,619.99
3848,293,1,830.2,830.2
3849,150,9,390.01,3510.09
3849,457,6,650.81,3904.86
3850,166,5,115.49,577.4499999999999
3850,30,3,31.55,94.65
3850,77,2,650.24,1300.48
3850,250,7,594.27,4159.889999999999
3851,460,10,425.04,4250.400000000001
3851,38,10,454.05,4540.5
3851,217,1,584.71,584.71
3852,173,8,865.08,6920.64
3852,66,9,500.66,4505.9400000000005
3853,321,1,434.94,434.94
3853,51,5,248.26,1241.3
3853,266,8,91.84,734.72
3853,20,7,121.09,847.63
3854,12,8,957.79,7662.32
3854,274,9,446.95,4022.55
3855,23,4,855.94,3423.76
3855,253,8,149.94,1199.52
3855,272,1,825.05,825.05
3856,458,2,883.95,1767.9
3856,455,9,451.55,4063.95
3856,478,8,914.84,7318.72
3856,431,6,853.96,5123.76
3857,268,8,542.23,4337.84
3857,156,3,402.74,1208.22
3857,363,7,92.76,649.32
3857,217,4,584.71,2338.84
3858,335,6,750.79,4504.74
3859,117,9,934.56,8411.039999999999
3860,91,10,386.86,3868.6
3860,437,1,305.85,305.85
3860,143,1,567.87,567.87
3860,7,3,127.04,381.12
3860,382,8,501.19,4009.52
3861,377,10,752.28,7522.799999999999
3861,337,2,95.82,191.64
3862,263,6,510.38,3062.28
3862,78,1,848.66,848.66
3862,380,8,528.62,4228.96
3863,349,1,499.94,499.94
3863,144,5,929.48,4647.4
3863,110,4,957.66,3830.64
3863,318,6,91.6,549.5999999999999
3864,170,6,517.32,3103.92
3865,224,8,354.85,2838.8
3865,100,5,423.4,2117.0
3866,403,4,626.49,2505.96
3866,224,4,354.85,1419.4
3866,356,1,26.52,26.52
3866,1,7,482.68,3378.76
3866,35,8,294.22,2353.76
3867,68,1,787.95,787.95
3867,466,7,35.8,250.6
3868,271,9,123.06,1107.54
3869,456,7,617.97,4325.79
3869,223,7,833.0,5831.0
3870,217,2,584.71,1169.42
3870,215,10,20.44,204.4
3870,15,1,759.78,759.78
3871,132,9,761.99,6857.91
3871,265,7,841.49,5890.43
3871,438,6,40.77,244.62
3871,234,4,239.54,958.16
3871,382,9,501.19,4510.71
3872,474,1,579.94,579.94
3872,311,7,55.48,388.36
3872,34,8,986.28,7890.24
3872,115,4,226.53,906.12
3872,311,10,55.48,554.8
3873,226,3,354.82,1064.46
3873,270,9,554.23,4988.07
3873,400,10,334.03,3340.3
3874,22,1,541.29,541.29
3874,125,6,157.41,944.46
3874,195,6,371.37,2228.2200000000003
3874,453,1,432.4,432.4
3875,460,10,425.04,4250.400000000001
3875,278,3,444.68,1334.04
3875,483,3,47.58,142.74
3876,156,1,402.74,402.74
3876,440,5,103.78,518.9
3876,384,9,175.21,1576.89
3876,452,7,501.17,3508.19
3877,431,7,853.96,5977.72
3877,4,8,308.93,2471.44
3877,326,1,988.27,988.27
3877,2,7,16.76,117.32
3877,173,7,865.08,6055.56
3878,263,2,510.38,1020.76
3879,250,1,594.27,594.27
3879,426,8,944.12,7552.96
3879,390,4,921.02,3684.08
3879,15,10,759.78,7597.799999999999
3879,348,10,785.96,7859.6
3880,4,2,308.93,617.86
3880,165,10,742.26,7422.6
3880,3,9,452.27,4070.43
3880,370,3,124.83,374.49
3880,398,8,954.54,7636.32
3881,26,7,451.03,3157.21
3881,244,6,864.01,5184.06
3882,15,2,759.78,1519.56
3882,258,8,175.2,1401.6
3882,205,1,586.42,586.42
3882,233,9,337.68,3039.12
3883,147,5,929.59,4647.95
3883,329,3,112.17,336.51
3883,146,7,754.73,5283.110000000001
3883,311,10,55.48,554.8
3883,348,5,785.96,3929.8
3884,83,10,727.06,7270.599999999999
3884,389,9,55.52,499.68
3885,447,2,449.0,898.0
3885,31,4,748.35,2993.4
3886,307,1,329.64,329.64
3886,469,2,363.86,727.72
3886,71,5,478.78,2393.9
3886,341,6,284.2,1705.1999999999998
3886,242,10,195.09,1950.9
3887,280,1,692.24,692.24
3887,439,7,560.39,3922.73
3887,93,10,517.69,5176.900000000001
3887,252,3,125.78,377.34
3888,315,9,883.33,7949.97
3888,322,8,104.23,833.84
3888,161,4,94.84,379.36
3889,439,10,560.39,5603.9
3889,345,9,877.07,7893.63
3889,9,3,772.14,2316.42
3890,455,9,451.55,4063.95
3890,479,5,703.56,3517.8
3890,483,4,47.58,190.32
3890,473,1,65.35,65.35
3890,452,3,501.17,1503.51
3891,357,8,269.56,2156.48
3892,292,8,257.18,2057.44
3892,122,9,507.19,4564.71
3892,136,1,648.46,648.46
3892,499,7,789.12,5523.84
3893,165,4,742.26,2969.04
3893,376,2,266.65,533.3
3893,349,6,499.94,2999.64
3894,194,1,332.63,332.63
3894,467,2,39.01,78.02
3894,187,7,341.39,2389.73
3894,49,5,767.84,3839.2
3894,332,10,77.73,777.3000000000001
3895,138,2,895.84,1791.68
3895,304,6,851.61,5109.66
3895,56,1,756.84,756.84
3895,175,4,727.6,2910.4
3895,467,8,39.01,312.08
3896,426,1,944.12,944.12
3896,354,10,371.76,3717.6
3896,2,3,16.76,50.28
3896,428,7,455.07,3185.49
3897,377,8,752.28,6018.24
3898,441,9,130.24,1172.16
3899,25,9,493.94,4445.46
3900,172,3,600.96,1802.88
3900,377,7,752.28,5265.96
3900,345,3,877.07,2631.21
3900,304,9,851.61,7664.49
3901,181,9,367.51,3307.59
3901,469,3,363.86,1091.58
3901,245,5,320.27,1601.35
3901,271,5,123.06,615.3
3902,5,1,21.32,21.32
3903,209,9,597.88,5380.92
3903,331,10,645.16,6451.599999999999
3903,247,6,358.47,2150.82
3903,236,10,437.81,4378.1
3903,142,3,926.33,2778.99
3904,419,5,640.84,3204.2000000000003
3904,43,2,136.07,272.14
3904,446,2,997.19,1994.38
3904,62,7,228.83,1601.8100000000002
3905,186,10,806.04,8060.4
3905,500,2,593.06,1186.12
3905,101,10,336.57,3365.7
3905,314,7,210.3,1472.1
3906,356,7,26.52,185.64
3906,403,7,626.49,4385.43
3906,53,3,675.3,2025.9
3906,124,1,115.95,115.95
3907,276,3,753.83,2261.49
3907,65,1,629.73,629.73
3907,4,4,308.93,1235.72
3907,161,10,94.84,948.4
3907,322,2,104.23,208.46
3908,358,7,949.19,6644.33
3908,415,4,922.06,3688.24
3909,224,5,354.85,1774.25
3909,203,4,162.6,650.4
3909,493,6,110.02,660.12
3910,419,5,640.84,3204.2000000000003
3910,73,6,807.72,4846.32
3911,2,1,16.76,16.76
3911,410,2,382.51,765.02
3911,426,3,944.12,2832.36
3911,301,1,586.14,586.14
3912,64,5,880.92,4404.599999999999
3912,396,3,676.59,2029.77
3913,417,7,463.87,3247.09
3913,18,10,530.25,5302.5
3914,280,3,692.24,2076.7200000000003
3915,382,4,501.19,2004.76
3915,28,1,568.27,568.27
3915,434,3,837.57,2512.71
3916,376,8,266.65,2133.2
3916,335,7,750.79,5255.53
3916,415,1,922.06,922.06
3916,48,4,282.89,1131.56
3916,274,10,446.95,4469.5
3917,464,1,350.59,350.59
3917,396,3,676.59,2029.77
3917,173,5,865.08,4325.400000000001
3917,106,4,495.69,1982.76
3918,14,5,421.69,2108.45
3918,466,1,35.8,35.8
3919,287,7,577.01,4039.07
3919,103,5,658.06,3290.3
3920,34,8,986.28,7890.24
3920,136,6,648.46,3890.76
3920,217,5,584.71,2923.55
3920,31,1,748.35,748.35
3920,182,4,723.69,2894.76
3921,189,9,327.46,2947.14
3921,250,9,594.27,5348.43
3921,76,3,250.43,751.29
3922,315,8,883.33,7066.64
3922,85,8,310.16,2481.28
3922,494,4,145.09,580.36
3922,51,9,248.26,2234.34
3922,61,6,877.5,5265.0
3923,44,7,758.62,5310.34
3923,406,3,159.06,477.18
3923,52,4,598.0,2392.0
3923,152,3,87.64,262.92
3924,172,7,600.96,4206.72
3925,60,10,820.2,8202.0
3925,98,9,154.46,1390.14
3925,292,7,257.18,1800.26
3925,370,5,124.83,624.15
3925,437,10,305.85,3058.5
3926,87,10,126.14,1261.4
3926,184,5,144.13,720.65
3926,278,10,444.68,4446.8
3927,281,3,614.16,1842.48
3927,247,1,358.47,358.47
3928,135,9,179.67,1617.03
3928,172,7,600.96,4206.72
3928,304,3,851.61,2554.83
3928,291,3,135.62,406.86
3928,22,7,541.29,3789.03
3929,117,1,934.56,934.56
3929,310,7,895.21,6266.47
3930,476,8,184.34,1474.72
3931,133,3,385.47,1156.41
3931,499,4,789.12,3156.48
3931,251,6,320.05,1920.3
3931,43,7,136.07,952.49
3932,68,3,787.95,2363.8500000000004
3932,377,10,752.28,7522.799999999999
3932,261,10,952.32,9523.2
3932,448,9,906.03,8154.269999999999
3932,68,4,787.95,3151.8
3933,45,8,676.76,5414.08
3933,236,7,437.81,3064.67
3933,368,9,701.69,6315.210000000001
3933,248,9,180.8,1627.2
3933,479,8,703.56,5628.48
3934,242,10,195.09,1950.9
3934,466,3,35.8,107.4
3934,432,6,809.52,4857.12
3934,43,7,136.07,952.49
3935,261,4,952.32,3809.28
3936,49,1,767.84,767.84
3936,491,9,960.95,8648.550000000001
3937,137,2,977.56,1955.12
3937,41,6,861.68,5170.08
3938,469,4,363.86,1455.44
3938,309,10,853.9,8539.0
3938,170,2,517.32,1034.64
3938,207,3,424.12,1272.36
3938,184,3,144.13,432.39
3939,436,1,402.28,402.28
3940,107,1,797.03,797.03
3940,362,8,542.28,4338.24
3940,447,7,449.0,3143.0
3941,155,5,771.32,3856.6
3942,158,1,495.7,495.7
3942,460,5,425.04,2125.2000000000003
3943,460,5,425.04,2125.2000000000003
3943,455,2,451.55,903.1
3944,263,10,510.38,5103.8
3944,252,8,125.78,1006.24
3944,304,6,851.61,5109.66
3944,212,3,616.55,1849.65
3944,377,9,752.28,6770.52
3945,202,10,309.8,3098.0
3946,195,6,371.37,2228.2200000000003
3946,331,7,645.16,4516.12
3946,63,5,70.35,351.75
3946,370,3,124.83,374.49
3947,301,5,586.14,2930.7
3947,83,1,727.06,727.06
3948,212,1,616.55,616.55
3948,219,9,774.62,6971.58
3949,219,4,774.62,3098.48
3949,382,1,501.19,501.19
3949,342,10,557.86,5578.6
3950,48,10,282.89,2828.9
3950,219,2,774.62,1549.24
3950,259,10,195.23,1952.3
3950,226,5,354.82,1774.1
3951,384,3,175.21,525.63
3951,95,10,764.01,7640.1
3951,271,9,123.06,1107.54
3951,144,1,929.48,929.48
3952,477,9,808.15,7273.349999999999
3952,424,3,833.58,2500.74
3952,200,1,832.97,832.97
3952,95,2,764.01,1528.02
3953,490,4,848.02,3392.08
3953,118,1,662.69,662.69
3953,80,8,275.78,2206.24
3954,195,2,371.37,742.74
3954,178,9,308.12,2773.08
3954,71,7,478.78,3351.46
3954,196,10,207.8,2078.0
3955,123,5,436.27,2181.35
3955,172,1,600.96,600.96
3956,247,8,358.47,2867.76
3956,457,5,650.81,3254.05
3956,488,2,68.96,137.92
3957,174,4,419.67,1678.68
3957,380,2,528.62,1057.24
3957,143,4,567.87,2271.48
3958,405,6,735.14,4410.84
3958,12,7,957.79,6704.53
3958,288,2,985.63,1971.26
3958,22,1,541.29,541.29
3958,5,1,21.32,21.32
3959,469,4,363.86,1455.44
3959,113,3,146.12,438.36
3959,500,2,593.06,1186.12
3959,249,8,802.61,6420.88
3960,263,7,510.38,3572.66
3960,372,2,661.47,1322.94
3961,216,1,515.57,515.57
3961,319,3,173.87,521.61
3962,102,10,835.03,8350.3
3962,293,10,830.2,8302.0
3962,485,2,483.21,966.42
3962,264,10,687.85,6878.5
3962,323,4,87.16,348.64
3963,11,4,373.87,1495.48
3963,485,8,483.21,3865.68
3964,430,3,457.4,1372.1999999999998
3964,213,5,680.7,3403.5
3964,55,5,444.57,2222.85
3965,231,9,930.62,8375.58
3965,299,10,697.76,6977.6
3965,87,1,126.14,126.14
3966,28,1,568.27,568.27
3966,333,8,614.22,4913.76
3966,39,9,381.89,3437.01
3966,221,7,487.94,3415.58
3967,403,2,626.49,1252.98
3967,288,1,985.63,985.63
3967,424,8,833.58,6668.64
3968,337,10,95.82,958.2
3969,291,9,135.62,1220.58
3970,249,4,802.61,3210.44
3970,222,3,921.34,2764.02
3970,358,9,949.19,8542.710000000001
3970,396,10,676.59,6765.900000000001
3971,20,6,121.09,726.54
3971,289,7,144.23,1009.61
3971,389,4,55.52,222.08
3972,312,2,26.12,52.24
3972,130,9,306.97,2762.7300000000005
3972,281,6,614.16,3684.96
3972,48,9,282.89,2546.01
3972,447,1,449.0,449.0
3973,50,2,425.05,850.1
3973,466,2,35.8,71.6
3973,89,6,706.73,4240.38
3973,157,8,39.33,314.64
3973,498,5,696.62,3483.1
3974,492,7,942.5,6597.5
3974,357,6,269.56,1617.36
3974,417,4,463.87,1855.48
3974,356,10,26.52,265.2
3974,409,2,951.48,1902.96
3975,92,8,365.67,2925.36
3975,82,1,196.28,196.28
3975,155,1,771.32,771.32
3975,409,5,951.48,4757.4
3976,351,1,533.0,533.0
3976,345,5,877.07,4385.35
3977,128,9,379.32,3413.88
3978,218,10,451.32,4513.2
3978,184,9,144.13,1297.17
3979,466,9,35.8,322.2
3980,212,10,616.55,6165.5
3980,145,7,961.85,6732.95
3981,232,4,520.83,2083.32
3982,219,9,774.62,6971.58
3982,152,7,87.64,613.48
3982,202,5,309.8,1549.0
3982,216,1,515.57,515.57
3982,488,8,68.96,551.68
3983,144,3,929.48,2788.44
3984,292,10,257.18,2571.8
3984,254,6,600.46,3602.76
3985,160,7,682.9,4780.3
3985,287,10,577.01,5770.1
3985,360,4,769.44,3077.76
3986,301,6,586.14,3516.84
3986,366,7,637.95,4465.650000000001
3987,102,4,835.03,3340.12
3988,72,5,307.73,1538.65
3988,245,1,320.27,320.27
3988,27,9,140.62,1265.58
3989,313,8,446.87,3574.96
3989,140,1,888.68,888.68
3989,62,9,228.83,2059.4700000000003
3989,401,10,17.89,178.9
3990,110,10,957.66,9576.6
3991,132,10,761.99,7619.9
3992,72,9,307.73,2769.57
3993,96,4,377.0,1508.0
3993,457,2,650.81,1301.62
3993,29,2,676.04,1352.08
3994,333,7,614.22,4299.54
3994,157,7,39.33,275.31
3995,141,9,56.1,504.9
3995,372,5,661.47,3307.3500000000004
3995,286,9,979.21,8812.89
3996,125,6,157.41,944.46
3997,342,3,557.86,1673.58
3997,70,2,382.7,765.4
3998,36,1,768.17,768.17
3998,255,5,428.81,2144.05
3998,421,8,665.82,5326.56
3998,228,3,76.5,229.5
3999,81,4,606.89,2427.56
3999,374,10,21.24,212.4
3999,487,8,719.77,5758.16
4000,391,8,557.34,4458.72
4000,45,5,676.76,3383.8
4000,352,6,934.59,5607.54
4000,314,5,210.3,1051.5
4001,123,9,436.27,3926.43
4002,331,4,645.16,2580.64
4002,193,2,496.1,992.2
4003,312,7,26.12,182.84
4003,468,2,68.01,136.02
4003,106,10,495.69,4956.9
4004,193,10,496.1,4961.0
4004,216,5,515.57,2577.8500000000004
4005,1,7,482.68,3378.76
4005,233,3,337.68,1013.04
4005,265,7,841.49,5890.43
4005,490,3,848.02,2544.06
4006,206,7,924.26,6469.82
4006,232,1,520.83,520.83
4006,206,6,924.26,5545.56
4006,117,4,934.56,3738.24
4006,78,1,848.66,848.66
4007,282,2,619.99,1239.98
4007,464,9,350.59,3155.31
4007,359,5,293.62,1468.1
4007,304,1,851.61,851.61
4008,278,9,444.68,4002.12
4008,221,8,487.94,3903.52
4008,127,1,274.65,274.65
4008,375,4,527.78,2111.12
4009,64,1,880.92,880.92
4009,22,6,541.29,3247.74
4009,338,1,754.92,754.92
4009,117,7,934.56,6541.92
4010,111,7,840.68,5884.759999999999
4010,205,4,586.42,2345.68
4010,320,7,312.45,2187.15
4010,159,1,941.73,941.73
4011,33,9,73.12,658.08
4011,34,2,986.28,1972.56
4012,363,5,92.76,463.8
4012,394,1,326.74,326.74
4012,250,10,594.27,5942.7
4012,175,9,727.6,6548.400000000001
4013,295,4,636.08,2544.32
4014,497,2,182.46,364.92
4014,253,3,149.94,449.82
4014,343,1,611.52,611.52
4014,88,4,915.3,3661.2
4014,46,1,536.61,536.61
4015,111,1,840.68,840.68
4015,495,10,949.21,9492.1
4016,54,4,252.29,1009.16
4016,201,8,676.25,5410.0
4017,468,10,68.01,680.1
4017,448,6,906.03,5436.18
4017,214,4,966.06,3864.24
4017,492,2,942.5,1885.0
4018,270,7,554.23,3879.61
4018,313,1,446.87,446.87
4019,463,7,365.52,2558.64
4019,474,1,579.94,579.94
4019,144,3,929.48,2788.44
4019,34,8,986.28,7890.24
4019,109,6,917.73,5506.38
4020,493,5,110.02,550.1
4020,328,5,389.24,1946.2
4020,239,10,707.69,7076.900000000001
4021,79,5,727.34,3636.7
4021,116,9,69.85,628.65
4021,84,10,484.6,4846.0
4022,337,6,95.82,574.92
4022,377,4,752.28,3009.12
4022,335,9,750.79,6757.11
4023,419,1,640.84,640.84
4023,158,9,495.7,4461.3
4023,452,2,501.17,1002.34
4023,338,9,754.92,6794.28
4023,191,10,964.93,9649.3
4024,460,9,425.04,3825.36
4024,51,4,248.26,993.04
4024,480,5,567.97,2839.8500000000004
4025,464,7,350.59,2454.13
4025,187,3,341.39,1024.17
4025,398,3,954.54,2863.62
4025,460,10,425.04,4250.400000000001
4026,35,2,294.22,588.44
4026,174,8,419.67,3357.36
4027,123,6,436.27,2617.62
4028,333,1,614.22,614.22
4028,164,4,714.56,2858.24
4028,73,7,807.72,5654.04
4028,122,2,507.19,1014.38
4029,106,9,495.69,4461.21
4029,144,7,929.48,6506.360000000001
4029,259,1,195.23,195.23
4030,212,8,616.55,4932.4
4030,155,3,771.32,2313.96
4030,242,7,195.09,1365.63
4031,150,4,390.01,1560.04
4031,35,6,294.22,1765.3200000000002
4032,248,6,180.8,1084.8000000000002
4032,55,1,444.57,444.57
4032,358,2,949.19,1898.38
4032,452,6,501.17,3007.02
4032,191,4,964.93,3859.72
4033,235,8,192.61,1540.88
4034,300,7,460.15,3221.05
4035,448,7,906.03,6342.21
4035,205,1,586.42,586.42
4035,479,6,703.56,4221.36
4036,296,1,381.42,381.42
4036,198,6,953.47,5720.82
4036,439,3,560.39,1681.17
4036,145,3,961.85,2885.55
4036,424,5,833.58,4167.900000000001
4037,174,4,419.67,1678.68
4037,213,10,680.7,6807.0
4038,475,10,361.26,3612.6
4038,126,5,531.19,2655.9500000000003
4038,70,1,382.7,382.7
4038,377,7,752.28,5265.96
4039,472,4,818.12,3272.48
4039,382,2,501.19,1002.38
4039,318,6,91.6,549.5999999999999
4040,152,1,87.64,87.64
4040,307,6,329.64,1977.84
4040,370,8,124.83,998.64
4040,492,2,942.5,1885.0
4040,290,10,919.58,9195.8
4041,376,10,266.65,2666.5
4041,362,9,542.28,4880.52
4041,169,7,436.67,3056.69
4041,163,7,91.22,638.54
4041,436,5,402.28,2011.4
4042,449,7,131.3,919.1
4042,9,6,772.14,4632.84
4043,74,4,566.76,2267.04
4043,40,4,875.81,3503.24
4043,149,6,680.26,4081.56
4043,93,10,517.69,5176.900000000001
4043,409,8,951.48,7611.84
4044,150,8,390.01,3120.08
4044,489,7,707.65,4953.55
4044,365,9,541.03,4869.27
4044,147,1,929.59,929.59
4044,142,6,926.33,5557.9800000000005
4045,239,3,707.69,2123.07
4046,271,8,123.06,984.48
4046,46,2,536.61,1073.22
4046,152,9,87.64,788.76
4046,72,5,307.73,1538.65
4047,32,10,54.84,548.4000000000001
4048,273,10,824.38,8243.8
4049,298,4,408.82,1635.28
4049,206,4,924.26,3697.04
4049,219,4,774.62,3098.48
4049,146,3,754.73,2264.19
4050,232,8,520.83,4166.64
4050,72,4,307.73,1230.92
4050,137,3,977.56,2932.68
4050,197,4,684.9,2739.6
4050,338,10,754.92,7549.2
4051,55,1,444.57,444.57
4051,140,3,888.68,2666.04
4051,133,9,385.47,3469.2300000000005
4052,398,3,954.54,2863.62
4052,293,7,830.2,5811.400000000001
4053,8,10,411.36,4113.6
4053,317,3,102.41,307.23
4053,382,5,501.19,2505.95
4053,18,3,530.25,1590.75
4053,72,8,307.73,2461.84
4054,356,3,26.52,79.56
4054,60,4,820.2,3280.8
4054,60,9,820.2,7381.8
4054,248,6,180.8,1084.8000000000002
4054,60,3,820.2,2460.6000000000004
4055,177,3,386.92,1160.76
4055,25,1,493.94,493.94
4056,18,1,530.25,530.25
4056,400,2,334.03,668.06
4056,432,7,809.52,5666.639999999999
4057,192,3,298.53,895.5899999999999
4057,355,9,765.1,6885.900000000001
4058,360,4,769.44,3077.76
4058,295,5,636.08,3180.4
4059,243,10,462.97,4629.700000000001
4060,436,10,402.28,4022.8
4060,299,1,697.76,697.76
4061,474,6,579.94,3479.6400000000003
4061,352,2,934.59,1869.18
4061,146,6,754.73,4528.38
4062,278,3,444.68,1334.04
4062,490,7,848.02,5936.139999999999
4062,121,1,540.38,540.38
4063,468,10,68.01,680.1
4063,220,10,505.46,5054.599999999999
4063,139,10,237.47,2374.7
4063,359,2,293.62,587.24
4064,165,2,742.26,1484.52
4064,93,1,517.69,517.69
4065,48,5,282.89,1414.4499999999998
4065,492,4,942.5,3770.0
4065,498,4,696.62,2786.48
4065,155,3,771.32,2313.96
4066,272,3,825.05,2475.15
4066,400,8,334.03,2672.24
4067,401,4,17.89,71.56
4067,250,4,594.27,2377.08
4067,77,2,650.24,1300.48
4067,411,7,314.44,2201.08
4068,86,7,219.69,1537.83
4069,423,1,926.78,926.78
4069,371,8,64.48,515.84
4069,145,1,961.85,961.85
4069,477,4,808.15,3232.6
4070,323,4,87.16,348.64
4071,336,10,619.92,6199.2
4071,7,6,127.04,762.24
4071,261,3,952.32,2856.96
4072,283,3,815.39,2446.17
4072,125,5,157.41,787.05
4072,151,2,792.59,1585.18
4073,7,5,127.04,635.2
4073,107,1,797.03,797.03
4073,371,3,64.48,193.44
4073,386,8,677.38,5419.04
4074,271,8,123.06,984.48
4074,46,6,536.61,3219.66
4074,361,9,408.25,3674.25
4074,294,3,398.77,1196.31
4075,496,3,961.06,2883.18
4075,429,6,129.53,777.1800000000001
4075,41,10,861.68,8616.8
4075,124,1,115.95,115.95
4076,299,1,697.76,697.76
4077,35,4,294.22,1176.88
4077,209,9,597.88,5380.92
4077,35,6,294.22,1765.3200000000002
4077,165,7,742.26,5195.82
4078,346,5,610.86,3054.3
4079,87,6,126.14,756.84
4079,443,10,378.52,3785.2
4079,190,8,208.84,1670.72
4080,374,2,21.24,42.48
4080,113,9,146.12,1315.08
4081,62,8,228.83,1830.64
4081,118,10,662.69,6626.900000000001
4081,272,9,825.05,7425.45
4081,16,5,827.35,4136.75
4081,433,10,699.91,6999.099999999999
4082,131,9,657.2,5914.8
4082,323,7,87.16,610.12
4082,149,1,680.26,680.26
4082,413,10,961.57,9615.7
4082,415,10,922.06,9220.6
4083,51,5,248.26,1241.3
4084,30,3,31.55,94.65
4084,32,7,54.84,383.88
4085,335,3,750.79,2252.37
4085,342,3,557.86,1673.58
4086,129,7,569.35,3985.45
4086,171,2,98.72,197.44
4086,84,3,484.6,1453.8000000000002
4087,83,10,727.06,7270.599999999999
4087,212,9,616.55,5548.95
4087,469,2,363.86,727.72
4087,209,2,597.88,1195.76
4087,103,6,658.06,3948.36
4088,415,6,922.06,5532.36
4088,308,4,551.84,2207.36
4088,447,5,449.0,2245.0
4088,473,1,65.35,65.35
4088,414,1,714.54,714.54
4089,436,8,402.28,3218.24
4089,105,7,966.84,6767.88
4090,416,4,418.93,1675.72
4090,313,10,446.87,4468.7
4091,428,8,455.07,3640.56
4091,125,5,157.41,787.05
4091,217,3,584.71,1754.13
4092,436,7,402.28,2815.96
4092,385,8,775.6,6204.8
4092,307,9,329.64,2966.76
4093,187,9,341.39,3072.51
4094,176,3,576.24,1728.72
4094,266,4,91.84,367.36
4095,118,8,662.69,5301.52
4095,82,1,196.28,196.28
4095,76,6,250.43,1502.58
4095,297,9,796.65,7169.849999999999
4095,310,5,895.21,4476.05
4096,329,1,112.17,112.17
4096,480,7,567.97,3975.79
4096,425,2,458.23,916.46
4096,387,4,743.37,2973.48
4096,303,5,638.49,3192.45
4097,298,7,408.82,2861.74
4097,378,5,735.61,3678.05
4097,148,8,568.32,4546.56
4098,399,5,867.37,4336.85
4098,37,7,964.14,6748.98
4098,69,1,422.16,422.16
4098,34,6,986.28,5917.68
4098,225,9,786.43,7077.87
4099,40,10,875.81,8758.099999999999
4099,270,5,554.23,2771.15
4099,374,10,21.24,212.4
4099,492,7,942.5,6597.5
4100,399,4,867.37,3469.48
4100,314,1,210.3,210.3
4100,225,10,786.43,7864.299999999999
4100,123,8,436.27,3490.16
4100,34,3,986.28,2958.84
4101,12,1,957.79,957.79
4102,295,3,636.08,1908.24
4102,481,7,838.33,5868.31
4102,135,2,179.67,359.34
4102,44,7,758.62,5310.34
4102,353,7,862.21,6035.47
4103,269,7,569.99,3989.93
4104,13,8,460.43,3683.44
4104,9,9,772.14,6949.26
4104,120,7,26.56,185.92
4105,69,9,422.16,3799.44
4105,315,7,883.33,6183.31
4105,223,6,833.0,4998.0
4105,146,6,754.73,4528.38
4106,29,2,676.04,1352.08
4106,455,3,451.55,1354.65
4106,407,5,33.67,168.35000000000002
4107,135,1,179.67,179.67
4107,194,1,332.63,332.63
4107,486,1,209.45,209.45
4108,48,6,282.89,1697.34
4108,244,9,864.01,7776.09
4108,348,7,785.96,5501.72
4108,337,9,95.82,862.3799999999999
4109,242,6,195.09,1170.54
4110,316,6,875.68,5254.08
4110,214,5,966.06,4830.299999999999
4110,114,6,77.29,463.74
4110,336,2,619.92,1239.84
4111,157,5,39.33,196.65
4111,467,5,39.01,195.05
4111,309,2,853.9,1707.8
4112,130,8,306.97,2455.76
4112,114,5,77.29,386.4500000000001
4112,337,1,95.82,95.82
4112,137,3,977.56,2932.68
4112,102,4,835.03,3340.12
4113,153,9,63.16,568.4399999999999
4113,275,7,111.39,779.73
4113,244,1,864.01,864.01
4113,15,9,759.78,6838.02
4114,286,1,979.21,979.21
4114,103,2,658.06,1316.12
4114,286,8,979.21,7833.68
4114,375,1,527.78,527.78
4115,278,1,444.68,444.68
4115,282,10,619.99,6199.9
4116,179,4,72.63,290.52
4116,5,9,21.32,191.88
4117,210,3,118.28,354.84000000000003
4118,37,1,964.14,964.14
4118,363,9,92.76,834.84
4118,259,10,195.23,1952.3
4119,498,10,696.62,6966.2
4120,134,4,65.55,262.2
4121,193,1,496.1,496.1
4121,480,10,567.97,5679.700000000001
4121,58,7,817.63,5723.41
4121,66,2,500.66,1001.32
4121,336,10,619.92,6199.2
4122,366,10,637.95,6379.5
4122,434,8,837.57,6700.56
4122,365,3,541.03,1623.09
4122,265,5,841.49,4207.45
4123,28,5,568.27,2841.35
4123,60,2,820.2,1640.4
4123,197,4,684.9,2739.6
4123,36,6,768.17,4609.02
4123,68,7,787.95,5515.650000000001
4124,481,1,838.33,838.33
4124,136,5,648.46,3242.3
4124,127,6,274.65,1647.9
4124,181,1,367.51,367.51
4124,500,8,593.06,4744.48
4125,288,8,985.63,7885.04
4125,445,5,918.25,4591.25
4125,341,9,284.2,2557.8
4125,321,1,434.94,434.94
4126,500,4,593.06,2372.24
4126,128,10,379.32,3793.2
4126,92,5,365.67,1828.35
4126,205,1,586.42,586.42
4127,130,1,306.97,306.97
4127,430,3,457.4,1372.1999999999998
4127,154,7,840.29,5882.03
4127,265,1,841.49,841.49
4127,155,3,771.32,2313.96
4128,157,3,39.33,117.99
4128,480,1,567.97,567.97
4128,110,4,957.66,3830.64
4129,128,10,379.32,3793.2
4129,351,3,533.0,1599.0
4129,35,6,294.22,1765.3200000000002
4129,138,9,895.84,8062.56
4129,214,5,966.06,4830.299999999999
4130,439,4,560.39,2241.56
4130,93,5,517.69,2588.4500000000003
4130,232,3,520.83,1562.4900000000002
4130,190,1,208.84,208.84
4131,112,8,58.03,464.24
4131,445,8,918.25,7346.0
4131,439,8,560.39,4483.12
4131,168,5,111.21,556.05
4131,40,9,875.81,7882.289999999999
4132,127,10,274.65,2746.5
4132,66,6,500.66,3003.96
4132,126,2,531.19,1062.38
4133,47,9,255.04,2295.36
4134,468,9,68.01,612.09
4134,498,3,696.62,2089.86
4134,190,4,208.84,835.36
4135,266,3,91.84,275.52
4135,251,10,320.05,3200.5
4135,167,6,450.29,2701.74
4135,181,9,367.51,3307.59
4135,26,7,451.03,3157.21
4136,379,2,341.66,683.32
4136,241,10,581.57,5815.700000000001
4136,467,7,39.01,273.07
4137,382,3,501.19,1503.57
4137,134,7,65.55,458.85
4138,359,9,293.62,2642.58
4138,449,7,131.3,919.1
4138,214,10,966.06,9660.6
4139,330,7,145.76,1020.32
4139,480,8,567.97,4543.76
4139,498,5,696.62,3483.1
4139,253,9,149.94,1349.46
4140,462,4,796.9,3187.6
4140,132,1,761.99,761.99
4140,164,7,714.56,5001.92
4140,143,7,567.87,3975.09
4141,210,2,118.28,236.56
4141,94,6,107.62,645.72
4142,322,8,104.23,833.84
4143,51,5,248.26,1241.3
4143,159,3,941.73,2825.19
4144,207,10,424.12,4241.2
4144,370,5,124.83,624.15
4144,1,7,482.68,3378.76
4145,229,1,123.93,123.93
4145,425,7,458.23,3207.61
4145,117,3,934.56,2803.68
4145,262,4,203.18,812.72
4145,188,3,974.48,2923.44
4146,451,4,438.82,1755.28
4146,469,8,363.86,2910.88
4147,85,9,310.16,2791.44
4147,297,10,796.65,7966.5
4147,257,1,931.39,931.39
4147,155,3,771.32,2313.96
4147,406,3,159.06,477.18
4148,124,1,115.95,115.95
4148,204,1,83.23,83.23
4148,198,7,953.47,6674.29
4148,132,6,761.99,4571.9400000000005
4148,191,5,964.93,4824.65
4149,378,1,735.61,735.61
4149,170,9,517.32,4655.88
4149,361,5,408.25,2041.25
4149,260,8,623.22,4985.76
4150,65,5,629.73,3148.65
4150,274,2,446.95,893.9
4150,191,8,964.93,7719.44
4151,284,6,574.37,3446.2200000000003
4151,284,4,574.37,2297.48
4151,84,10,484.6,4846.0
4152,365,9,541.03,4869.27
4152,324,10,524.25,5242.5
4152,253,1,149.94,149.94
4152,260,8,623.22,4985.76
4152,301,4,586.14,2344.56
4153,295,6,636.08,3816.480000000001
4154,57,8,148.73,1189.84
4154,130,10,306.97,3069.7000000000003
4154,449,1,131.3,131.3
4155,434,6,837.57,5025.42
4155,4,9,308.93,2780.37
4155,295,10,636.08,6360.8
4156,108,3,723.11,2169.33
4156,42,7,992.92,6950.44
4156,284,9,574.37,5169.33
4156,78,4,848.66,3394.64
4157,311,9,55.48,499.32
4157,266,8,91.84,734.72
4157,429,7,129.53,906.71
4157,396,4,676.59,2706.36
4157,198,9,953.47,8581.23
4158,300,8,460.15,3681.2
4159,302,4,102.21,408.84
4159,45,10,676.76,6767.6
4160,476,3,184.34,553.02
4161,189,1,327.46,327.46
4161,311,6,55.48,332.88
4161,143,2,567.87,1135.74
4161,381,9,975.3,8777.699999999999
4161,403,9,626.49,5638.41
4162,363,9,92.76,834.84
4162,395,9,575.82,5182.38
4162,428,7,455.07,3185.49
4162,130,2,306.97,613.94
4162,31,9,748.35,6735.150000000001
4163,198,1,953.47,953.47
4163,169,7,436.67,3056.69
4163,296,7,381.42,2669.94
4163,330,10,145.76,1457.6
4164,389,8,55.52,444.16
4165,249,8,802.61,6420.88
4165,63,3,70.35,211.05
4166,196,7,207.8,1454.6
4166,407,9,33.67,303.03000000000003
4167,373,5,22.54,112.7
4167,160,9,682.9,6146.099999999999
4168,301,10,586.14,5861.4
4168,155,8,771.32,6170.56
4168,443,1,378.52,378.52
4169,393,1,328.58,328.58
4169,235,7,192.61,1348.27
4169,386,8,677.38,5419.04
4170,195,10,371.37,3713.7
4170,397,7,230.95,1616.65
4170,138,9,895.84,8062.56
4170,234,4,239.54,958.16
4170,27,4,140.62,562.48
4171,344,1,36.56,36.56
4171,314,8,210.3,1682.4
4171,2,8,16.76,134.08
4171,463,4,365.52,1462.08
4172,71,2,478.78,957.56
4172,193,6,496.1,2976.6000000000004
4173,182,6,723.69,4342.14
4174,319,6,173.87,1043.22
4175,447,9,449.0,4041.0
4176,109,4,917.73,3670.92
4176,360,9,769.44,6924.960000000001
4176,293,5,830.2,4151.0
4176,190,5,208.84,1044.2
4176,421,5,665.82,3329.1000000000004
4177,364,9,921.72,8295.48
4177,86,9,219.69,1977.21
4177,93,4,517.69,2070.76
4178,276,2,753.83,1507.66
4178,91,5,386.86,1934.3
4178,389,8,55.52,444.16
4179,40,3,875.81,2627.43
4180,34,1,986.28,986.28
4180,328,4,389.24,1556.96
4180,194,7,332.63,2328.41
4181,370,6,124.83,748.98
4182,109,10,917.73,9177.3
4182,485,2,483.21,966.42
4182,150,1,390.01,390.01
4182,27,10,140.62,1406.2
4182,263,8,510.38,4083.04
4183,258,9,175.2,1576.8
4183,297,1,796.65,796.65
4183,421,3,665.82,1997.46
4183,208,4,704.62,2818.48
4184,202,6,309.8,1858.8
4184,177,7,386.92,2708.44
4184,247,9,358.47,3226.2300000000005
4185,302,8,102.21,817.68
4185,288,10,985.63,9856.3
4185,450,5,60.13,300.65000000000003
4185,392,1,743.26,743.26
4186,96,5,377.0,1885.0
4186,93,1,517.69,517.69
4186,286,2,979.21,1958.42
4186,201,7,676.25,4733.75
4187,10,6,642.32,3853.92
4187,96,8,377.0,3016.0
4187,115,4,226.53,906.12
4187,401,8,17.89,143.12
4187,185,9,338.9,3050.1
4188,296,6,381.42,2288.52
4189,349,8,499.94,3999.52
4189,316,3,875.68,2627.04
4189,456,10,617.97,6179.700000000001
4190,245,8,320.27,2562.16
4190,446,4,997.19,3988.76
4191,179,9,72.63,653.67
4191,431,4,853.96,3415.84
4191,387,1,743.37,743.37
4191,150,3,390.01,1170.03
4192,496,9,961.06,8649.539999999999
4192,381,6,975.3,5851.799999999999
4192,486,5,209.45,1047.25
4193,77,4,650.24,2600.96
4193,194,3,332.63,997.89
4194,252,6,125.78,754.6800000000001
4194,337,2,95.82,191.64
4194,20,9,121.09,1089.81
4194,379,6,341.66,2049.96
4195,383,9,64.88,583.92
4195,77,4,650.24,2600.96
4195,354,10,371.76,3717.6
4196,27,8,140.62,1124.96
4197,377,7,752.28,5265.96
4197,17,8,683.54,5468.32
4197,136,5,648.46,3242.3
4198,107,6,797.03,4782.18
4199,214,9,966.06,8694.539999999999
4199,318,5,91.6,458.0
4199,417,2,463.87,927.74
4200,221,10,487.94,4879.4
4200,199,2,217.55,435.1
4200,6,7,695.84,4870.88
4201,216,6,515.57,3093.42
4202,382,2,501.19,1002.38
4202,214,9,966.06,8694.539999999999
4203,226,10,354.82,3548.2
4203,471,9,660.3,5942.7
4203,19,2,368.17,736.34
4203,291,5,135.62,678.1
4204,488,5,68.96,344.79999999999995
4204,193,8,496.1,3968.8
4204,422,7,298.76,2091.32
4205,476,5,184.34,921.7
4205,441,9,130.24,1172.16
4205,125,4,157.41,629.64
4205,31,8,748.35,5986.8
4205,187,8,341.39,2731.12
4206,90,10,556.56,5565.599999999999
4206,296,3,381.42,1144.26
4207,59,4,325.71,1302.84
4207,416,4,418.93,1675.72
4207,50,1,425.05,425.05
4208,450,1,60.13,60.13
4208,474,10,579.94,5799.400000000001
4208,360,10,769.44,7694.400000000001
4209,316,2,875.68,1751.36
4209,164,9,714.56,6431.039999999999
4210,360,8,769.44,6155.52
4210,131,8,657.2,5257.6
4210,55,2,444.57,889.14
4210,365,10,541.03,5410.299999999999
4211,410,7,382.51,2677.57
4211,239,2,707.69,1415.38
4211,327,1,140.85,140.85
4211,124,3,115.95,347.85
4212,203,4,162.6,650.4
4212,219,5,774.62,3873.1
4212,4,3,308.93,926.79
4212,287,1,577.01,577.01
4213,468,4,68.01,272.04
4213,307,5,329.64,1648.1999999999998
4214,165,1,742.26,742.26
4214,216,2,515.57,1031.14
4214,289,4,144.23,576.92
4214,183,8,620.5,4964.0
4214,146,7,754.73,5283.110000000001
4215,337,8,95.82,766.56
4215,102,6,835.03,5010.18
4215,266,10,91.84,918.4
4215,223,1,833.0,833.0
4216,163,10,91.22,912.2
4216,113,2,146.12,292.24
4216,464,6,350.59,2103.54
4216,280,3,692.24,2076.7200000000003
4217,307,7,329.64,2307.48
4217,269,2,569.99,1139.98
4217,119,5,536.89,2684.45
4218,19,3,368.17,1104.51
4218,276,4,753.83,3015.32
4218,157,4,39.33,157.32
4218,454,6,909.22,5455.32
4218,82,2,196.28,392.56
4219,73,6,807.72,4846.32
4219,483,7,47.58,333.06
4219,68,5,787.95,3939.75
4219,143,3,567.87,1703.61
4220,403,9,626.49,5638.41
4221,156,3,402.74,1208.22
4221,179,7,72.63,508.41
4221,118,4,662.69,2650.76
4221,352,2,934.59,1869.18
4222,168,7,111.21,778.4699999999999
4222,155,10,771.32,7713.200000000001
4222,144,6,929.48,5576.88
4223,319,3,173.87,521.61
4223,191,8,964.93,7719.44
4224,260,5,623.22,3116.1000000000004
4224,424,2,833.58,1667.16
4224,233,5,337.68,1688.4
4224,179,10,72.63,726.3
4225,331,9,645.16,5806.44
4225,92,6,365.67,2194.02
4226,15,6,759.78,4558.68
4226,25,2,493.94,987.88
4226,278,4,444.68,1778.72
4227,162,9,800.07,7200.63
4227,239,7,707.69,4953.83
4227,297,8,796.65,6373.2
4228,2,9,16.76,150.84
4228,269,4,569.99,2279.96
4228,330,10,145.76,1457.6
4228,428,1,455.07,455.07
4228,136,5,648.46,3242.3
4229,414,2,714.54,1429.08
4229,455,5,451.55,2257.75
4230,18,2,530.25,1060.5
4230,271,6,123.06,738.36
4230,132,8,761.99,6095.92
4230,365,5,541.03,2705.15
4231,138,6,895.84,5375.04
4231,408,2,639.58,1279.16
4232,365,8,541.03,4328.24
4232,326,9,988.27,8894.43
4232,30,9,31.55,283.95
4232,186,8,806.04,6448.32
4232,344,10,36.56,365.6
4233,139,3,237.47,712.41
4234,165,1,742.26,742.26
4234,248,10,180.8,1808.0
4234,158,6,495.7,2974.2
4235,403,8,626.49,5011.92
4235,92,7,365.67,2559.69
4235,52,7,598.0,4186.0
4235,296,2,381.42,762.84
4236,167,9,450.29,4052.61
4237,434,1,837.57,837.57
4238,393,8,328.58,2628.64
4238,209,4,597.88,2391.52
4238,195,2,371.37,742.74
4238,294,5,398.77,1993.85
4238,137,4,977.56,3910.24
4239,256,2,542.01,1084.02
4239,266,2,91.84,183.68
4239,1,5,482.68,2413.4
4240,91,9,386.86,3481.74
4240,268,7,542.23,3795.61
4240,259,3,195.23,585.6899999999999
4240,486,2,209.45,418.9
4241,103,2,658.06,1316.12
4241,83,9,727.06,6543.539999999999
4241,199,8,217.55,1740.4
4241,327,2,140.85,281.7
4241,372,1,661.47,661.47
4242,307,9,329.64,2966.76
4242,159,6,941.73,5650.38
4242,190,7,208.84,1461.88
4242,176,5,576.24,2881.2
4243,27,1,140.62,140.62
4243,328,7,389.24,2724.6800000000003
4243,320,9,312.45,2812.05
4243,258,1,175.2,175.2
4244,35,4,294.22,1176.88
4244,234,4,239.54,958.16
4244,219,2,774.62,1549.24
4244,315,6,883.33,5299.9800000000005
4244,191,5,964.93,4824.65
4245,436,1,402.28,402.28
4245,487,7,719.77,5038.389999999999
4246,383,4,64.88,259.52
4246,407,1,33.67,33.67
4247,467,6,39.01,234.06
4247,373,6,22.54,135.24
4247,333,1,614.22,614.22
4247,200,6,832.97,4997.82
4248,111,2,840.68,1681.36
4248,126,2,531.19,1062.38
4248,218,5,451.32,2256.6
4249,35,7,294.22,2059.54
4249,174,8,419.67,3357.36
4249,238,1,596.28,596.28
4249,43,2,136.07,272.14
4250,296,6,381.42,2288.52
4250,97,10,566.9,5669.0
4250,186,10,806.04,8060.4
4251,173,7,865.08,6055.56
4252,284,9,574.37,5169.33
4252,187,3,341.39,1024.17
4253,310,5,895.21,4476.05
4253,142,1,926.33,926.33
4254,333,10,614.22,6142.200000000001
4254,68,3,787.95,2363.8500000000004
4255,197,1,684.9,684.9
4255,204,6,83.23,499.38
4256,422,2,298.76,597.52
4257,266,1,91.84,91.84
4257,314,2,210.3,420.6
4257,500,2,593.06,1186.12
4257,362,4,542.28,2169.12
4257,349,5,499.94,2499.7
4258,180,4,426.89,1707.56
4258,425,10,458.23,4582.3
4259,11,3,373.87,1121.61
4259,448,6,906.03,5436.18
4260,446,2,997.19,1994.38
4260,166,4,115.49,461.96
4260,136,3,648.46,1945.38
4260,25,4,493.94,1975.76
4261,72,7,307.73,2154.11
4261,463,5,365.52,1827.6
4261,359,6,293.62,1761.72
4262,111,3,840.68,2522.04
4262,330,9,145.76,1311.84
4262,390,7,921.02,6447.139999999999
4263,499,8,789.12,6312.96
4263,90,7,556.56,3895.92
4263,105,1,966.84,966.84
4263,341,3,284.2,852.5999999999999
4263,213,5,680.7,3403.5
4264,237,7,617.97,4325.79
4264,24,4,683.49,2733.96
4264,87,5,126.14,630.7
4264,16,3,827.35,2482.05
4265,446,6,997.19,5983.14
4265,306,4,826.6,3306.4
4265,375,7,527.78,3694.46
4265,366,8,637.95,5103.6
4265,415,8,922.06,7376.48
4266,409,10,951.48,9514.8
4266,295,9,636.08,5724.72
4266,179,6,72.63,435.78
4267,27,4,140.62,562.48
4267,496,6,961.06,5766.36
4267,145,7,961.85,6732.95
4267,482,2,546.7,1093.4
4268,90,7,556.56,3895.92
4268,385,7,775.6,5429.2
4269,123,2,436.27,872.54
4269,351,5,533.0,2665.0
4269,439,8,560.39,4483.12
4269,96,7,377.0,2639.0
4269,490,3,848.02,2544.06
4270,190,1,208.84,208.84
4270,231,10,930.62,9306.2
4270,339,7,390.19,2731.33
4270,177,7,386.92,2708.44
4270,275,5,111.39,556.95
4271,280,6,692.24,4153.4400000000005
4271,472,4,818.12,3272.48
4271,293,4,830.2,3320.8
4271,453,7,432.4,3026.8
4272,148,3,568.32,1704.96
4272,7,5,127.04,635.2
4272,332,8,77.73,621.84
4273,21,6,903.86,5423.16
4273,486,4,209.45,837.8
4273,47,6,255.04,1530.24
4273,2,4,16.76,67.04
4274,498,3,696.62,2089.86
4274,184,10,144.13,1441.3
4274,171,9,98.72,888.48
4274,84,6,484.6,2907.6000000000004
4275,395,4,575.82,2303.28
4275,193,7,496.1,3472.7000000000003
4275,141,8,56.1,448.8
4276,350,2,504.59,1009.18
4276,199,6,217.55,1305.3000000000002
4276,445,8,918.25,7346.0
4277,246,7,398.62,2790.34
4277,187,4,341.39,1365.56
4277,483,9,47.58,428.22
4277,265,4,841.49,3365.96
4278,402,5,568.17,2840.85
4278,143,7,567.87,3975.09
4279,129,7,569.35,3985.45
4279,252,4,125.78,503.12
4279,118,10,662.69,6626.900000000001
4279,47,1,255.04,255.04
4279,92,7,365.67,2559.69
4280,431,3,853.96,2561.88
4280,113,5,146.12,730.6
4280,133,10,385.47,3854.7
4280,89,8,706.73,5653.84
4280,259,10,195.23,1952.3
4281,238,10,596.28,5962.799999999999
4281,384,9,175.21,1576.89
4281,344,2,36.56,73.12
4281,394,7,326.74,2287.1800000000003
4281,139,2,237.47,474.94
4282,104,2,264.75,529.5
4282,326,2,988.27,1976.54
4282,301,7,586.14,4102.98
4282,182,9,723.69,6513.210000000001
4282,253,4,149.94,599.76
4283,99,1,935.41,935.41
4284,43,4,136.07,544.28
4284,355,8,765.1,6120.8
4284,400,3,334.03,1002.09
4284,12,7,957.79,6704.53
4285,289,1,144.23,144.23
4285,19,2,368.17,736.34
4286,203,7,162.6,1138.2
4286,421,8,665.82,5326.56
4286,259,9,195.23,1757.07
4286,16,1,827.35,827.35
4286,300,9,460.15,4141.349999999999
4287,343,10,611.52,6115.2
4287,80,4,275.78,1103.12
4287,46,2,536.61,1073.22
4288,15,7,759.78,5318.46
4288,350,4,504.59,2018.36
4288,361,10,408.25,4082.5
4289,260,3,623.22,1869.66
4289,185,6,338.9,2033.4
4289,392,5,743.26,3716.3
4289,299,3,697.76,2093.28
4290,442,7,139.41,975.87
4290,334,5,357.68,1788.4
4291,377,4,752.28,3009.12
4291,98,10,154.46,1544.6
4292,308,10,551.84,5518.400000000001
4292,362,10,542.28,5422.799999999999
4293,343,4,611.52,2446.08
4294,30,9,31.55,283.95
4294,388,2,860.1,1720.2
4294,6,2,695.84,1391.68
4295,236,7,437.81,3064.67
4295,487,5,719.77,3598.85
4295,438,10,40.77,407.7000000000001
4295,368,8,701.69,5613.52
4296,98,8,154.46,1235.68
4296,439,1,560.39,560.39
4296,314,7,210.3,1472.1
4296,443,9,378.52,3406.68
4297,324,4,524.25,2097.0
4297,44,10,758.62,7586.2
4297,304,2,851.61,1703.22
4298,267,2,299.17,598.34
4298,453,3,432.4,1297.1999999999998
4298,244,6,864.01,5184.06
4298,31,10,748.35,7483.5
4299,114,4,77.29,309.16
4299,496,10,961.06,9610.6
4299,188,10,974.48,9744.8
4299,162,5,800.07,4000.35
4300,479,4,703.56,2814.24
4301,266,5,91.84,459.2000000000001
4301,477,4,808.15,3232.6
4301,265,8,841.49,6731.92
4302,284,4,574.37,2297.48
4302,430,5,457.4,2287.0
4302,64,9,880.92,7928.28
4302,91,2,386.86,773.72
4303,371,9,64.48,580.32
4303,164,5,714.56,3572.8
4303,366,2,637.95,1275.9
4303,147,1,929.59,929.59
4303,2,2,16.76,33.52
4304,372,4,661.47,2645.88
4304,256,1,542.01,542.01
4304,172,2,600.96,1201.92
4304,398,5,954.54,4772.7
4304,183,9,620.5,5584.5
4305,48,1,282.89,282.89
4305,446,5,997.19,4985.950000000001
4305,62,10,228.83,2288.3
4305,72,10,307.73,3077.3
4306,269,1,569.99,569.99
4307,419,1,640.84,640.84
4307,486,3,209.45,628.3499999999999
4308,372,7,661.47,4630.29
4308,150,2,390.01,780.02
4308,479,7,703.56,4924.92
4308,449,9,131.3,1181.7
4309,434,10,837.57,8375.7
4310,317,5,102.41,512.05
4310,231,3,930.62,2791.86
4311,216,9,515.57,4640.13
4311,403,6,626.49,3758.94
4311,292,5,257.18,1285.9
4312,119,1,536.89,536.89
4312,390,4,921.02,3684.08
4313,425,7,458.23,3207.61
4314,264,10,687.85,6878.5
4314,146,2,754.73,1509.46
4314,129,8,569.35,4554.8
4314,317,10,102.41,1024.1
4315,368,7,701.69,4911.83
4315,157,1,39.33,39.33
4315,472,2,818.12,1636.24
4315,472,6,818.12,4908.72
4315,407,8,33.67,269.36
4316,383,8,64.88,519.04
4317,407,2,33.67,67.34
4317,125,10,157.41,1574.1
4318,44,3,758.62,2275.86
4319,406,3,159.06,477.18
4320,14,5,421.69,2108.45
4321,174,9,419.67,3777.03
4321,106,8,495.69,3965.52
4322,159,3,941.73,2825.19
4322,113,8,146.12,1168.96
4322,37,2,964.14,1928.28
4323,383,8,64.88,519.04
4323,197,9,684.9,6164.099999999999
4323,26,6,451.03,2706.18
4323,242,8,195.09,1560.72
4324,3,4,452.27,1809.08
4324,203,10,162.6,1626.0
4324,355,2,765.1,1530.2
4324,368,4,701.69,2806.76
4325,347,8,397.83,3182.64
4326,289,7,144.23,1009.61
4327,149,3,680.26,2040.78
4327,411,4,314.44,1257.76
4327,381,3,975.3,2925.9
4328,136,1,648.46,648.46
4328,11,2,373.87,747.74
4328,164,4,714.56,2858.24
4329,163,6,91.22,547.3199999999999
4329,417,1,463.87,463.87
4330,114,3,77.29,231.87
4330,42,7,992.92,6950.44
4330,282,2,619.99,1239.98
4330,44,7,758.62,5310.34
4331,250,6,594.27,3565.62
4331,411,3,314.44,943.32
4331,321,6,434.94,2609.64
4332,254,5,600.46,3002.3
4332,310,2,895.21,1790.42
4332,61,1,877.5,877.5
4332,244,3,864.01,2592.03
4333,348,8,785.96,6287.68
4333,358,2,949.19,1898.38
4333,233,8,337.68,2701.44
4334,111,10,840.68,8406.8
4334,267,5,299.17,1495.85
4334,178,9,308.12,2773.08
4334,478,9,914.84,8233.56
4334,345,6,877.07,5262.42
4335,339,5,390.19,1950.95
4335,44,9,758.62,6827.58
4335,121,10,540.38,5403.8
4335,306,10,826.6,8266.0
4335,231,4,930.62,3722.48
4336,339,2,390.19,780.38
4336,452,10,501.17,5011.7
4336,335,6,750.79,4504.74
4337,315,7,883.33,6183.31
4337,60,4,820.2,3280.8
4337,72,6,307.73,1846.38
4338,350,3,504.59,1513.77
4338,394,3,326.74,980.22
4338,77,8,650.24,5201.92
4339,280,8,692.24,5537.92
4340,477,3,808.15,2424.45
4340,480,6,567.97,3407.82
4340,42,7,992.92,6950.44
4340,241,6,581.57,3489.42
4341,427,1,117.88,117.88
4341,20,8,121.09,968.72
4341,206,1,924.26,924.26
4341,115,1,226.53,226.53
4342,5,2,21.32,42.64
4342,352,4,934.59,3738.36
4342,238,1,596.28,596.28
4343,189,3,327.46,982.38
4343,187,5,341.39,1706.9499999999998
4343,460,1,425.04,425.04
4343,154,9,840.29,7562.61
4344,428,1,455.07,455.07
4345,45,9,676.76,6090.84
4345,291,10,135.62,1356.2
4345,94,1,107.62,107.62
4345,398,5,954.54,4772.7
4346,486,9,209.45,1885.05
4346,488,3,68.96,206.88
4347,89,3,706.73,2120.19
4347,275,4,111.39,445.56
4347,204,9,83.23,749.07
4347,333,2,614.22,1228.44
4348,194,3,332.63,997.89
4348,35,4,294.22,1176.88
4349,64,3,880.92,2642.76
4349,485,3,483.21,1449.63
4350,266,1,91.84,91.84
4350,155,9,771.32,6941.88
4350,39,5,381.89,1909.45
4351,488,9,68.96,620.64
4351,463,4,365.52,1462.08
4352,283,10,815.39,8153.9
4352,452,5,501.17,2505.85
4352,40,1,875.81,875.81
4352,51,1,248.26,248.26
4352,15,5,759.78,3798.9
4353,406,5,159.06,795.3
4353,322,8,104.23,833.84
4353,404,10,595.77,5957.7
4353,260,2,623.22,1246.44
4353,108,4,723.11,2892.44
4354,232,4,520.83,2083.32
4355,432,6,809.52,4857.12
4356,77,3,650.24,1950.72
4356,120,3,26.56,79.67999999999999
4356,148,9,568.32,5114.88
4356,99,10,935.41,9354.1
4357,321,5,434.94,2174.7
4357,234,2,239.54,479.08
4357,133,6,385.47,2312.82
4357,48,8,282.89,2263.12
4358,341,8,284.2,2273.6
4358,412,9,983.28,8849.52
4358,310,4,895.21,3580.84
4358,459,1,96.84,96.84
4358,223,3,833.0,2499.0
4359,342,1,557.86,557.86
4360,186,5,806.04,4030.2
4360,348,6,785.96,4715.76
4360,189,4,327.46,1309.84
4360,218,5,451.32,2256.6
4360,242,2,195.09,390.18
4361,321,9,434.94,3914.46
4361,254,2,600.46,1200.92
4362,323,8,87.16,697.28
4362,417,9,463.87,4174.83
4362,280,7,692.24,4845.68
4363,262,9,203.18,1828.62
4363,484,1,605.65,605.65
4364,488,9,68.96,620.64
4364,75,10,561.71,5617.1
4364,27,4,140.62,562.48
4364,306,1,826.6,826.6
4364,100,7,423.4,2963.8
4365,19,9,368.17,3313.53
4365,416,1,418.93,418.93
4365,226,4,354.82,1419.28
4365,5,8,21.32,170.56
4366,267,3,299.17,897.51
4367,49,8,767.84,6142.72
4367,331,5,645.16,3225.8
4367,147,4,929.59,3718.36
4367,475,7,361.26,2528.82
4367,487,10,719.77,7197.7
4368,259,6,195.23,1171.38
4368,117,9,934.56,8411.039999999999
4368,425,6,458.23,2749.38
4369,172,10,600.96,6009.6
4369,315,10,883.33,8833.300000000001
4369,206,5,924.26,4621.3
4370,191,5,964.93,4824.65
4370,409,3,951.48,2854.44
4370,438,10,40.77,407.7000000000001
4370,19,1,368.17,368.17
4370,489,7,707.65,4953.55
4371,232,1,520.83,520.83
4371,285,5,600.89,3004.45
4371,229,6,123.93,743.58
4371,13,3,460.43,1381.29
4371,258,9,175.2,1576.8
4372,487,1,719.77,719.77
4372,440,7,103.78,726.46
4372,411,2,314.44,628.88
4372,361,1,408.25,408.25
4373,239,8,707.69,5661.52
4373,59,4,325.71,1302.84
4373,499,4,789.12,3156.48
4373,25,8,493.94,3951.52
4374,403,1,626.49,626.49
4374,13,2,460.43,920.86
4374,241,7,581.57,4070.99
4374,399,6,867.37,5204.22
4375,133,2,385.47,770.94
4375,379,4,341.66,1366.64
4375,126,7,531.19,3718.33
4375,196,9,207.8,1870.2
4376,457,9,650.81,5857.289999999999
4376,484,1,605.65,605.65
4376,5,3,21.32,63.96
4376,339,6,390.19,2341.14
4376,362,4,542.28,2169.12
4377,65,5,629.73,3148.65
4377,340,4,321.36,1285.44
4377,236,8,437.81,3502.48
4377,373,7,22.54,157.78
4377,409,10,951.48,9514.8
4378,462,7,796.9,5578.3
4378,16,5,827.35,4136.75
4378,375,5,527.78,2638.9
4378,121,5,540.38,2701.9
4378,478,8,914.84,7318.72
4379,50,1,425.05,425.05
4379,58,9,817.63,7358.67
4379,33,5,73.12,365.6
4380,267,3,299.17,897.51
4380,117,5,934.56,4672.799999999999
4381,366,9,637.95,5741.55
4381,384,1,175.21,175.21
4381,26,1,451.03,451.03
4382,112,3,58.03,174.09
4382,98,5,154.46,772.3000000000001
4382,281,2,614.16,1228.32
4382,151,6,792.59,4755.54
4383,328,10,389.24,3892.4
4383,172,2,600.96,1201.92
4383,82,6,196.28,1177.68
4383,208,9,704.62,6341.58
4384,13,5,460.43,2302.15
4384,387,10,743.37,7433.7
4384,500,1,593.06,593.06
4384,280,7,692.24,4845.68
4385,451,7,438.82,3071.74
4385,42,1,992.92,992.92
4385,112,3,58.03,174.09
4385,423,5,926.78,4633.9
4385,90,3,556.56,1669.6799999999998
4386,443,4,378.52,1514.08
4387,34,10,986.28,9862.8
4387,482,6,546.7,3280.2000000000003
4388,283,6,815.39,4892.34
4388,145,3,961.85,2885.55
4388,462,4,796.9,3187.6
4389,147,3,929.59,2788.77
4389,385,9,775.6,6980.400000000001
4389,60,7,820.2,5741.400000000001
4389,202,4,309.8,1239.2
4389,45,1,676.76,676.76
4390,242,10,195.09,1950.9
4390,211,7,668.05,4676.349999999999
4391,285,10,600.89,6008.9
4391,475,2,361.26,722.52
4391,425,8,458.23,3665.84
4391,48,3,282.89,848.67
4391,209,2,597.88,1195.76
4392,395,10,575.82,5758.200000000001
4392,245,3,320.27,960.81
4393,498,2,696.62,1393.24
4393,23,7,855.94,5991.58
4393,250,8,594.27,4754.16
4394,307,6,329.64,1977.84
4395,274,3,446.95,1340.85
4395,499,7,789.12,5523.84
4395,61,7,877.5,6142.5
4395,296,10,381.42,3814.2
4395,436,4,402.28,1609.12
4396,435,4,100.3,401.2
4396,486,3,209.45,628.3499999999999
4396,113,6,146.12,876.72
4396,451,1,438.82,438.82
4397,197,10,684.9,6849.0
4397,89,3,706.73,2120.19
4398,468,9,68.01,612.09
4398,412,6,983.28,5899.68
4398,64,1,880.92,880.92
4399,91,7,386.86,2708.02
4400,31,1,748.35,748.35
4400,497,2,182.46,364.92
4400,435,10,100.3,1003.0
4400,91,4,386.86,1547.44
4400,414,4,714.54,2858.16
4401,12,4,957.79,3831.16
4401,467,8,39.01,312.08
4401,419,10,640.84,6408.400000000001
4401,75,8,561.71,4493.68
4401,367,2,684.25,1368.5
4402,136,1,648.46,648.46
4403,211,10,668.05,6680.5
4403,380,6,528.62,3171.7200000000003
4404,6,3,695.84,2087.52
4404,495,3,949.21,2847.63
4404,305,6,403.74,2422.44
4404,398,7,954.54,6681.78
4405,296,2,381.42,762.84
4405,409,9,951.48,8563.32
4405,293,6,830.2,4981.200000000001
4405,232,6,520.83,3124.9800000000005
4406,436,8,402.28,3218.24
4407,88,4,915.3,3661.2
4407,281,1,614.16,614.16
4408,322,3,104.23,312.69
4408,356,4,26.52,106.08
4409,130,8,306.97,2455.76
4409,76,9,250.43,2253.87
4409,342,2,557.86,1115.72
4409,62,5,228.83,1144.15
4410,316,8,875.68,7005.44
4410,463,5,365.52,1827.6
4410,476,4,184.34,737.36
4411,164,10,714.56,7145.599999999999
4412,327,10,140.85,1408.5
4412,87,2,126.14,252.28
4413,342,8,557.86,4462.88
4413,182,7,723.69,5065.83
4413,312,7,26.12,182.84
4413,196,7,207.8,1454.6
4414,174,3,419.67,1259.01
4414,378,8,735.61,5884.88
4414,403,7,626.49,4385.43
4415,319,10,173.87,1738.7
4416,229,6,123.93,743.58
4417,356,7,26.52,185.64
4418,438,1,40.77,40.77
4418,460,3,425.04,1275.12
4418,479,3,703.56,2110.68
4418,19,4,368.17,1472.68
4418,244,2,864.01,1728.02
4419,372,8,661.47,5291.76
4419,384,9,175.21,1576.89
4419,340,8,321.36,2570.88
4419,244,1,864.01,864.01
4420,460,7,425.04,2975.28
4420,305,4,403.74,1614.96
4420,437,6,305.85,1835.1
4420,120,4,26.56,106.24
4421,28,8,568.27,4546.16
4421,79,2,727.34,1454.68
4422,350,3,504.59,1513.77
4422,188,2,974.48,1948.96
4422,28,3,568.27,1704.81
4422,405,7,735.14,5145.98
4422,471,9,660.3,5942.7
4423,425,6,458.23,2749.38
4423,53,7,675.3,4727.099999999999
4423,360,4,769.44,3077.76
4423,392,8,743.26,5946.08
4423,294,2,398.77,797.54
4424,287,10,577.01,5770.1
4424,216,5,515.57,2577.8500000000004
4425,456,1,617.97,617.97
4426,425,4,458.23,1832.92
4426,186,10,806.04,8060.4
4426,483,9,47.58,428.22
4427,141,4,56.1,224.4
4427,17,2,683.54,1367.08
4428,439,7,560.39,3922.73
4428,279,6,217.78,1306.68
4428,250,10,594.27,5942.7
4429,237,7,617.97,4325.79
4429,352,7,934.59,6542.13
4429,2,10,16.76,167.60000000000002
4429,8,4,411.36,1645.44
4429,191,3,964.93,2894.79
4430,229,2,123.93,247.86
4430,203,8,162.6,1300.8
4430,200,9,832.97,7496.73
4431,369,7,67.33,471.31
4431,286,6,979.21,5875.26
4431,225,10,786.43,7864.299999999999
4431,442,2,139.41,278.82
4432,409,3,951.48,2854.44
4432,474,1,579.94,579.94
4432,179,2,72.63,145.26
4432,421,2,665.82,1331.64
4432,162,5,800.07,4000.35
4433,71,6,478.78,2872.68
4433,431,3,853.96,2561.88
4433,104,7,264.75,1853.25
4433,28,7,568.27,3977.89
4434,327,8,140.85,1126.8
4434,302,4,102.21,408.84
4434,399,6,867.37,5204.22
4434,396,2,676.59,1353.18
4435,400,5,334.03,1670.15
4435,350,6,504.59,3027.54
4436,89,8,706.73,5653.84
4436,183,6,620.5,3723.0
4437,229,7,123.93,867.51
4437,261,10,952.32,9523.2
4437,57,8,148.73,1189.84
4438,410,8,382.51,3060.08
4438,246,9,398.62,3587.58
4438,264,5,687.85,3439.25
4438,309,10,853.9,8539.0
4438,207,7,424.12,2968.84
4439,190,10,208.84,2088.4
4439,422,5,298.76,1493.8
4439,12,6,957.79,5746.74
4440,269,7,569.99,3989.93
4440,497,3,182.46,547.38
4440,325,6,17.98,107.88
4441,46,3,536.61,1609.83
4441,177,10,386.92,3869.2
4441,11,7,373.87,2617.09
4441,62,6,228.83,1372.98
4441,417,7,463.87,3247.09
4442,349,3,499.94,1499.82
4443,85,3,310.16,930.48
4443,31,8,748.35,5986.8
4443,456,7,617.97,4325.79
4443,405,8,735.14,5881.12
4444,174,6,419.67,2518.02
4444,312,1,26.12,26.12
4445,75,4,561.71,2246.84
4445,484,5,605.65,3028.25
4445,226,5,354.82,1774.1
4445,372,3,661.47,1984.41
4445,336,2,619.92,1239.84
4446,262,5,203.18,1015.9
4447,171,1,98.72,98.72
4447,54,3,252.29,756.87
4447,486,3,209.45,628.3499999999999
4448,141,8,56.1,448.8
4448,251,9,320.05,2880.4500000000003
4448,60,1,820.2,820.2
4448,415,5,922.06,4610.299999999999
4449,240,8,754.8,6038.4
4449,285,3,600.89,1802.67
4449,95,6,764.01,4584.06
4449,489,2,707.65,1415.3
4449,214,9,966.06,8694.539999999999
4450,187,8,341.39,2731.12
4451,453,10,432.4,4324.0
4451,467,9,39.01,351.09
4452,138,8,895.84,7166.72
4452,81,9,606.89,5462.01
4452,380,3,528.62,1585.86
4453,254,3,600.46,1801.38
4453,487,1,719.77,719.77
4453,133,10,385.47,3854.7
4453,200,5,832.97,4164.85
4454,163,8,91.22,729.76
4454,22,7,541.29,3789.03
4454,187,8,341.39,2731.12
4454,213,1,680.7,680.7
4455,496,4,961.06,3844.24
4455,148,3,568.32,1704.96
4455,2,9,16.76,150.84
4455,370,7,124.83,873.81
4456,107,2,797.03,1594.06
4457,227,1,724.77,724.77
4458,86,9,219.69,1977.21
4458,424,5,833.58,4167.900000000001
4458,143,3,567.87,1703.61
4459,412,4,983.28,3933.12
4459,92,4,365.67,1462.68
4459,104,4,264.75,1059.0
4459,318,7,91.6,641.1999999999999
4459,270,8,554.23,4433.84
4460,103,1,658.06,658.06
4460,399,9,867.37,7806.33
4460,338,3,754.92,2264.76
4460,304,9,851.61,7664.49
4461,190,2,208.84,417.68
4461,70,4,382.7,1530.8
4461,271,7,123.06,861.4200000000001
4461,249,1,802.61,802.61
4462,1,10,482.68,4826.8
4462,132,5,761.99,3809.95
4462,359,7,293.62,2055.34
4463,76,9,250.43,2253.87
4464,224,10,354.85,3548.5
4464,325,1,17.98,17.98
4464,410,2,382.51,765.02
4465,242,10,195.09,1950.9
4465,429,6,129.53,777.1800000000001
4465,262,2,203.18,406.36
4466,462,1,796.9,796.9
4466,470,1,974.24,974.24
4466,176,2,576.24,1152.48
4467,467,7,39.01,273.07
4467,288,2,985.63,1971.26
4467,372,8,661.47,5291.76
4468,424,9,833.58,7502.22
4469,458,9,883.95,7955.55
4469,142,10,926.33,9263.3
4469,56,1,756.84,756.84
4469,414,5,714.54,3572.7
4469,302,5,102.21,511.05
4470,461,5,256.66,1283.3000000000002
4471,349,2,499.94,999.88
4471,7,6,127.04,762.24
4472,421,6,665.82,3994.92
4472,202,2,309.8,619.6
4472,200,4,832.97,3331.88
4472,116,6,69.85,419.1
4472,483,4,47.58,190.32
4473,152,5,87.64,438.2
4474,500,8,593.06,4744.48
4474,369,5,67.33,336.65
4475,99,9,935.41,8418.69
4475,344,1,36.56,36.56
4475,168,4,111.21,444.84
4476,390,2,921.02,1842.04
4477,311,7,55.48,388.36
4477,282,5,619.99,3099.95
4477,392,8,743.26,5946.08
4478,178,9,308.12,2773.08
4478,123,5,436.27,2181.35
4478,287,1,577.01,577.01
4478,369,2,67.33,134.66
4479,49,8,767.84,6142.72
4479,194,2,332.63,665.26
4480,390,9,921.02,8289.18
4480,368,4,701.69,2806.76
4480,479,8,703.56,5628.48
4480,9,2,772.14,1544.28
4480,293,7,830.2,5811.400000000001
4481,345,9,877.07,7893.63
4481,273,7,824.38,5770.66
4481,396,7,676.59,4736.13
4482,120,2,26.56,53.12
4483,64,7,880.92,6166.44
4483,156,8,402.74,3221.92
4483,203,6,162.6,975.6
4483,93,10,517.69,5176.900000000001
4484,339,4,390.19,1560.76
4484,481,3,838.33,2514.99
4485,249,1,802.61,802.61
4485,339,6,390.19,2341.14
4485,134,1,65.55,65.55
4485,335,6,750.79,4504.74
4486,312,4,26.12,104.48
4486,474,5,579.94,2899.7000000000003
4486,469,6,363.86,2183.16
4487,162,10,800.07,8000.700000000001
4488,321,8,434.94,3479.52
4488,484,3,605.65,1816.95
4488,28,9,568.27,5114.43
4489,369,4,67.33,269.32
4489,338,4,754.92,3019.68
4489,108,10,723.11,7231.1
4490,365,3,541.03,1623.09
4490,190,5,208.84,1044.2
4490,149,3,680.26,2040.78
4490,269,7,569.99,3989.93
4490,300,7,460.15,3221.05
4491,427,8,117.88,943.04
4492,302,9,102.21,919.89
4492,234,1,239.54,239.54
4492,76,2,250.43,500.86
4493,101,5,336.57,1682.85
4493,288,7,985.63,6899.41
4493,259,7,195.23,1366.61
4493,19,9,368.17,3313.53
4493,5,8,21.32,170.56
4494,416,4,418.93,1675.72
4495,56,6,756.84,4541.04
4495,452,4,501.17,2004.68
4495,328,3,389.24,1167.72
4495,199,8,217.55,1740.4
4495,423,3,926.78,2780.34
4496,210,10,118.28,1182.8
4496,316,9,875.68,7881.12
4496,372,4,661.47,2645.88
4496,71,5,478.78,2393.9
4497,124,1,115.95,115.95
4497,286,3,979.21,2937.63
4497,335,6,750.79,4504.74
4498,430,5,457.4,2287.0
4498,232,7,520.83,3645.81
4498,260,2,623.22,1246.44
4499,340,8,321.36,2570.88
4499,10,4,642.32,2569.28
4499,399,1,867.37,867.37
4499,240,9,754.8,6793.2
4499,24,10,683.49,6834.9
4500,429,8,129.53,1036.24
4501,303,8,638.49,5107.92
4501,130,8,306.97,2455.76
4502,238,2,596.28,1192.56
4503,413,6,961.57,5769.42
4503,131,3,657.2,1971.6
4504,276,9,753.83,6784.47
4504,235,7,192.61,1348.27
4504,116,4,69.85,279.4
4504,257,1,931.39,931.39
4505,147,8,929.59,7436.72
4506,458,1,883.95,883.95
4507,379,3,341.66,1024.98
4507,59,4,325.71,1302.84
4507,469,5,363.86,1819.3
4508,67,4,942.17,3768.68
4508,320,1,312.45,312.45
4508,269,6,569.99,3419.94
4508,382,8,501.19,4009.52
4509,426,8,944.12,7552.96
4509,248,2,180.8,361.6
4509,349,10,499.94,4999.4
4509,227,7,724.77,5073.389999999999
4510,308,10,551.84,5518.400000000001
4510,424,8,833.58,6668.64
4510,481,2,838.33,1676.66
4510,98,7,154.46,1081.22
4510,257,6,931.39,5588.34
4511,423,6,926.78,5560.68
4511,440,7,103.78,726.46
4511,300,7,460.15,3221.05
4511,114,8,77.29,618.32
4512,7,10,127.04,1270.4
4513,11,9,373.87,3364.83
4513,475,4,361.26,1445.04
4513,362,4,542.28,2169.12
4513,472,5,818.12,4090.6
4514,228,10,76.5,765.0
4515,258,5,175.2,876.0
4515,267,3,299.17,897.51
4516,51,4,248.26,993.04
4516,211,8,668.05,5344.4
4516,77,10,650.24,6502.4
4517,275,3,111.39,334.17
4517,111,2,840.68,1681.36
4518,136,4,648.46,2593.84
4518,115,10,226.53,2265.3
4518,234,1,239.54,239.54
4519,150,5,390.01,1950.05
4519,359,8,293.62,2348.96
4519,386,4,677.38,2709.52
4520,438,6,40.77,244.62
4521,20,2,121.09,242.18
4521,202,2,309.8,619.6
4521,25,6,493.94,2963.64
4521,371,1,64.48,64.48
4521,97,2,566.9,1133.8
4522,196,3,207.8,623.4000000000001
4522,265,7,841.49,5890.43
4522,31,1,748.35,748.35
4522,199,1,217.55,217.55
4523,469,7,363.86,2547.02
4523,237,6,617.97,3707.82
4524,157,5,39.33,196.65
4524,248,8,180.8,1446.4
4525,332,9,77.73,699.57
4525,260,4,623.22,2492.88
4525,399,4,867.37,3469.48
4525,246,6,398.62,2391.7200000000003
4526,98,4,154.46,617.84
4526,58,6,817.63,4905.78
4526,283,8,815.39,6523.12
4526,185,2,338.9,677.8
4526,361,10,408.25,4082.5
4527,106,10,495.69,4956.9
4527,294,7,398.77,2791.39
4527,181,8,367.51,2940.08
4528,92,7,365.67,2559.69
4528,498,4,696.62,2786.48
4528,431,9,853.96,7685.64
4529,370,5,124.83,624.15
4529,199,4,217.55,870.2
4529,338,3,754.92,2264.76
4529,187,1,341.39,341.39
4530,461,3,256.66,769.98
4530,338,7,754.92,5284.44
4530,269,7,569.99,3989.93
4530,69,6,422.16,2532.96
4531,7,5,127.04,635.2
4531,250,7,594.27,4159.889999999999
4532,486,10,209.45,2094.5
4532,216,3,515.57,1546.71
4532,64,8,880.92,7047.36
4533,108,1,723.11,723.11
4533,53,1,675.3,675.3
4533,230,1,651.49,651.49
4534,167,1,450.29,450.29
4534,456,9,617.97,5561.7300000000005
4535,200,2,832.97,1665.94
4536,492,1,942.5,942.5
4536,162,6,800.07,4800.42
4536,4,2,308.93,617.86
4536,226,10,354.82,3548.2
4537,257,5,931.39,4656.95
4537,9,4,772.14,3088.56
4537,448,3,906.03,2718.09
4538,264,4,687.85,2751.4
4538,185,1,338.9,338.9
4538,194,4,332.63,1330.52
4538,95,4,764.01,3056.04
4539,45,7,676.76,4737.32
4539,358,10,949.19,9491.9
4540,389,2,55.52,111.04
4541,177,10,386.92,3869.2
4542,301,10,586.14,5861.4
4542,409,4,951.48,3805.92
4542,355,2,765.1,1530.2
4542,260,9,623.22,5608.9800000000005
4542,214,8,966.06,7728.48
4543,98,5,154.46,772.3000000000001
4544,186,9,806.04,7254.36
4544,149,4,680.26,2721.04
4545,390,2,921.02,1842.04
4545,144,6,929.48,5576.88
4545,251,9,320.05,2880.4500000000003
4546,408,1,639.58,639.58
4546,363,10,92.76,927.6
4546,66,4,500.66,2002.64
4546,432,1,809.52,809.52
4546,74,5,566.76,2833.8
4547,364,7,921.72,6452.04
4547,472,7,818.12,5726.84
4547,379,2,341.66,683.32
4547,126,4,531.19,2124.76
4548,426,9,944.12,8497.08
4548,137,1,977.56,977.56
4549,159,3,941.73,2825.19
4549,43,7,136.07,952.49
4550,72,10,307.73,3077.3
4550,18,5,530.25,2651.25
4550,99,8,935.41,7483.28
4551,117,1,934.56,934.56
4551,152,6,87.64,525.84
4551,151,4,792.59,3170.36
4551,382,2,501.19,1002.38
4552,26,9,451.03,4059.27
4552,176,4,576.24,2304.96
4552,107,4,797.03,3188.12
4553,174,8,419.67,3357.36
4553,170,4,517.32,2069.28
4553,148,10,568.32,5683.200000000001
4553,228,8,76.5,612.0
4554,357,3,269.56,808.6800000000001
4554,365,2,541.03,1082.06
4554,128,9,379.32,3413.88
4555,401,3,17.89,53.67
4555,212,7,616.55,4315.849999999999
4555,109,10,917.73,9177.3
4556,245,6,320.27,1921.62
4556,351,1,533.0,533.0
4556,495,2,949.21,1898.42
4556,176,7,576.24,4033.68
4557,414,2,714.54,1429.08
4557,404,9,595.77,5361.93
4557,287,8,577.01,4616.08
4557,86,8,219.69,1757.52
4558,147,9,929.59,8366.31
4558,440,4,103.78,415.12
4558,483,7,47.58,333.06
4558,386,4,677.38,2709.52
4558,136,7,648.46,4539.22
4559,494,1,145.09,145.09
4559,312,2,26.12,52.24
4559,303,7,638.49,4469.43
4560,59,7,325.71,2279.97
4560,127,3,274.65,823.9499999999999
4560,75,10,561.71,5617.1
4560,76,3,250.43,751.29
4561,87,7,126.14,882.98
4561,490,8,848.02,6784.16
4561,293,9,830.2,7471.8
4561,438,9,40.77,366.93
4562,59,8,325.71,2605.68
4562,466,7,35.8,250.6
4563,175,3,727.6,2182.8
4563,455,3,451.55,1354.65
4563,350,9,504.59,4541.31
4564,345,10,877.07,8770.7
4564,448,1,906.03,906.03
4564,403,8,626.49,5011.92
4564,44,5,758.62,3793.1
4564,432,10,809.52,8095.2
4565,393,10,328.58,3285.8
4565,403,9,626.49,5638.41
4565,178,2,308.12,616.24
4566,28,10,568.27,5682.7
4566,299,8,697.76,5582.08
4566,26,8,451.03,3608.24
4567,407,6,33.67,202.02
4567,124,10,115.95,1159.5
4567,142,8,926.33,7410.64
4567,12,7,957.79,6704.53
4568,179,4,72.63,290.52
4568,377,9,752.28,6770.52
4568,377,6,752.28,4513.68
4568,196,9,207.8,1870.2
4568,422,1,298.76,298.76
4569,259,5,195.23,976.15
4570,12,7,957.79,6704.53
4571,230,10,651.49,6514.9
4571,238,4,596.28,2385.12
4571,46,10,536.61,5366.1
4571,136,2,648.46,1296.92
4571,439,3,560.39,1681.17
4572,99,6,935.41,5612.46
4572,296,2,381.42,762.84
4572,415,9,922.06,8298.539999999999
4572,499,9,789.12,7102.08
4573,51,5,248.26,1241.3
4574,68,1,787.95,787.95
4575,194,1,332.63,332.63
4576,237,5,617.97,3089.8500000000004
4576,480,10,567.97,5679.700000000001
4576,27,3,140.62,421.86
4577,327,8,140.85,1126.8
4577,433,6,699.91,4199.46
4577,390,8,921.02,7368.16
4577,10,1,642.32,642.32
4577,225,4,786.43,3145.72
4578,2,10,16.76,167.60000000000002
4578,467,4,39.01,156.04
4579,147,3,929.59,2788.77
4580,167,2,450.29,900.58
4581,290,1,919.58,919.58
4581,41,8,861.68,6893.44
4581,243,5,462.97,2314.8500000000004
4581,264,3,687.85,2063.55
4582,450,10,60.13,601.3000000000001
4582,338,6,754.92,4529.52
4582,256,3,542.01,1626.03
4582,239,3,707.69,2123.07
4583,3,7,452.27,3165.89
4583,68,10,787.95,7879.5
4584,278,1,444.68,444.68
4584,366,7,637.95,4465.650000000001
4584,257,3,931.39,2794.17
4584,242,1,195.09,195.09
4584,378,1,735.61,735.61
4585,365,1,541.03,541.03
4585,307,3,329.64,988.92
4586,22,7,541.29,3789.03
4586,151,3,792.59,2377.77
4586,326,5,988.27,4941.35
4586,68,10,787.95,7879.5
4587,432,8,809.52,6476.16
4587,339,5,390.19,1950.95
4588,273,8,824.38,6595.04
4588,282,2,619.99,1239.98
4588,62,5,228.83,1144.15
4589,119,6,536.89,3221.34
4589,477,7,808.15,5657.05
4589,89,8,706.73,5653.84
4589,442,5,139.41,697.05
4589,212,1,616.55,616.55
4590,223,4,833.0,3332.0
4590,82,6,196.28,1177.68
4590,143,5,567.87,2839.35
4590,386,5,677.38,3386.9
4591,292,6,257.18,1543.08
4591,308,2,551.84,1103.68
4591,422,5,298.76,1493.8
4592,408,9,639.58,5756.22
4592,408,9,639.58,5756.22
4592,270,7,554.23,3879.61
4592,73,6,807.72,4846.32
4593,104,9,264.75,2382.75
4593,176,4,576.24,2304.96
4593,75,5,561.71,2808.55
4594,376,6,266.65,1599.9
4594,130,9,306.97,2762.7300000000005
4595,500,7,593.06,4151.42
4595,446,8,997.19,7977.52
4596,263,5,510.38,2551.9
4596,236,9,437.81,3940.29
4596,196,6,207.8,1246.8000000000002
4596,41,4,861.68,3446.72
4597,280,8,692.24,5537.92
4597,107,6,797.03,4782.18
4597,348,9,785.96,7073.64
4597,308,8,551.84,4414.72
4598,267,5,299.17,1495.85
4598,462,4,796.9,3187.6
4598,373,3,22.54,67.62
4598,205,7,586.42,4104.94
4598,459,10,96.84,968.4
4599,366,5,637.95,3189.75
4599,65,4,629.73,2518.92
4599,371,7,64.48,451.36
4600,69,9,422.16,3799.44
4600,97,1,566.9,566.9
4600,380,6,528.62,3171.7200000000003
4601,295,6,636.08,3816.480000000001
4601,64,1,880.92,880.92
4601,34,6,986.28,5917.68
4602,170,9,517.32,4655.88
4602,422,5,298.76,1493.8
4603,276,1,753.83,753.83
4603,83,1,727.06,727.06
4604,14,3,421.69,1265.07
4604,452,10,501.17,5011.7
4604,146,4,754.73,3018.92
4605,22,8,541.29,4330.32
4605,295,4,636.08,2544.32
4605,150,8,390.01,3120.08
4605,289,3,144.23,432.69
4606,457,6,650.81,3904.86
4606,95,1,764.01,764.01
4606,473,4,65.35,261.4
4607,227,7,724.77,5073.389999999999
4608,255,6,428.81,2572.86
4608,109,2,917.73,1835.46
4608,457,6,650.81,3904.86
4608,152,1,87.64,87.64
4608,334,3,357.68,1073.04
4609,134,5,65.55,327.75
4610,251,9,320.05,2880.4500000000003
4610,435,2,100.3,200.6
4611,128,4,379.32,1517.28
4611,451,2,438.82,877.64
4611,26,3,451.03,1353.09
4612,205,4,586.42,2345.68
4612,315,4,883.33,3533.32
4612,299,8,697.76,5582.08
4613,252,2,125.78,251.56
4613,469,2,363.86,727.72
4614,425,6,458.23,2749.38
4614,409,10,951.48,9514.8
4615,201,7,676.25,4733.75
4615,494,6,145.09,870.54
4616,140,3,888.68,2666.04
4616,399,9,867.37,7806.33
4616,187,7,341.39,2389.73
4617,120,6,26.56,159.36
4617,71,2,478.78,957.56
4618,362,6,542.28,3253.68
4618,353,8,862.21,6897.68
4618,324,4,524.25,2097.0
4618,146,9,754.73,6792.57
4618,187,4,341.39,1365.56
4619,210,6,118.28,709.6800000000001
4619,169,5,436.67,2183.35
4619,256,6,542.01,3252.06
4620,412,1,983.28,983.28
4620,395,10,575.82,5758.200000000001
4620,170,2,517.32,1034.64
4620,440,10,103.78,1037.8
4621,44,2,758.62,1517.24
4622,398,6,954.54,5727.24
4622,393,6,328.58,1971.48
4622,243,6,462.97,2777.82
4623,198,1,953.47,953.47
4623,139,7,237.47,1662.29
4623,382,3,501.19,1503.57
4623,437,8,305.85,2446.8
4624,64,7,880.92,6166.44
4625,459,8,96.84,774.72
4625,336,5,619.92,3099.6
4626,443,2,378.52,757.04
4626,95,6,764.01,4584.06
4627,216,3,515.57,1546.71
4627,147,7,929.59,6507.13
4627,234,5,239.54,1197.7
4627,60,2,820.2,1640.4
4628,208,9,704.62,6341.58
4629,412,9,983.28,8849.52
4630,152,3,87.64,262.92
4630,429,1,129.53,129.53
4630,150,10,390.01,3900.1
4630,283,10,815.39,8153.9
4631,465,4,328.39,1313.56
4631,213,2,680.7,1361.4
4631,82,10,196.28,1962.8
4631,98,7,154.46,1081.22
4631,225,4,786.43,3145.72
4632,414,10,714.54,7145.4
4632,64,6,880.92,5285.52
4632,436,2,402.28,804.56
4632,418,7,584.96,4094.72
4632,372,8,661.47,5291.76
4633,112,1,58.03,58.03
4633,392,6,743.26,4459.56
4633,228,10,76.5,765.0
4634,94,3,107.62,322.86
4634,63,7,70.35,492.44999999999993
4635,22,3,541.29,1623.87
4636,56,9,756.84,6811.56
4636,338,9,754.92,6794.28
4637,11,9,373.87,3364.83
4637,437,6,305.85,1835.1
4637,486,2,209.45,418.9
4638,159,1,941.73,941.73
4638,413,3,961.57,2884.71
4639,427,7,117.88,825.16
4639,16,5,827.35,4136.75
4640,17,9,683.54,6151.86
4640,435,3,100.3,300.9
4641,206,5,924.26,4621.3
4641,109,3,917.73,2753.19
4642,26,8,451.03,3608.24
4642,123,7,436.27,3053.89
4642,382,8,501.19,4009.52
4643,310,2,895.21,1790.42
4643,290,2,919.58,1839.16
4643,321,6,434.94,2609.64
4643,196,5,207.8,1039.0
4643,116,10,69.85,698.5
4644,200,5,832.97,4164.85
4644,291,4,135.62,542.48
4644,72,2,307.73,615.46
4645,77,5,650.24,3251.2
4645,131,4,657.2,2628.8
4646,65,4,629.73,2518.92
4646,382,2,501.19,1002.38
4646,461,1,256.66,256.66
4647,244,10,864.01,8640.1
4647,435,8,100.3,802.4
4648,448,6,906.03,5436.18
4649,189,10,327.46,3274.6
4649,213,2,680.7,1361.4
4650,272,3,825.05,2475.15
4650,201,7,676.25,4733.75
4650,408,6,639.58,3837.480000000001
4650,382,2,501.19,1002.38
4650,61,8,877.5,7020.0
4651,420,2,595.98,1191.96
4651,18,7,530.25,3711.75
4651,144,3,929.48,2788.44
4651,359,10,293.62,2936.2
4651,1,2,482.68,965.36
4652,235,8,192.61,1540.88
4652,408,4,639.58,2558.32
4652,363,10,92.76,927.6
4652,432,3,809.52,2428.56
4652,414,3,714.54,2143.62
4653,174,4,419.67,1678.68
4653,248,7,180.8,1265.6
4653,189,10,327.46,3274.6
4653,292,2,257.18,514.36
4653,164,6,714.56,4287.36
4654,6,7,695.84,4870.88
4654,247,8,358.47,2867.76
4654,153,2,63.16,126.32
4654,437,1,305.85,305.85
4655,485,9,483.21,4348.889999999999
4655,306,8,826.6,6612.8
4655,21,8,903.86,7230.88
4655,394,1,326.74,326.74
4655,99,8,935.41,7483.28
4656,271,10,123.06,1230.6
4656,262,10,203.18,2031.8
4656,346,2,610.86,1221.72
4657,209,5,597.88,2989.4
4658,126,1,531.19,531.19
4659,268,7,542.23,3795.61
4659,407,9,33.67,303.03000000000003
4660,268,9,542.23,4880.07
4660,306,10,826.6,8266.0
4660,126,1,531.19,531.19
4660,78,4,848.66,3394.64
4661,460,1,425.04,425.04
4661,49,3,767.84,2303.52
4661,481,10,838.33,8383.300000000001
4662,308,8,551.84,4414.72
4662,61,7,877.5,6142.5
4662,24,1,683.49,683.49
4662,237,4,617.97,2471.88
4663,239,1,707.69,707.69
4663,345,10,877.07,8770.7
4663,480,4,567.97,2271.88
4664,187,6,341.39,2048.34
4664,3,5,452.27,2261.35
4664,127,2,274.65,549.3
4664,252,9,125.78,1132.02
4665,438,4,40.77,163.08
4665,354,7,371.76,2602.32
4666,192,1,298.53,298.53
4667,267,3,299.17,897.51
4667,152,8,87.64,701.12
4667,238,3,596.28,1788.84
4667,498,2,696.62,1393.24
4667,452,1,501.17,501.17
4668,80,4,275.78,1103.12
4668,163,5,91.22,456.1
4669,322,9,104.23,938.07
4670,250,1,594.27,594.27
4670,84,2,484.6,969.2
4671,100,3,423.4,1270.1999999999998
4671,302,6,102.21,613.26
4671,434,4,837.57,3350.28
4671,82,3,196.28,588.84
4671,481,1,838.33,838.33
4672,279,2,217.78,435.56
4672,414,7,714.54,5001.78
4673,304,4,851.61,3406.44
4673,201,7,676.25,4733.75
4673,92,1,365.67,365.67
4673,20,4,121.09,484.36
4674,370,8,124.83,998.64
4675,117,10,934.56,9345.6
4675,229,1,123.93,123.93
4675,37,8,964.14,7713.12
4675,40,9,875.81,7882.289999999999
4676,215,8,20.44,163.52
4676,389,7,55.52,388.64
4676,34,8,986.28,7890.24
4677,364,1,921.72,921.72
4678,321,5,434.94,2174.7
4679,285,1,600.89,600.89
4680,383,2,64.88,129.76
4680,380,7,528.62,3700.34
4680,123,4,436.27,1745.08
4680,298,5,408.82,2044.1
4681,127,9,274.65,2471.85
4682,113,3,146.12,438.36
4683,315,9,883.33,7949.97
4684,281,10,614.16,6141.599999999999
4685,337,5,95.82,479.1
4685,153,6,63.16,378.96
4685,74,5,566.76,2833.8
4686,442,8,139.41,1115.28
4686,94,3,107.62,322.86
4686,415,10,922.06,9220.6
4686,200,7,832.97,5830.79
4686,141,6,56.1,336.6
4687,379,10,341.66,3416.6000000000004
4688,227,8,724.77,5798.16
4688,302,2,102.21,204.42
4688,460,4,425.04,1700.16
4688,441,8,130.24,1041.92
4689,276,9,753.83,6784.47
4690,12,7,957.79,6704.53
4690,346,4,610.86,2443.44
4691,447,2,449.0,898.0
4691,83,3,727.06,2181.18
4691,97,7,566.9,3968.3
4691,118,7,662.69,4638.83
4692,67,1,942.17,942.17
4692,460,6,425.04,2550.24
4693,192,8,298.53,2388.24
4693,496,2,961.06,1922.12
4694,297,8,796.65,6373.2
4694,31,5,748.35,3741.75
4694,319,1,173.87,173.87
4694,21,3,903.86,2711.58
4694,300,3,460.15,1380.4499999999998
4695,128,7,379.32,2655.24
4695,202,2,309.8,619.6
4695,16,5,827.35,4136.75
4696,483,3,47.58,142.74
4696,135,8,179.67,1437.36
4696,3,7,452.27,3165.89
4696,418,4,584.96,2339.84
4697,129,2,569.35,1138.7
4697,81,2,606.89,1213.78
4697,14,8,421.69,3373.52
4698,307,3,329.64,988.92
4698,32,2,54.84,109.68
4698,493,6,110.02,660.12
4699,404,4,595.77,2383.08
4699,8,2,411.36,822.72
4699,432,10,809.52,8095.2
4699,64,7,880.92,6166.44
4699,215,9,20.44,183.96
4700,235,5,192.61,963.05
4700,474,8,579.94,4639.52
4700,242,1,195.09,195.09
4700,103,5,658.06,3290.3
4701,375,9,527.78,4750.02
4701,411,10,314.44,3144.4
4701,490,7,848.02,5936.139999999999
4701,237,10,617.97,6179.700000000001
4702,75,4,561.71,2246.84
4703,65,4,629.73,2518.92
4703,478,1,914.84,914.84
4703,471,1,660.3,660.3
4703,112,5,58.03,290.15
4703,380,9,528.62,4757.58
4704,214,4,966.06,3864.24
4704,489,7,707.65,4953.55
4704,283,4,815.39,3261.56
4704,245,2,320.27,640.54
4704,122,6,507.19,3043.14
4705,65,10,629.73,6297.3
4705,257,2,931.39,1862.78
4706,188,8,974.48,7795.84
4706,298,1,408.82,408.82
4707,293,4,830.2,3320.8
4707,428,5,455.07,2275.35
4707,243,2,462.97,925.94
4707,170,1,517.32,517.32
4707,391,5,557.34,2786.7000000000003
4708,231,10,930.62,9306.2
4708,478,2,914.84,1829.68
4709,69,3,422.16,1266.48
4709,246,3,398.62,1195.86
4709,138,9,895.84,8062.56
4709,240,3,754.8,2264.4
4710,76,9,250.43,2253.87
4711,312,9,26.12,235.08
4712,349,7,499.94,3499.58
4712,132,1,761.99,761.99
4712,178,8,308.12,2464.96
4712,272,6,825.05,4950.299999999999
4712,43,8,136.07,1088.56
4713,370,5,124.83,624.15
4713,223,10,833.0,8330.0
4713,397,8,230.95,1847.6
4713,57,5,148.73,743.65
4713,201,10,676.25,6762.5
4714,144,10,929.48,9294.8
4714,365,1,541.03,541.03
4714,274,6,446.95,2681.7
4714,271,3,123.06,369.18
4714,147,3,929.59,2788.77
4715,288,2,985.63,1971.26
4716,154,6,840.29,5041.74
4716,482,7,546.7,3826.900000000001
4716,311,6,55.48,332.88
4716,69,9,422.16,3799.44
4717,339,9,390.19,3511.71
4717,78,2,848.66,1697.32
4717,238,1,596.28,596.28
4717,128,7,379.32,2655.24
4717,22,2,541.29,1082.58
4718,485,7,483.21,3382.47
4718,18,4,530.25,2121.0
4718,294,2,398.77,797.54
4719,124,3,115.95,347.85
4720,306,6,826.6,4959.6
4720,21,8,903.86,7230.88
4720,132,3,761.99,2285.9700000000003
4721,133,10,385.47,3854.7
4721,359,5,293.62,1468.1
4721,169,10,436.67,4366.7
4721,222,7,921.34,6449.38
4722,446,9,997.19,8974.710000000001
4722,377,2,752.28,1504.56
4722,281,2,614.16,1228.32
4722,367,10,684.25,6842.5
4722,433,4,699.91,2799.64
4723,135,10,179.67,1796.6999999999998
4723,117,10,934.56,9345.6
4723,94,1,107.62,107.62
4723,52,7,598.0,4186.0
4723,336,9,619.92,5579.28
4724,145,2,961.85,1923.7
4725,483,8,47.58,380.64
4726,434,6,837.57,5025.42
4726,31,4,748.35,2993.4
4726,215,3,20.44,61.32000000000001
4726,215,2,20.44,40.88
4727,95,7,764.01,5348.07
4727,206,2,924.26,1848.52
4728,180,10,426.89,4268.9
4728,179,9,72.63,653.67
4728,322,6,104.23,625.38
4728,72,5,307.73,1538.65
4729,414,5,714.54,3572.7
4730,163,4,91.22,364.88
4731,81,10,606.89,6068.9
4731,227,6,724.77,4348.62
4732,332,6,77.73,466.38
4732,5,9,21.32,191.88
4732,454,4,909.22,3636.88
4732,222,6,921.34,5528.04
4732,235,7,192.61,1348.27
4733,450,10,60.13,601.3000000000001
4733,250,9,594.27,5348.43
4733,85,2,310.16,620.32
4733,448,3,906.03,2718.09
4733,31,8,748.35,5986.8
4734,390,10,921.02,9210.2
4734,130,3,306.97,920.91
4735,290,2,919.58,1839.16
4735,36,8,768.17,6145.36
4735,214,5,966.06,4830.299999999999
4736,75,6,561.71,3370.26
4736,482,9,546.7,4920.3
4737,375,8,527.78,4222.24
4737,461,7,256.66,1796.62
4737,382,3,501.19,1503.57
4738,125,4,157.41,629.64
4738,385,7,775.6,5429.2
4739,384,7,175.21,1226.47
4739,296,4,381.42,1525.68
4739,403,10,626.49,6264.9
4739,449,10,131.3,1313.0
4739,382,5,501.19,2505.95
4740,396,4,676.59,2706.36
4741,97,4,566.9,2267.6
4741,201,2,676.25,1352.5
4741,18,6,530.25,3181.5
4742,178,10,308.12,3081.2
4743,206,10,924.26,9242.6
4743,38,7,454.05,3178.35
4743,338,9,754.92,6794.28
4743,49,6,767.84,4607.04
4744,424,7,833.58,5835.06
4744,52,5,598.0,2990.0
4744,467,6,39.01,234.06
4744,17,10,683.54,6835.4
4744,452,9,501.17,4510.53
4745,386,1,677.38,677.38
4745,448,9,906.03,8154.269999999999
4745,418,10,584.96,5849.6
4746,20,8,121.09,968.72
4747,230,6,651.49,3908.94
4747,291,2,135.62,271.24
4748,92,2,365.67,731.34
4748,15,2,759.78,1519.56
4748,63,4,70.35,281.4
4748,99,4,935.41,3741.64
4748,106,10,495.69,4956.9
4749,261,8,952.32,7618.56
4749,155,1,771.32,771.32
4749,47,8,255.04,2040.32
4749,303,3,638.49,1915.47
4750,404,5,595.77,2978.85
4750,315,1,883.33,883.33
4751,113,3,146.12,438.36
4751,44,3,758.62,2275.86
4751,19,3,368.17,1104.51
4752,39,9,381.89,3437.01
4752,111,4,840.68,3362.72
4752,384,1,175.21,175.21
4752,214,7,966.06,6762.42
4752,148,4,568.32,2273.28
4753,69,7,422.16,2955.1200000000003
4753,168,6,111.21,667.26
4754,241,9,581.57,5234.13
4755,252,5,125.78,628.9
4755,203,5,162.6,813.0
4755,37,3,964.14,2892.42
4756,346,3,610.86,1832.58
4756,41,1,861.68,861.68
4756,367,3,684.25,2052.75
4757,20,6,121.09,726.54
4757,214,1,966.06,966.06
4758,219,8,774.62,6196.96
4758,186,7,806.04,5642.28
4758,458,6,883.95,5303.700000000001
4759,271,9,123.06,1107.54
4760,426,6,944.12,5664.72
4761,84,10,484.6,4846.0
4762,165,5,742.26,3711.3
4763,314,10,210.3,2103.0
4763,72,9,307.73,2769.57
4764,335,4,750.79,3003.16
4765,86,5,219.69,1098.45
4765,189,3,327.46,982.38
4765,411,5,314.44,1572.2
4766,154,1,840.29,840.29
4766,24,9,683.49,6151.41
4766,418,3,584.96,1754.88
4766,263,7,510.38,3572.66
4766,116,2,69.85,139.7
4767,70,4,382.7,1530.8
4768,456,10,617.97,6179.700000000001
4768,305,5,403.74,2018.7
4768,239,3,707.69,2123.07
4769,240,1,754.8,754.8
4769,47,3,255.04,765.12
4770,228,7,76.5,535.5
4770,495,7,949.21,6644.47
4770,267,10,299.17,2991.7000000000003
4770,128,7,379.32,2655.24
4771,52,10,598.0,5980.0
4771,324,6,524.25,3145.5
4772,32,7,54.84,383.88
4772,21,2,903.86,1807.72
4772,10,10,642.32,6423.200000000001
4772,189,5,327.46,1637.3
4772,92,2,365.67,731.34
4773,310,4,895.21,3580.84
4773,173,10,865.08,8650.800000000001
4773,492,1,942.5,942.5
4773,311,10,55.48,554.8
4773,248,4,180.8,723.2
4774,411,3,314.44,943.32
4774,266,5,91.84,459.2000000000001
4774,268,1,542.23,542.23
4775,494,9,145.09,1305.81
4775,40,4,875.81,3503.24
4776,172,4,600.96,2403.84
4776,105,5,966.84,4834.2
4777,433,10,699.91,6999.099999999999
4777,147,4,929.59,3718.36
4777,268,4,542.23,2168.92
4777,308,5,551.84,2759.2000000000003
4777,496,4,961.06,3844.24
4778,490,9,848.02,7632.18
4779,111,5,840.68,4203.4
4779,473,1,65.35,65.35
4779,102,9,835.03,7515.269999999999
4779,103,7,658.06,4606.42
4779,234,6,239.54,1437.24
4780,29,4,676.04,2704.16
4780,214,9,966.06,8694.539999999999
4780,369,3,67.33,201.99
4781,452,9,501.17,4510.53
4781,179,6,72.63,435.78
4782,112,5,58.03,290.15
4782,42,4,992.92,3971.68
4782,493,6,110.02,660.12
4782,408,1,639.58,639.58
4783,246,9,398.62,3587.58
4783,364,9,921.72,8295.48
4784,151,5,792.59,3962.95
4784,461,8,256.66,2053.28
4784,399,1,867.37,867.37
4784,99,4,935.41,3741.64
4784,218,10,451.32,4513.2
4785,218,5,451.32,2256.6
4785,358,6,949.19,5695.14
4785,493,4,110.02,440.08
4785,90,6,556.56,3339.36
4786,76,7,250.43,1753.01
4786,375,6,527.78,3166.68
4786,487,1,719.77,719.77
4786,75,5,561.71,2808.55
4787,449,9,131.3,1181.7
4787,401,4,17.89,71.56
4787,243,1,462.97,462.97
4787,151,1,792.59,792.59
4787,212,10,616.55,6165.5
4788,379,3,341.66,1024.98
4788,18,9,530.25,4772.25
4788,238,9,596.28,5366.52
4789,456,5,617.97,3089.8500000000004
4789,448,10,906.03,9060.3
4789,285,7,600.89,4206.23
4790,158,7,495.7,3469.9
4790,193,7,496.1,3472.7000000000003
4790,344,8,36.56,292.48
4790,156,10,402.74,4027.4
4790,233,9,337.68,3039.12
4791,202,8,309.8,2478.4
4791,14,1,421.69,421.69
4791,420,7,595.98,4171.860000000001
4792,196,1,207.8,207.8
4792,273,7,824.38,5770.66
4792,296,10,381.42,3814.2
4792,292,1,257.18,257.18
4793,89,8,706.73,5653.84
4793,8,2,411.36,822.72
4793,276,2,753.83,1507.66
4793,492,1,942.5,942.5
4793,38,4,454.05,1816.2
4794,26,2,451.03,902.06
4794,350,6,504.59,3027.54
4794,151,7,792.59,5548.13
4794,67,8,942.17,7537.36
4795,36,6,768.17,4609.02
4795,4,1,308.93,308.93
4795,308,6,551.84,3311.04
4795,214,2,966.06,1932.12
4796,226,7,354.82,2483.74
4796,335,1,750.79,750.79
4796,488,2,68.96,137.92
4796,470,7,974.24,6819.68
4796,439,8,560.39,4483.12
4797,500,10,593.06,5930.599999999999
4797,108,3,723.11,2169.33
4797,384,4,175.21,700.84
4798,420,6,595.98,3575.88
4798,100,10,423.4,4234.0
4799,471,9,660.3,5942.7
4799,437,6,305.85,1835.1
4799,119,1,536.89,536.89
4799,273,5,824.38,4121.9
4799,306,6,826.6,4959.6
4800,298,7,408.82,2861.74
4800,376,7,266.65,1866.55
4800,214,10,966.06,9660.6
4801,260,5,623.22,3116.1000000000004
4801,5,1,21.32,21.32
4801,231,3,930.62,2791.86
4802,365,3,541.03,1623.09
4802,192,9,298.53,2686.7699999999995
4802,134,7,65.55,458.85
4803,42,10,992.92,9929.2
4803,296,3,381.42,1144.26
4803,308,6,551.84,3311.04
4803,387,8,743.37,5946.96
4803,275,2,111.39,222.78
4804,129,6,569.35,3416.1000000000004
4804,16,1,827.35,827.35
4805,104,6,264.75,1588.5
4805,157,8,39.33,314.64
4805,113,7,146.12,1022.84
4805,352,3,934.59,2803.77
4805,155,7,771.32,5399.240000000001
4806,409,7,951.48,6660.360000000001
4807,120,10,26.56,265.6
4807,51,4,248.26,993.04
4807,81,7,606.89,4248.23
4808,106,4,495.69,1982.76
4808,168,6,111.21,667.26
4808,274,9,446.95,4022.55
4808,127,6,274.65,1647.9
4809,35,1,294.22,294.22
4810,24,9,683.49,6151.41
4810,418,10,584.96,5849.6
4810,209,7,597.88,4185.16
4810,452,10,501.17,5011.7
4811,130,4,306.97,1227.88
4811,406,1,159.06,159.06
4811,91,5,386.86,1934.3
4811,2,9,16.76,150.84
4811,20,6,121.09,726.54
4812,443,8,378.52,3028.16
4812,396,6,676.59,4059.54
4812,347,9,397.83,3580.47
4812,375,7,527.78,3694.46
4813,103,7,658.06,4606.42
4813,53,6,675.3,4051.8
4814,34,4,986.28,3945.12
4815,2,5,16.76,83.80000000000001
4815,274,5,446.95,2234.75
4815,14,4,421.69,1686.76
4816,219,7,774.62,5422.34
4816,294,9,398.77,3588.93
4816,66,10,500.66,5006.6
4817,426,4,944.12,3776.48
4817,182,2,723.69,1447.38
4818,479,4,703.56,2814.24
4818,78,4,848.66,3394.64
4819,6,2,695.84,1391.68
4819,299,8,697.76,5582.08
4819,412,1,983.28,983.28
4819,496,8,961.06,7688.48
4820,116,5,69.85,349.25
4820,443,5,378.52,1892.6
4820,264,6,687.85,4127.1
4820,369,8,67.33,538.64
4821,399,7,867.37,6071.59
4821,436,3,402.28,1206.84
4822,398,8,954.54,7636.32
4822,241,9,581.57,5234.13
4822,487,6,719.77,4318.62
4822,258,1,175.2,175.2
4823,24,10,683.49,6834.9
4823,225,8,786.43,6291.44
4823,310,8,895.21,7161.68
4823,319,5,173.87,869.35
4823,153,8,63.16,505.28
4824,353,5,862.21,4311.05
4824,241,4,581.57,2326.28
4824,49,5,767.84,3839.2
4825,487,3,719.77,2159.31
4825,395,10,575.82,5758.200000000001
4825,31,6,748.35,4490.1
4826,13,5,460.43,2302.15
4826,197,1,684.9,684.9
4826,310,4,895.21,3580.84
4826,436,8,402.28,3218.24
4827,215,9,20.44,183.96
4827,234,8,239.54,1916.32
4827,172,5,600.96,3004.8
4827,468,1,68.01,68.01
4828,244,8,864.01,6912.08
4829,418,2,584.96,1169.92
4829,382,5,501.19,2505.95
4829,356,10,26.52,265.2
4830,344,5,36.56,182.8
4830,400,2,334.03,668.06
4831,46,4,536.61,2146.44
4831,408,4,639.58,2558.32
4831,204,1,83.23,83.23
4831,466,10,35.8,358.0
4832,480,1,567.97,567.97
4833,234,7,239.54,1676.78
4834,388,9,860.1,7740.900000000001
4834,358,3,949.19,2847.57
4834,277,4,455.24,1820.96
4835,482,6,546.7,3280.2000000000003
4835,43,4,136.07,544.28
4835,155,9,771.32,6941.88
4836,67,6,942.17,5653.02
4836,110,4,957.66,3830.64
4836,21,6,903.86,5423.16
4836,475,3,361.26,1083.78
4837,283,7,815.39,5707.73
4837,325,7,17.98,125.86
4838,444,1,93.2,93.2
4839,404,10,595.77,5957.7
4840,280,4,692.24,2768.96
4841,99,7,935.41,6547.87
4841,351,2,533.0,1066.0
4841,125,2,157.41,314.82
4842,10,9,642.32,5780.88
4842,12,10,957.79,9577.9
4842,101,10,336.57,3365.7
4842,317,7,102.41,716.87
4842,261,6,952.32,5713.92
4843,128,2,379.32,758.64
4843,4,6,308.93,1853.58
4843,473,9,65.35,588.15
4843,246,4,398.62,1594.48
4843,364,8,921.72,7373.76
4844,344,2,36.56,73.12
4844,41,5,861.68,4308.4
4844,88,5,915.3,4576.5
4844,10,8,642.32,5138.56
4845,494,9,145.09,1305.81
4846,200,9,832.97,7496.73
4846,494,8,145.09,1160.72
4846,34,1,986.28,986.28
4846,213,5,680.7,3403.5
4847,323,7,87.16,610.12
4847,238,7,596.28,4173.96
4847,43,7,136.07,952.49
4847,326,9,988.27,8894.43
4847,308,3,551.84,1655.52
4848,189,6,327.46,1964.76
4849,395,7,575.82,4030.74
4849,261,6,952.32,5713.92
4849,197,10,684.9,6849.0
4850,283,9,815.39,7338.51
4851,302,5,102.21,511.05
4852,458,4,883.95,3535.8
4852,184,1,144.13,144.13
4853,112,8,58.03,464.24
4853,244,7,864.01,6048.07
4854,176,5,576.24,2881.2
4854,107,8,797.03,6376.24
4854,478,4,914.84,3659.36
4855,343,3,611.52,1834.56
4855,48,3,282.89,848.67
4855,20,2,121.09,242.18
4855,419,5,640.84,3204.2000000000003
4856,119,4,536.89,2147.56
4857,347,7,397.83,2784.81
4857,24,1,683.49,683.49
4857,460,5,425.04,2125.2000000000003
4857,451,8,438.82,3510.56
4858,202,4,309.8,1239.2
4858,286,9,979.21,8812.89
4859,169,8,436.67,3493.36
4859,152,9,87.64,788.76
4859,346,6,610.86,3665.16
4860,345,5,877.07,4385.35
4860,265,5,841.49,4207.45
4860,1,3,482.68,1448.04
4860,225,1,786.43,786.43
4861,411,5,314.44,1572.2
4861,8,5,411.36,2056.8
4861,124,2,115.95,231.9
4861,281,1,614.16,614.16
4861,454,3,909.22,2727.66
4862,306,4,826.6,3306.4
4862,174,6,419.67,2518.02
4862,495,2,949.21,1898.42
4862,421,9,665.82,5992.38
4863,189,7,327.46,2292.22
4863,290,5,919.58,4597.900000000001
4863,139,8,237.47,1899.76
4863,441,8,130.24,1041.92
4864,209,2,597.88,1195.76
4864,296,4,381.42,1525.68
4865,207,4,424.12,1696.48
4865,147,1,929.59,929.59
4865,382,3,501.19,1503.57
4865,204,6,83.23,499.38
4865,359,9,293.62,2642.58
4866,256,7,542.01,3794.07
4866,156,6,402.74,2416.44
4866,72,9,307.73,2769.57
4867,229,10,123.93,1239.3000000000002
4867,475,9,361.26,3251.34
4868,397,2,230.95,461.9
4868,401,8,17.89,143.12
4869,245,6,320.27,1921.62
4869,89,10,706.73,7067.3
4869,325,10,17.98,179.8
4870,310,5,895.21,4476.05
4870,281,2,614.16,1228.32
4870,432,3,809.52,2428.56
4870,210,9,118.28,1064.52
4870,48,7,282.89,1980.23
4871,120,2,26.56,53.12
4871,484,7,605.65,4239.55
4871,354,8,371.76,2974.08
4871,204,6,83.23,499.38
4871,466,10,35.8,358.0
4872,141,4,56.1,224.4
4872,86,2,219.69,439.38
4872,236,10,437.81,4378.1
4872,257,4,931.39,3725.56
4872,145,5,961.85,4809.25
4873,40,9,875.81,7882.289999999999
4874,139,4,237.47,949.88
4875,189,7,327.46,2292.22
4875,281,4,614.16,2456.64
4875,298,5,408.82,2044.1
4876,88,3,915.3,2745.9
4876,329,5,112.17,560.85
4876,276,3,753.83,2261.49
4876,432,2,809.52,1619.04
4876,119,10,536.89,5368.9
4877,183,4,620.5,2482.0
4877,184,1,144.13,144.13
4877,17,10,683.54,6835.4
4877,17,2,683.54,1367.08
4878,219,6,774.62,4647.72
4878,113,3,146.12,438.36
4878,272,8,825.05,6600.4
4878,221,4,487.94,1951.76
4878,2,5,16.76,83.80000000000001
4879,402,7,568.17,3977.19
4879,404,2,595.77,1191.54
4879,446,4,997.19,3988.76
4880,325,6,17.98,107.88
4880,4,6,308.93,1853.58
4880,371,4,64.48,257.92
4881,93,4,517.69,2070.76
4881,250,1,594.27,594.27
4881,416,4,418.93,1675.72
4882,54,1,252.29,252.29
4882,271,8,123.06,984.48
4882,86,8,219.69,1757.52
4883,343,1,611.52,611.52
4884,418,6,584.96,3509.76
4884,192,10,298.53,2985.3
4884,301,9,586.14,5275.26
4884,321,5,434.94,2174.7
4885,83,8,727.06,5816.48
4885,470,7,974.24,6819.68
4885,29,7,676.04,4732.28
4886,414,6,714.54,4287.24
4886,262,5,203.18,1015.9
4886,439,2,560.39,1120.78
4887,389,10,55.52,555.2
4887,322,10,104.23,1042.3
4888,189,10,327.46,3274.6
4888,126,10,531.19,5311.900000000001
4888,11,5,373.87,1869.35
4888,116,6,69.85,419.1
4889,429,5,129.53,647.65
4889,309,2,853.9,1707.8
4889,256,10,542.01,5420.1
4889,266,2,91.84,183.68
4890,191,7,964.93,6754.509999999999
4891,461,2,256.66,513.32
4891,190,1,208.84,208.84
4891,174,1,419.67,419.67
4891,370,9,124.83,1123.47
4891,467,3,39.01,117.03
4892,32,3,54.84,164.52
4892,204,2,83.23,166.46
4892,254,7,600.46,4203.22
4893,292,9,257.18,2314.62
4893,294,3,398.77,1196.31
4893,194,3,332.63,997.89
4893,430,2,457.4,914.8
4894,324,7,524.25,3669.75
4894,130,3,306.97,920.91
4894,128,7,379.32,2655.24
4895,187,3,341.39,1024.17
4895,115,1,226.53,226.53
4895,315,9,883.33,7949.97
4895,109,4,917.73,3670.92
4896,162,10,800.07,8000.700000000001
4896,240,2,754.8,1509.6
4896,265,1,841.49,841.49
4896,152,1,87.64,87.64
4897,346,3,610.86,1832.58
4897,111,6,840.68,5044.08
4898,215,9,20.44,183.96
4898,182,8,723.69,5789.52
4899,139,3,237.47,712.41
4899,238,3,596.28,1788.84
4900,155,5,771.32,3856.6
4900,159,9,941.73,8475.57
4900,393,6,328.58,1971.48
4900,490,10,848.02,8480.2
4901,44,5,758.62,3793.1
4901,210,4,118.28,473.12
4902,367,3,684.25,2052.75
4903,235,5,192.61,963.05
4904,118,6,662.69,3976.14
4905,312,3,26.12,78.36
4906,329,1,112.17,112.17
4906,305,7,403.74,2826.1800000000003
4906,334,1,357.68,357.68
4906,113,5,146.12,730.6
4907,438,3,40.77,122.31
4907,130,5,306.97,1534.85
4908,474,5,579.94,2899.7000000000003
4908,235,8,192.61,1540.88
4908,396,5,676.59,3382.9500000000003
4909,380,6,528.62,3171.7200000000003
4909,22,1,541.29,541.29
4909,346,10,610.86,6108.6
4909,92,1,365.67,365.67
4909,444,5,93.2,466.0
4910,127,10,274.65,2746.5
4910,463,9,365.52,3289.68
4910,157,6,39.33,235.98
4910,228,7,76.5,535.5
4910,320,7,312.45,2187.15
4911,465,1,328.39,328.39
4911,437,2,305.85,611.7
4912,178,7,308.12,2156.84
4912,249,3,802.61,2407.83
4912,192,4,298.53,1194.12
4913,122,9,507.19,4564.71
4913,63,9,70.35,633.15
4913,471,9,660.3,5942.7
4913,426,8,944.12,7552.96
4914,420,10,595.98,5959.8
4914,289,10,144.23,1442.3
4914,127,4,274.65,1098.6
4914,364,2,921.72,1843.44
4915,69,7,422.16,2955.1200000000003
4916,309,10,853.9,8539.0
4916,356,1,26.52,26.52
4917,369,9,67.33,605.97
4917,377,7,752.28,5265.96
4918,244,10,864.01,8640.1
4918,184,5,144.13,720.65
4918,438,8,40.77,326.16
4918,249,2,802.61,1605.22
4919,41,4,861.68,3446.72
4920,119,6,536.89,3221.34
4920,221,2,487.94,975.88
4921,428,6,455.07,2730.42
4921,397,4,230.95,923.8
4921,103,9,658.06,5922.539999999999
4921,162,3,800.07,2400.21
4921,298,10,408.82,4088.2
4922,255,10,428.81,4288.1
4923,478,8,914.84,7318.72
4923,234,10,239.54,2395.4
4923,154,1,840.29,840.29
4924,108,8,723.11,5784.88
4924,11,3,373.87,1121.61
4924,77,9,650.24,5852.16
4925,39,2,381.89,763.78
4925,86,7,219.69,1537.83
4925,488,8,68.96,551.68
4926,378,10,735.61,7356.1
4927,37,3,964.14,2892.42
4927,110,7,957.66,6703.62
4928,187,5,341.39,1706.9499999999998
4928,413,9,961.57,8654.130000000001
4928,136,9,648.46,5836.14
4928,214,7,966.06,6762.42
4928,4,9,308.93,2780.37
4929,404,3,595.77,1787.31
4929,29,10,676.04,6760.4
4929,472,3,818.12,2454.36
4929,366,6,637.95,3827.7
4930,388,3,860.1,2580.3
4930,477,3,808.15,2424.45
4930,284,9,574.37,5169.33
4930,369,3,67.33,201.99
4930,201,9,676.25,6086.25
4931,163,4,91.22,364.88
4931,143,3,567.87,1703.61
4931,399,4,867.37,3469.48
4931,266,6,91.84,551.04
4931,267,4,299.17,1196.68
4932,135,9,179.67,1617.03
4932,192,6,298.53,1791.1799999999998
4932,353,7,862.21,6035.47
4932,128,9,379.32,3413.88
4932,153,5,63.16,315.79999999999995
4933,109,7,917.73,6424.110000000001
4933,189,8,327.46,2619.68
4933,440,9,103.78,934.02
4933,44,1,758.62,758.62
4934,337,6,95.82,574.92
4934,44,9,758.62,6827.58
4934,28,4,568.27,2273.08
4935,39,10,381.89,3818.9
4935,154,6,840.29,5041.74
4935,257,10,931.39,9313.9
4936,229,2,123.93,247.86
4936,378,4,735.61,2942.44
4937,390,2,921.02,1842.04
4937,230,8,651.49,5211.92
4938,266,10,91.84,918.4
4938,95,3,764.01,2292.03
4938,32,9,54.84,493.56000000000006
4939,302,5,102.21,511.05
4939,419,9,640.84,5767.56
4939,197,8,684.9,5479.2
4939,117,5,934.56,4672.799999999999
4940,93,5,517.69,2588.4500000000003
4941,199,7,217.55,1522.85
4941,184,8,144.13,1153.04
4942,134,10,65.55,655.5
4943,150,5,390.01,1950.05
4943,194,6,332.63,1995.78
4943,246,4,398.62,1594.48
4943,325,5,17.98,89.9
4944,242,6,195.09,1170.54
4944,205,2,586.42,1172.84
4944,131,6,657.2,3943.2
4945,154,2,840.29,1680.58
4945,284,10,574.37,5743.7
4945,252,7,125.78,880.46
4946,415,7,922.06,6454.42
4946,281,4,614.16,2456.64
4946,402,1,568.17,568.17
4946,90,1,556.56,556.56
4946,34,10,986.28,9862.8
4947,26,3,451.03,1353.09
4947,131,1,657.2,657.2
4947,290,2,919.58,1839.16
4947,16,7,827.35,5791.45
4947,140,4,888.68,3554.72
4948,14,10,421.69,4216.9
4948,114,8,77.29,618.32
4948,435,3,100.3,300.9
4949,157,3,39.33,117.99
4949,334,9,357.68,3219.12
4950,50,5,425.05,2125.25
4950,214,10,966.06,9660.6
4951,7,7,127.04,889.2800000000001
4951,59,9,325.71,2931.39
4951,482,1,546.7,546.7
4951,334,10,357.68,3576.8
4952,82,7,196.28,1373.96
4952,237,1,617.97,617.97
4952,30,2,31.55,63.1
4953,9,5,772.14,3860.7
4954,413,5,961.57,4807.85
4954,171,9,98.72,888.48
4955,22,4,541.29,2165.16
4955,17,8,683.54,5468.32
4955,36,4,768.17,3072.68
4956,421,7,665.82,4660.740000000001
4956,412,8,983.28,7866.24
4956,74,2,566.76,1133.52
4956,317,6,102.41,614.46
4957,496,7,961.06,6727.42
4957,304,1,851.61,851.61
4957,114,6,77.29,463.74
4958,223,7,833.0,5831.0
4958,195,1,371.37,371.37
4959,397,5,230.95,1154.75
4959,16,7,827.35,5791.45
4959,16,3,827.35,2482.05
4959,42,8,992.92,7943.36
4960,22,4,541.29,2165.16
4960,467,7,39.01,273.07
4960,157,5,39.33,196.65
4961,18,2,530.25,1060.5
4962,164,9,714.56,6431.039999999999
4962,195,6,371.37,2228.2200000000003
4963,57,9,148.73,1338.57
4963,55,6,444.57,2667.42
4964,394,6,326.74,1960.44
4965,292,9,257.18,2314.62
4965,204,4,83.23,332.92
4966,118,8,662.69,5301.52
4966,269,6,569.99,3419.94
4966,413,6,961.57,5769.42
4966,303,9,638.49,5746.41
4967,236,7,437.81,3064.67
4967,151,3,792.59,2377.77
4968,317,10,102.41,1024.1
4968,170,6,517.32,3103.92
4969,293,5,830.2,4151.0
4969,25,5,493.94,2469.7
4969,296,7,381.42,2669.94
4969,146,1,754.73,754.73
4969,288,8,985.63,7885.04
4970,3,8,452.27,3618.16
4971,108,10,723.11,7231.1
4971,377,2,752.28,1504.56
4971,330,10,145.76,1457.6
4971,452,9,501.17,4510.53
4971,437,2,305.85,611.7
4972,129,6,569.35,3416.1000000000004
4972,460,2,425.04,850.08
4972,344,3,36.56,109.68
4973,3,5,452.27,2261.35
4973,182,2,723.69,1447.38
4973,254,5,600.46,3002.3
4974,397,4,230.95,923.8
4974,389,2,55.52,111.04
4974,425,7,458.23,3207.61
4975,344,3,36.56,109.68
4975,451,9,438.82,3949.38
4975,5,4,21.32,85.28
4975,240,9,754.8,6793.2
4975,76,6,250.43,1502.58
4976,298,5,408.82,2044.1
4976,489,8,707.65,5661.2
4976,378,8,735.61,5884.88
4976,109,7,917.73,6424.110000000001
4977,93,10,517.69,5176.900000000001
4977,17,1,683.54,683.54
4977,456,8,617.97,4943.76
4978,58,5,817.63,4088.15
4978,428,10,455.07,4550.7
4978,244,5,864.01,4320.05
4979,492,5,942.5,4712.5
4979,249,4,802.61,3210.44
4980,155,8,771.32,6170.56
4980,500,2,593.06,1186.12
4980,404,6,595.77,3574.62
4980,137,7,977.56,6842.92
4981,449,1,131.3,131.3
4981,124,10,115.95,1159.5
4982,348,8,785.96,6287.68
4983,179,5,72.63,363.15
4983,80,2,275.78,551.56
4984,279,10,217.78,2177.8
4984,438,8,40.77,326.16
4984,310,8,895.21,7161.68
4985,492,2,942.5,1885.0
4986,262,8,203.18,1625.44
4986,449,8,131.3,1050.4
4986,186,4,806.04,3224.16
4987,425,4,458.23,1832.92
4987,459,2,96.84,193.68
4987,261,5,952.32,4761.6
4988,328,3,389.24,1167.72
4988,114,3,77.29,231.87
4988,353,6,862.21,5173.26
4988,314,6,210.3,1261.8000000000002
4989,200,7,832.97,5830.79
4989,106,5,495.69,2478.45
4989,306,2,826.6,1653.2
4990,166,8,115.49,923.92
4990,10,5,642.32,3211.6000000000004
4990,420,2,595.98,1191.96
4991,421,6,665.82,3994.92
4991,162,8,800.07,6400.56
4991,145,4,961.85,3847.4
4992,251,3,320.05,960.15
4992,56,4,756.84,3027.36
4992,228,3,76.5,229.5
4993,397,6,230.95,1385.6999999999998
4993,495,9,949.21,8542.89
4993,265,1,841.49,841.49
4994,168,6,111.21,667.26
4994,383,8,64.88,519.04
4994,417,10,463.87,4638.7
4994,254,5,600.46,3002.3
4994,87,8,126.14,1009.12
4995,221,7,487.94,3415.58
4996,232,9,520.83,4687.47
4996,391,5,557.34,2786.7000000000003
4997,89,4,706.73,2826.92
4998,461,4,256.66,1026.64
4998,181,5,367.51,1837.55
4999,434,1,837.57,837.57
4999,201,8,676.25,5410.0
4999,459,2,96.84,193.68
5000,288,8,985.63,7885.04
5000,85,2,310.16,620.32
5000,331,5,645.16,3225.8
5000,109,8,917.73,7341.84
5000,324,10,524.25,5242.5
